datetime,open,high,low,close,volume
2025-01-01 09:00:00+05:30,61993.8,62003.5,61986.0,61999.8,287
2025-01-01 09:05:00+05:30,61997.9,62001.3,61994.2,61997.7,537
2025-01-01 09:10:00+05:30,62004.5,62011.7,62003.0,62008.2,328
2025-01-01 09:15:00+05:30,62007.9,62010.7,62001.6,62006.5,425
2025-01-01 09:20:00+05:30,62004.3,62010.1,62002.7,62008.6,495
2025-01-01 09:25:00+05:30,62006.2,62009.4,61999.6,62002.1,579
2025-01-01 09:30:00+05:30,61997.0,61999.6,61987.5,61990.4,509
2025-01-01 09:35:00+05:30,61991.8,61993.6,61988.3,61992.8,470
2025-01-01 09:40:00+05:30,61993.2,61998.0,61987.3,61995.5,405
2025-01-01 09:45:00+05:30,61991.6,61997.6,61986.0,61989.4,560
2025-01-01 09:50:00+05:30,61987.4,61991.1,61984.6,61988.7,539
2025-01-01 09:55:00+05:30,61986.0,61993.6,61980.9,61992.8,308
2025-01-01 10:00:00+05:30,61995.8,61999.7,61994.1,61996.9,463
2025-01-01 10:05:00+05:30,61995.1,62001.4,61993.6,61998.7,398
2025-01-01 10:10:00+05:30,62001.7,62001.7,61996.0,61997.9,497
2025-01-01 10:15:00+05:30,61997.3,61997.6,61987.2,61993.9,270
2025-01-01 10:20:00+05:30,61987.9,61994.8,61986.4,61991.1,599
2025-01-01 10:25:00+05:30,61995.6,61996.4,61984.3,61988.1,403
2025-01-01 10:30:00+05:30,61977.7,61982.2,61975.4,61981.2,270
2025-01-01 10:35:00+05:30,61978.0,61980.0,61971.6,61979.9,415
2025-01-01 10:40:00+05:30,61981.0,61988.2,61977.6,61982.7,486
2025-01-01 10:45:00+05:30,61975.6,61979.3,61968.9,61970.5,278
2025-01-01 10:50:00+05:30,61969.2,61973.2,61956.1,61957.4,544
2025-01-01 10:55:00+05:30,61974.9,61982.1,61966.3,61978.2,476
2025-01-01 11:00:00+05:30,61975.7,61976.3,61966.5,61970.8,462
2025-01-01 11:05:00+05:30,61964.6,61966.5,61951.0,61951.2,656
2025-01-01 11:10:00+05:30,61957.1,61961.8,61949.2,61953.1,356
2025-01-01 11:15:00+05:30,61948.2,61958.5,61944.4,61954.9,490
2025-01-01 11:20:00+05:30,61954.6,61956.4,61947.6,61949.4,296
2025-01-01 11:25:00+05:30,61950.4,61963.7,61949.9,61963.0,478
2025-01-01 11:30:00+05:30,61964.4,61968.8,61959.4,61961.1,628
2025-01-01 11:35:00+05:30,61953.7,61960.3,61935.9,61942.8,422
2025-01-01 11:40:00+05:30,61951.6,61955.1,61940.1,61942.7,396
2025-01-01 11:45:00+05:30,61941.7,61950.0,61941.4,61944.4,521
2025-01-01 11:50:00+05:30,61944.1,61949.0,61933.9,61937.4,403
2025-01-01 11:55:00+05:30,61929.4,61931.6,61928.1,61929.7,564
2025-01-01 12:00:00+05:30,61937.7,61940.5,61935.6,61936.5,473
2025-01-01 12:05:00+05:30,61929.9,61931.6,61919.9,61930.7,669
2025-01-01 12:10:00+05:30,61928.9,61931.3,61916.0,61917.2,588
2025-01-01 12:15:00+05:30,61913.3,61914.0,61891.9,61896.1,380
2025-01-01 12:20:00+05:30,61902.9,61909.9,61896.3,61902.1,699
2025-01-01 12:25:00+05:30,61895.5,61921.9,61890.9,61910.2,399
2025-01-01 12:30:00+05:30,61920.6,61921.6,61909.6,61912.7,496
2025-01-01 12:35:00+05:30,61911.9,61912.9,61899.9,61900.9,471
2025-01-01 12:40:00+05:30,61903.7,61912.5,61902.3,61911.8,450
2025-01-01 12:45:00+05:30,61907.5,61910.4,61899.1,61910.1,632
2025-01-01 12:50:00+05:30,61905.5,61910.2,61895.5,61896.6,501
2025-01-01 12:55:00+05:30,61902.1,61910.2,61900.3,61905.8,475
2025-01-01 13:00:00+05:30,61904.0,61905.0,61902.6,61903.2,620
2025-01-01 13:05:00+05:30,61901.8,61904.4,61900.3,61903.2,233
2025-01-01 13:10:00+05:30,61913.5,61917.0,61900.0,61901.3,436
2025-01-01 13:15:00+05:30,61899.3,61912.0,61892.3,61909.7,585
2025-01-01 13:20:00+05:30,61920.1,61927.0,61918.9,61923.6,451
2025-01-01 13:25:00+05:30,61929.6,61932.7,61919.4,61920.2,584
2025-01-01 13:30:00+05:30,61931.1,61943.2,61930.8,61936.9,303
2025-01-01 13:35:00+05:30,61946.0,61953.9,61941.9,61951.1,447
2025-01-01 13:40:00+05:30,61947.1,61954.2,61944.6,61949.6,169
2025-01-01 13:45:00+05:30,61950.0,61959.8,61941.7,61953.3,373
2025-01-01 13:50:00+05:30,61943.8,61957.1,61940.4,61955.6,375
2025-01-01 13:55:00+05:30,61962.0,61964.8,61961.0,61963.9,340
2025-01-01 14:00:00+05:30,61963.0,61970.0,61958.7,61966.1,428
2025-01-01 14:05:00+05:30,61961.6,61962.4,61951.6,61955.0,445
2025-01-01 14:10:00+05:30,61960.2,61969.1,61950.8,61966.9,419
2025-01-01 14:15:00+05:30,61976.5,61976.9,61967.6,61972.8,251
2025-01-01 14:20:00+05:30,61963.2,61965.0,61954.8,61956.9,477
2025-01-01 14:25:00+05:30,61943.0,61945.4,61941.2,61943.5,528
2025-01-01 14:30:00+05:30,61939.5,61943.6,61938.6,61940.6,507
2025-01-01 14:35:00+05:30,61939.5,61944.4,61937.9,61941.1,506
2025-01-01 14:40:00+05:30,61940.4,61955.0,61935.2,61947.0,266
2025-01-01 14:45:00+05:30,61943.0,61950.1,61942.2,61948.9,574
2025-01-01 14:50:00+05:30,61948.5,61959.7,61945.2,61959.4,372
2025-01-01 14:55:00+05:30,61954.0,61957.2,61944.3,61951.2,278
2025-01-01 15:00:00+05:30,61944.9,61949.2,61937.6,61948.7,555
2025-01-01 15:05:00+05:30,61945.5,61948.1,61935.3,61937.0,421
2025-01-01 15:10:00+05:30,61939.1,61951.1,61933.2,61949.7,572
2025-01-01 15:15:00+05:30,61956.4,61960.0,61955.0,61959.5,678
2025-01-01 15:20:00+05:30,61959.9,61965.5,61956.5,61961.2,483
2025-01-01 15:25:00+05:30,61963.0,61969.4,61948.1,61956.4,309
2025-01-01 15:30:00+05:30,61954.6,61974.5,61950.8,61970.1,485
2025-01-01 15:35:00+05:30,61968.4,61972.4,61967.0,61969.9,571
2025-01-01 15:40:00+05:30,61969.9,61991.6,61964.2,61990.7,454
2025-01-01 15:45:00+05:30,61990.4,61993.5,61987.3,61989.0,341
2025-01-01 15:50:00+05:30,61992.7,62002.3,61991.2,61998.0,409
2025-01-01 15:55:00+05:30,61996.1,62011.0,61994.8,62003.6,205
2025-01-01 16:00:00+05:30,62011.8,62021.9,62005.8,62019.0,88
2025-01-01 16:05:00+05:30,62033.5,62039.2,62031.6,62037.0,256
2025-01-01 16:10:00+05:30,62037.6,62040.7,62035.5,62036.9,524
2025-01-01 16:15:00+05:30,62042.3,62059.2,62038.7,62055.3,604
2025-01-01 16:20:00+05:30,62063.7,62069.5,62059.7,62060.2,474
2025-01-01 16:25:00+05:30,62058.0,62059.8,62048.7,62050.5,256
2025-01-01 16:30:00+05:30,62047.3,62066.0,62044.1,62056.4,241
2025-01-01 16:35:00+05:30,62057.9,62058.9,62055.9,62056.5,468
2025-01-01 16:40:00+05:30,62060.7,62067.6,62058.5,62066.0,479
2025-01-01 16:45:00+05:30,62065.5,62068.5,62058.9,62063.1,294
2025-01-01 16:50:00+05:30,62060.0,62060.3,62051.5,62052.9,450
2025-01-01 16:55:00+05:30,62058.3,62064.8,62055.6,62064.2,509
2025-01-01 17:00:00+05:30,62055.5,62056.5,62051.3,62054.9,466
2025-01-02 09:00:00+05:30,62063.0,62074.0,62061.5,62072.9,496
2025-01-02 09:05:00+05:30,62071.2,62074.0,62054.6,62062.6,644
2025-01-02 09:10:00+05:30,62064.0,62081.8,62063.0,62076.9,1004
2025-01-02 09:15:00+05:30,62074.4,62079.5,62059.5,62061.1,723
2025-01-02 09:20:00+05:30,62062.6,62064.7,62046.1,62048.4,938
2025-01-02 09:25:00+05:30,62044.6,62052.0,62042.8,62048.9,583
2025-01-02 09:30:00+05:30,62042.7,62050.3,62040.9,62044.6,689
2025-01-02 09:35:00+05:30,62048.9,62067.8,62047.6,62066.2,2031
2025-01-02 09:40:00+05:30,62074.4,62084.0,62059.6,62066.1,1091
2025-01-02 09:45:00+05:30,62054.5,62055.6,62051.2,62052.0,652
2025-01-02 09:50:00+05:30,62055.1,62057.9,62034.9,62043.2,806
2025-01-02 09:55:00+05:30,62042.3,62054.2,62041.7,62047.2,739
2025-01-02 10:00:00+05:30,62046.2,62063.9,62043.8,62059.5,824
2025-01-02 10:05:00+05:30,62060.6,62071.6,62053.8,62070.3,783
2025-01-02 10:10:00+05:30,62068.2,62075.1,62061.1,62067.6,843
2025-01-02 10:15:00+05:30,62052.2,62059.6,62049.3,62058.5,627
2025-01-02 10:20:00+05:30,62060.6,62081.3,62059.0,62079.6,765
2025-01-02 10:25:00+05:30,62083.4,62095.5,62081.6,62093.4,728
2025-01-02 10:30:00+05:30,62102.4,62104.1,62097.5,62098.7,756
2025-01-02 10:35:00+05:30,62085.2,62088.3,62069.3,62078.6,670
2025-01-02 10:40:00+05:30,62077.4,62087.3,62073.3,62086.3,779
2025-01-02 10:45:00+05:30,62080.4,62096.0,62076.8,62095.4,1871
2025-01-02 10:50:00+05:30,62086.0,62092.9,62081.9,62091.5,774
2025-01-02 10:55:00+05:30,62077.8,62081.5,62060.0,62065.8,819
2025-01-02 11:00:00+05:30,62059.0,62060.8,62049.8,62050.0,851
2025-01-02 11:05:00+05:30,62051.7,62056.1,62048.5,62053.0,591
2025-01-02 11:10:00+05:30,62059.0,62072.6,62051.5,62068.5,797
2025-01-02 11:15:00+05:30,62079.3,62084.9,62075.7,62083.4,787
2025-01-02 11:20:00+05:30,62077.3,62100.8,62072.8,62093.7,675
2025-01-02 11:25:00+05:30,62097.5,62106.1,62095.0,62101.1,874
2025-01-02 11:30:00+05:30,62103.1,62103.4,62086.6,62088.8,632
2025-01-02 11:35:00+05:30,62099.2,62111.1,62093.8,62110.1,787
2025-01-02 11:40:00+05:30,62103.5,62119.3,62103.4,62118.6,2718
2025-01-02 11:45:00+05:30,62117.4,62118.0,62105.7,62108.7,635
2025-01-02 11:50:00+05:30,62111.1,62111.5,62092.8,62096.8,913
2025-01-02 11:55:00+05:30,62097.0,62101.3,62088.9,62090.2,831
2025-01-02 12:00:00+05:30,62096.8,62111.2,62095.9,62109.3,2593
2025-01-02 12:05:00+05:30,62106.9,62109.9,62102.3,62108.9,728
2025-01-02 12:10:00+05:30,62101.9,62109.3,62084.8,62084.9,789
2025-01-02 12:15:00+05:30,62092.2,62093.8,62064.6,62070.9,650
2025-01-02 12:20:00+05:30,62066.3,62066.6,62042.2,62042.6,3489
2025-01-02 12:25:00+05:30,62044.8,62073.6,62041.9,62070.2,902
2025-01-02 12:30:00+05:30,62067.3,62074.6,62066.1,62074.5,787
2025-01-02 12:35:00+05:30,62077.1,62079.7,62057.6,62061.6,612
2025-01-02 12:40:00+05:30,62062.1,62065.4,62051.2,62056.5,737
2025-01-02 12:45:00+05:30,62056.3,62062.5,62053.4,62058.5,793
2025-01-02 12:50:00+05:30,62046.7,62047.6,62046.2,62046.6,782
2025-01-02 12:55:00+05:30,62052.3,62057.0,62039.1,62043.4,820
2025-01-02 13:00:00+05:30,62040.8,62047.7,62017.5,62020.8,719
2025-01-02 13:05:00+05:30,62021.1,62025.3,62015.9,62018.6,682
2025-01-02 13:10:00+05:30,62009.3,62012.9,62008.8,62012.5,976
2025-01-02 13:15:00+05:30,62024.8,62029.9,62022.7,62023.0,656
2025-01-02 13:20:00+05:30,62025.4,62032.3,62021.5,62029.9,924
2025-01-02 13:25:00+05:30,62024.1,62033.8,62016.6,62028.3,747
2025-01-02 13:30:00+05:30,62029.0,62029.7,62016.9,62024.5,765
2025-01-02 13:35:00+05:30,62023.1,62023.7,62021.3,62023.7,925
2025-01-02 13:40:00+05:30,62025.5,62034.8,62025.2,62030.2,898
2025-01-02 13:45:00+05:30,62031.5,62040.6,62026.7,62038.6,820
2025-01-02 13:50:00+05:30,62040.6,62042.1,62002.6,62017.2,579
2025-01-02 13:55:00+05:30,62020.0,62022.9,62005.3,62010.7,727
2025-01-02 14:00:00+05:30,62010.7,62020.5,62010.2,62014.0,665
2025-01-02 14:05:00+05:30,62013.8,62014.8,61999.9,62002.9,896
2025-01-02 14:10:00+05:30,62001.2,62002.1,61997.8,62000.3,666
2025-01-02 14:15:00+05:30,62006.9,62012.6,62001.9,62003.6,841
2025-01-02 14:20:00+05:30,62005.0,62012.4,62002.5,62010.9,617
2025-01-02 14:25:00+05:30,62009.1,62012.6,61999.3,62005.2,1001
2025-01-02 14:30:00+05:30,62004.6,62010.5,62004.1,62007.4,801
2025-01-02 14:35:00+05:30,62007.0,62008.7,61998.7,62001.2,786
2025-01-02 14:40:00+05:30,62005.2,62008.2,62000.7,62002.2,637
2025-01-02 14:45:00+05:30,61999.2,62003.4,61981.9,61986.0,792
2025-01-02 14:50:00+05:30,61984.0,61990.3,61982.7,61988.9,835
2025-01-02 14:55:00+05:30,61976.3,61985.0,61973.2,61973.3,785
2025-01-02 15:00:00+05:30,61980.5,61984.1,61978.5,61982.1,722
2025-01-02 15:05:00+05:30,61988.0,61991.2,61980.8,61983.6,671
2025-01-02 15:10:00+05:30,61987.7,61991.6,61984.3,61988.6,721
2025-01-02 15:15:00+05:30,61982.8,61991.3,61982.0,61986.3,799
2025-01-02 15:20:00+05:30,61978.1,61990.4,61976.4,61989.8,800
2025-01-02 15:25:00+05:30,61988.9,62011.4,61988.3,62011.1,1772
2025-01-02 15:30:00+05:30,62004.5,62010.8,61999.0,62002.6,813
2025-01-02 15:35:00+05:30,62019.5,62025.2,62013.8,62014.8,767
2025-01-02 15:40:00+05:30,62015.2,62017.7,62009.6,62016.0,600
2025-01-02 15:45:00+05:30,62014.4,62014.4,62006.4,62009.6,807
2025-01-02 15:50:00+05:30,62017.0,62031.6,62013.1,62029.6,935
2025-01-02 15:55:00+05:30,62033.3,62040.1,62028.9,62038.1,870
2025-01-02 16:00:00+05:30,62033.3,62047.1,62027.4,62043.7,753
2025-01-02 16:05:00+05:30,62042.3,62043.4,62037.8,62043.1,742
2025-01-02 16:10:00+05:30,62037.2,62040.8,62034.2,62040.8,757
2025-01-02 16:15:00+05:30,62039.2,62053.7,62038.2,62053.3,534
2025-01-02 16:20:00+05:30,62051.7,62057.3,62045.6,62046.3,940
2025-01-02 16:25:00+05:30,62046.5,62046.5,62038.9,62045.8,507
2025-01-02 16:30:00+05:30,62042.5,62045.4,62040.6,62042.6,739
2025-01-02 16:35:00+05:30,62048.8,62054.1,62047.7,62050.3,718
2025-01-02 16:40:00+05:30,62050.9,62056.8,62041.1,62051.0,615
2025-01-02 16:45:00+05:30,62048.8,62054.8,62042.8,62046.7,682
2025-01-02 16:50:00+05:30,62057.6,62059.0,62049.7,62054.3,557
2025-01-02 16:55:00+05:30,62048.3,62054.7,62044.5,62047.6,803
2025-01-02 17:00:00+05:30,62050.1,62053.5,62036.3,62039.5,861
2025-01-03 09:00:00+05:30,62037.6,62043.0,62037.1,62040.6,587
2025-01-03 09:05:00+05:30,62039.0,62052.8,62031.2,62045.0,256
2025-01-03 09:10:00+05:30,62053.9,62059.2,62043.5,62045.5,454
2025-01-03 09:15:00+05:30,62041.6,62044.4,62032.6,62036.2,677
2025-01-03 09:20:00+05:30,62041.5,62042.2,62034.7,62037.6,85
2025-01-03 09:25:00+05:30,62026.7,62031.5,62003.4,62008.7,398
2025-01-03 09:30:00+05:30,62011.2,62021.0,62009.1,62017.4,491
2025-01-03 09:35:00+05:30,62020.8,62027.5,62016.3,62025.3,261
2025-01-03 09:40:00+05:30,62011.6,62013.6,62008.4,62012.3,407
2025-01-03 09:45:00+05:30,62016.0,62033.5,62012.0,62028.4,606
2025-01-03 09:50:00+05:30,62034.7,62036.9,62027.5,62035.2,383
2025-01-03 09:55:00+05:30,62041.0,62056.4,62039.8,62053.2,316
2025-01-03 10:00:00+05:30,62057.8,62064.8,62055.6,62057.5,523
2025-01-03 10:05:00+05:30,62062.3,62062.5,62058.3,62058.7,303
2025-01-03 10:10:00+05:30,62062.6,62073.5,62056.8,62067.4,359
2025-01-03 10:15:00+05:30,62063.6,62070.9,62063.4,62068.6,1392
2025-01-03 10:20:00+05:30,62070.1,62070.2,62051.4,62059.4,502
2025-01-03 10:25:00+05:30,62056.8,62065.3,62052.6,62053.7,505
2025-01-03 10:30:00+05:30,62049.7,62053.5,62040.2,62040.4,153
2025-01-03 10:35:00+05:30,62045.0,62054.9,62039.0,62042.9,551
2025-01-03 10:40:00+05:30,62040.9,62044.1,62028.7,62031.4,452
2025-01-03 10:45:00+05:30,62042.4,62043.9,62034.9,62040.8,546
2025-01-03 10:50:00+05:30,62037.4,62043.7,62036.4,62037.3,520
2025-01-03 10:55:00+05:30,62027.7,62030.7,62019.2,62026.7,275
2025-01-03 11:00:00+05:30,62028.4,62039.1,62026.5,62031.7,482
2025-01-03 11:05:00+05:30,62030.4,62032.1,62022.2,62024.0,340
2025-01-03 11:10:00+05:30,62037.9,62043.4,62034.2,62040.5,390
2025-01-03 11:15:00+05:30,62043.8,62045.3,62025.9,62033.5,459
2025-01-03 11:20:00+05:30,62030.5,62031.5,62025.7,62027.2,513
2025-01-03 11:25:00+05:30,62032.4,62033.9,62024.8,62029.3,563
2025-01-03 11:30:00+05:30,62035.1,62038.4,62021.3,62023.0,211
2025-01-03 11:35:00+05:30,62025.1,62030.3,62024.0,62029.6,580
2025-01-03 11:40:00+05:30,62012.4,62013.0,62002.8,62009.9,415
2025-01-03 11:45:00+05:30,62003.3,62009.7,62000.6,62006.0,581
2025-01-03 11:50:00+05:30,62008.8,62016.2,61991.4,61993.8,382
2025-01-03 11:55:00+05:30,61985.4,61996.1,61984.6,61994.8,345
2025-01-03 12:00:00+05:30,61999.0,62003.6,61999.0,62001.0,465
2025-01-03 12:05:00+05:30,62014.4,62019.5,61996.4,62001.9,301
2025-01-03 12:10:00+05:30,62007.9,62015.7,62007.0,62015.6,378
2025-01-03 12:15:00+05:30,62024.0,62029.1,62020.7,62025.5,514
2025-01-03 12:20:00+05:30,62030.0,62033.7,62024.3,62027.8,207
2025-01-03 12:25:00+05:30,62027.3,62039.1,62018.8,62023.8,538
2025-01-03 12:30:00+05:30,62025.9,62031.7,62014.2,62014.8,438
2025-01-03 12:35:00+05:30,62023.9,62026.3,62020.1,62021.4,465
2025-01-03 12:40:00+05:30,62019.1,62031.3,62009.9,62030.8,414
2025-01-03 12:45:00+05:30,62033.0,62043.6,62029.5,62040.7,459
2025-01-03 12:50:00+05:30,62040.9,62046.3,62024.9,62030.6,191
2025-01-03 12:55:00+05:30,62037.4,62046.4,62036.5,62037.3,384
2025-01-03 13:00:00+05:30,62028.5,62035.3,62023.6,62025.4,471
2025-01-03 13:05:00+05:30,62027.4,62036.8,62023.9,62033.6,239
2025-01-03 13:10:00+05:30,62034.7,62034.7,62027.2,62029.7,275
2025-01-03 13:15:00+05:30,62023.1,62030.3,62020.3,62025.7,262
2025-01-03 13:20:00+05:30,62021.9,62033.9,62021.1,62032.5,463
2025-01-03 13:25:00+05:30,62032.3,62048.8,62032.0,62048.3,469
2025-01-03 13:30:00+05:30,62036.3,62037.1,62020.0,62022.8,561
2025-01-03 13:35:00+05:30,62011.2,62022.2,62000.1,62001.1,381
2025-01-03 13:40:00+05:30,62007.5,62017.8,61999.0,62017.1,478
2025-01-03 13:45:00+05:30,62019.0,62031.5,62010.9,62026.8,288
2025-01-03 13:50:00+05:30,62016.7,62022.8,62008.2,62009.3,504
2025-01-03 13:55:00+05:30,62008.6,62020.5,62001.5,62019.6,307
2025-01-03 14:00:00+05:30,62021.9,62024.8,62007.1,62009.4,360
2025-01-03 14:05:00+05:30,62005.6,62008.7,61996.6,61999.8,386
2025-01-03 14:10:00+05:30,62000.6,62005.2,61990.3,61994.1,327
2025-01-03 14:15:00+05:30,61995.1,62007.3,61995.0,62000.9,377
2025-01-03 14:20:00+05:30,62000.8,62005.9,61989.1,61989.2,527
2025-01-03 14:25:00+05:30,61991.3,62001.4,61989.1,62000.8,319
2025-01-03 14:30:00+05:30,61991.1,61994.8,61968.4,61972.3,349
2025-01-03 14:35:00+05:30,61963.9,61966.8,61960.9,61962.5,458
2025-01-03 14:40:00+05:30,61963.9,61980.8,61963.7,61976.5,539
2025-01-03 14:45:00+05:30,61968.0,61973.4,61963.5,61965.5,427
2025-01-03 14:50:00+05:30,61963.2,61966.5,61963.0,61965.5,413
2025-01-03 14:55:00+05:30,61968.7,61999.1,61967.4,61992.0,312
2025-01-03 15:00:00+05:30,61992.3,62003.1,61991.5,61998.4,539
2025-01-03 15:05:00+05:30,62007.9,62015.2,62003.0,62010.9,304
2025-01-03 15:10:00+05:30,62010.8,62017.4,62003.7,62013.1,520
2025-01-03 15:15:00+05:30,62011.9,62013.9,61990.4,62000.1,481
2025-01-03 15:20:00+05:30,62000.4,62005.1,61998.7,61999.4,320
2025-01-03 15:25:00+05:30,62007.1,62012.9,62006.1,62011.4,215
2025-01-03 15:30:00+05:30,62000.8,62007.3,61991.3,62006.8,271
2025-01-03 15:35:00+05:30,62017.6,62029.9,62016.7,62027.2,404
2025-01-03 15:40:00+05:30,62023.0,62029.4,62021.7,62022.2,458
2025-01-03 15:45:00+05:30,62012.6,62021.9,62009.7,62020.5,370
2025-01-03 15:50:00+05:30,62014.3,62019.2,62007.5,62010.0,480
2025-01-03 15:55:00+05:30,62011.5,62015.0,62008.2,62010.4,215
2025-01-03 16:00:00+05:30,62007.2,62008.8,61995.3,61997.2,688
2025-01-03 16:05:00+05:30,61998.4,62000.4,61988.8,61989.4,124
2025-01-03 16:10:00+05:30,62000.8,62001.8,61993.1,61997.2,384
2025-01-03 16:15:00+05:30,61983.5,61989.1,61979.5,61988.6,419
2025-01-03 16:20:00+05:30,61985.5,61995.7,61981.3,61990.3,236
2025-01-03 16:25:00+05:30,62001.9,62011.3,61998.1,62010.9,340
2025-01-03 16:30:00+05:30,62011.1,62011.2,62009.5,62010.4,230
2025-01-03 16:35:00+05:30,62015.9,62016.6,62001.6,62004.9,417
2025-01-03 16:40:00+05:30,62013.8,62023.1,62011.1,62017.8,311
2025-01-03 16:45:00+05:30,62019.7,62023.3,62012.7,62015.8,329
2025-01-03 16:50:00+05:30,62012.4,62023.7,62005.6,62021.2,676
2025-01-03 16:55:00+05:30,62021.6,62024.7,62009.7,62012.2,277
2025-01-03 17:00:00+05:30,62011.3,62014.7,61997.9,62001.6,741
2025-01-06 09:00:00+05:30,61999.7,62000.0,61990.9,61996.1,710
2025-01-06 09:05:00+05:30,61997.9,61998.7,61982.6,61987.1,681
2025-01-06 09:10:00+05:30,61987.7,61991.6,61965.5,61968.2,651
2025-01-06 09:15:00+05:30,61958.7,61965.1,61952.0,61961.1,505
2025-01-06 09:20:00+05:30,61959.3,61960.6,61943.1,61944.4,488
2025-01-06 09:25:00+05:30,61941.8,61943.6,61940.3,61941.5,456
2025-01-06 09:30:00+05:30,61929.9,61933.8,61929.8,61933.8,621
2025-01-06 09:35:00+05:30,61921.9,61924.1,61921.2,61924.1,450
2025-01-06 09:40:00+05:30,61929.7,61934.6,61921.3,61933.6,598
2025-01-06 09:45:00+05:30,61937.4,61940.1,61927.0,61930.4,693
2025-01-06 09:50:00+05:30,61929.1,61935.3,61924.6,61935.0,555
2025-01-06 09:55:00+05:30,61935.6,61938.3,61929.6,61937.3,397
2025-01-06 10:00:00+05:30,61937.4,61950.4,61932.1,61944.4,261
2025-01-06 10:05:00+05:30,61937.7,61940.3,61932.1,61934.6,533
2025-01-06 10:10:00+05:30,61938.7,61945.2,61938.0,61942.5,631
2025-01-06 10:15:00+05:30,61934.1,61943.7,61928.4,61939.3,628
2025-01-06 10:20:00+05:30,61940.3,61943.0,61937.1,61938.6,534
2025-01-06 10:25:00+05:30,61935.2,61940.0,61926.0,61930.3,286
2025-01-06 10:30:00+05:30,61941.1,61959.1,61938.2,61952.5,676
2025-01-06 10:35:00+05:30,61953.2,61954.2,61932.8,61937.1,529
2025-01-06 10:40:00+05:30,61940.4,61951.7,61935.8,61948.5,247
2025-01-06 10:45:00+05:30,61945.1,61946.9,61930.8,61932.6,376
2025-01-06 10:50:00+05:30,61939.1,61958.6,61937.5,61956.3,1150
2025-01-06 10:55:00+05:30,61959.6,61964.3,61924.0,61936.2,432
2025-01-06 11:00:00+05:30,61934.3,61938.7,61918.5,61922.6,275
2025-01-06 11:05:00+05:30,61922.3,61924.6,61908.7,61912.7,609
2025-01-06 11:10:00+05:30,61902.4,61905.9,61894.0,61899.2,343
2025-01-06 11:15:00+05:30,61899.0,61901.7,61886.5,61889.7,353
2025-01-06 11:20:00+05:30,61882.3,61883.8,61857.7,61864.9,415
2025-01-06 11:25:00+05:30,61859.6,61875.9,61858.7,61875.7,292
2025-01-06 11:30:00+05:30,61876.9,61880.6,61863.9,61868.8,471
2025-01-06 11:35:00+05:30,61869.7,61870.8,61863.7,61864.6,417
2025-01-06 11:40:00+05:30,61866.0,61867.8,61862.1,61865.3,477
2025-01-06 11:45:00+05:30,61866.0,61867.6,61850.0,61850.1,659
2025-01-06 11:50:00+05:30,61848.6,61849.8,61841.5,61842.3,413
2025-01-06 11:55:00+05:30,61834.1,61839.5,61833.2,61837.3,621
2025-01-06 12:00:00+05:30,61839.6,61842.4,61837.5,61842.1,771
2025-01-06 12:05:00+05:30,61838.1,61860.0,61832.7,61856.2,1714
2025-01-06 12:10:00+05:30,61860.1,61866.5,61859.4,61860.1,502
2025-01-06 12:15:00+05:30,61863.6,61867.4,61860.4,61867.4,521
2025-01-06 12:20:00+05:30,61859.4,61861.6,61837.2,61847.6,530
2025-01-06 12:25:00+05:30,61855.4,61858.1,61849.9,61851.5,519
2025-01-06 12:30:00+05:30,61848.7,61860.7,61847.5,61856.7,616
2025-01-06 12:35:00+05:30,61868.2,61873.7,61858.1,61862.1,585
2025-01-06 12:40:00+05:30,61862.7,61865.8,61848.8,61853.7,645
2025-01-06 12:45:00+05:30,61855.9,61862.5,61848.7,61860.6,433
2025-01-06 12:50:00+05:30,61851.9,61866.8,61850.4,61865.7,468
2025-01-06 12:55:00+05:30,61871.5,61873.6,61870.4,61871.2,464
2025-01-06 13:00:00+05:30,61859.3,61859.6,61852.1,61857.2,501
2025-01-06 13:05:00+05:30,61844.3,61845.9,61835.4,61837.0,367
2025-01-06 13:10:00+05:30,61843.1,61849.7,61841.2,61849.3,430
2025-01-06 13:15:00+05:30,61850.5,61856.1,61847.2,61855.5,517
2025-01-06 13:20:00+05:30,61860.8,61868.0,61848.2,61854.3,536
2025-01-06 13:25:00+05:30,61850.0,61857.3,61848.0,61856.2,674
2025-01-06 13:30:00+05:30,61851.4,61854.7,61849.4,61853.1,615
2025-01-06 13:35:00+05:30,61856.1,61856.3,61853.6,61854.0,531
2025-01-06 13:40:00+05:30,61857.3,61860.9,61857.0,61857.7,502
2025-01-06 13:45:00+05:30,61870.9,61872.6,61862.4,61866.7,517
2025-01-06 13:50:00+05:30,61864.5,61870.2,61863.0,61867.0,535
2025-01-06 13:55:00+05:30,61869.0,61879.4,61867.6,61879.0,830
2025-01-06 14:00:00+05:30,61874.7,61878.5,61865.4,61869.2,462
2025-01-06 14:05:00+05:30,61868.8,61878.0,61864.5,61874.6,532
2025-01-06 14:10:00+05:30,61876.6,61879.3,61867.2,61870.2,443
2025-01-06 14:15:00+05:30,61878.0,61885.4,61873.0,61883.0,843
2025-01-06 14:20:00+05:30,61878.6,61882.0,61869.4,61873.7,470
2025-01-06 14:25:00+05:30,61875.7,61878.0,61873.6,61876.1,578
2025-01-06 14:30:00+05:30,61888.8,61898.1,61884.8,61890.7,297
2025-01-06 14:35:00+05:30,61890.0,61898.0,61884.0,61886.2,593
2025-01-06 14:40:00+05:30,61880.2,61881.2,61872.8,61880.5,484
2025-01-06 14:45:00+05:30,61879.2,61881.4,61872.0,61872.7,516
2025-01-06 14:50:00+05:30,61879.2,61881.0,61875.1,61876.8,579
2025-01-06 14:55:00+05:30,61881.6,61894.6,61874.5,61889.4,402
2025-01-06 15:00:00+05:30,61889.5,61892.1,61882.8,61888.7,517
2025-01-06 15:05:00+05:30,61889.2,61893.6,61881.9,61882.9,524
2025-01-06 15:10:00+05:30,61896.0,61900.1,61891.7,61898.2,351
2025-01-06 15:15:00+05:30,61892.7,61892.8,61884.0,61884.3,397
2025-01-06 15:20:00+05:30,61891.7,61897.3,61881.5,61885.2,565
2025-01-06 15:25:00+05:30,61875.7,61876.0,61865.1,61869.8,381
2025-01-06 15:30:00+05:30,61873.8,61878.0,61850.1,61854.8,545
2025-01-06 15:35:00+05:30,61861.3,61875.2,61858.2,61865.7,522
2025-01-06 15:40:00+05:30,61868.6,61877.3,61867.7,61874.9,284
2025-01-06 15:45:00+05:30,61877.4,61879.9,61865.0,61868.7,521
2025-01-06 15:50:00+05:30,61861.0,61878.3,61853.1,61876.1,654
2025-01-06 15:55:00+05:30,61882.7,61886.8,61881.3,61884.9,589
2025-01-06 16:00:00+05:30,61890.8,61892.5,61873.5,61878.1,650
2025-01-06 16:05:00+05:30,61885.1,61887.6,61884.0,61886.3,927
2025-01-06 16:10:00+05:30,61883.3,61898.9,61878.2,61898.8,537
2025-01-06 16:15:00+05:30,61900.5,61911.7,61898.5,61911.4,549
2025-01-06 16:20:00+05:30,61913.9,61932.8,61912.2,61931.7,656
2025-01-06 16:25:00+05:30,61931.8,61933.9,61903.9,61912.7,682
2025-01-06 16:30:00+05:30,61918.7,61925.0,61910.5,61911.5,501
2025-01-06 16:35:00+05:30,61912.0,61937.5,61907.8,61934.2,607
2025-01-06 16:40:00+05:30,61933.0,61933.8,61913.3,61916.6,389
2025-01-06 16:45:00+05:30,61912.4,61927.5,61909.8,61924.5,580
2025-01-06 16:50:00+05:30,61925.6,61934.4,61915.6,61916.2,544
2025-01-06 16:55:00+05:30,61925.6,61942.1,61924.2,61938.2,563
2025-01-06 17:00:00+05:30,61947.0,61957.5,61943.5,61956.0,600
2025-01-07 09:00:00+05:30,61955.3,61969.5,61945.5,61968.0,509
2025-01-07 09:05:00+05:30,61968.3,61969.4,61964.4,61967.6,265
2025-01-07 09:10:00+05:30,61971.7,61978.1,61964.1,61966.8,583
2025-01-07 09:15:00+05:30,61955.0,61967.3,61953.8,61960.7,342
2025-01-07 09:20:00+05:30,61958.0,61960.6,61954.2,61956.6,395
2025-01-07 09:25:00+05:30,61958.2,61961.7,61946.1,61952.7,483
2025-01-07 09:30:00+05:30,61938.4,61942.0,61927.8,61934.1,244
2025-01-07 09:35:00+05:30,61940.8,61954.6,61938.3,61951.7,522
2025-01-07 09:40:00+05:30,61940.5,61946.7,61936.5,61938.2,461
2025-01-07 09:45:00+05:30,61950.9,61951.0,61939.0,61946.3,266
2025-01-07 09:50:00+05:30,61940.2,61942.0,61936.3,61941.0,331
2025-01-07 09:55:00+05:30,61947.0,61947.2,61943.6,61945.9,332
2025-01-07 10:00:00+05:30,61950.8,61973.2,61949.0,61971.7,541
2025-01-07 10:05:00+05:30,61968.5,61970.6,61961.9,61965.2,399
2025-01-07 10:10:00+05:30,61971.2,61978.6,61958.7,61966.4,297
2025-01-07 10:15:00+05:30,61965.4,61968.3,61952.8,61955.9,396
2025-01-07 10:20:00+05:30,61959.9,61961.9,61958.2,61960.0,488
2025-01-07 10:25:00+05:30,61954.6,61970.8,61954.3,61970.7,1856
2025-01-07 10:30:00+05:30,61970.0,61974.2,61964.5,61970.8,448
2025-01-07 10:35:00+05:30,61966.6,61975.8,61962.3,61972.8,714
2025-01-07 10:40:00+05:30,61959.6,61964.5,61953.0,61955.2,478
2025-01-07 10:45:00+05:30,61958.1,61971.5,61952.0,61967.9,492
2025-01-07 10:50:00+05:30,61966.0,61989.9,61960.9,61988.2,1545
2025-01-07 10:55:00+05:30,61986.9,62002.0,61979.7,62001.2,676
2025-01-07 11:00:00+05:30,62000.8,62005.1,61995.6,61997.8,586
2025-01-07 11:05:00+05:30,61999.3,62001.1,61995.1,62000.4,345
2025-01-07 11:10:00+05:30,62004.1,62011.1,62002.5,62009.2,410
2025-01-07 11:15:00+05:30,62008.9,62010.1,61996.9,62005.0,240
2025-01-07 11:20:00+05:30,61994.9,61996.6,61985.7,61994.0,495
2025-01-07 11:25:00+05:30,61981.4,61993.9,61975.5,61988.2,492
2025-01-07 11:30:00+05:30,61996.1,62014.1,61992.4,62009.6,473
2025-01-07 11:35:00+05:30,61998.7,62011.6,61996.2,62002.5,625
2025-01-07 11:40:00+05:30,62002.0,62008.4,61998.2,62005.1,600
2025-01-07 11:45:00+05:30,61999.2,62007.2,61997.8,62006.9,504
2025-01-07 11:50:00+05:30,62007.4,62019.9,62004.9,62018.7,349
2025-01-07 11:55:00+05:30,62021.5,62033.6,62018.2,62027.2,597
2025-01-07 12:00:00+05:30,62015.7,62026.2,62010.1,62024.0,438
2025-01-07 12:05:00+05:30,62031.1,62035.1,62023.1,62023.9,548
2025-01-07 12:10:00+05:30,62013.9,62022.9,62012.3,62020.5,226
2025-01-07 12:15:00+05:30,62020.4,62031.0,62013.8,62027.9,366
2025-01-07 12:20:00+05:30,62037.1,62041.0,62036.5,62038.8,611
2025-01-07 12:25:00+05:30,62033.9,62034.3,62029.6,62033.6,442
2025-01-07 12:30:00+05:30,62040.4,62051.4,62039.6,62050.1,528
2025-01-07 12:35:00+05:30,62053.6,62057.5,62049.1,62052.9,622
2025-01-07 12:40:00+05:30,62062.7,62063.9,62049.1,62058.6,322
2025-01-07 12:45:00+05:30,62059.6,62079.9,62057.5,62076.9,1071
2025-01-07 12:50:00+05:30,62074.8,62076.5,62062.9,62063.3,401
2025-01-07 12:55:00+05:30,62063.2,62066.0,62052.2,62058.0,393
2025-01-07 13:00:00+05:30,62056.5,62065.7,62054.5,62059.5,236
2025-01-07 13:05:00+05:30,62066.9,62070.8,62062.3,62065.1,270
2025-01-07 13:10:00+05:30,62054.5,62059.7,62045.0,62052.6,295
2025-01-07 13:15:00+05:30,62052.2,62057.8,62045.5,62049.3,508
2025-01-07 13:20:00+05:30,62051.7,62055.1,62040.3,62044.8,549
2025-01-07 13:25:00+05:30,62046.1,62047.7,62033.2,62044.6,485
2025-01-07 13:30:00+05:30,62044.3,62050.3,62039.8,62050.0,432
2025-01-07 13:35:00+05:30,62050.7,62056.1,62046.3,62052.0,470
2025-01-07 13:40:00+05:30,62041.6,62045.3,62040.1,62043.0,340
2025-01-07 13:45:00+05:30,62054.1,62058.7,62038.7,62043.9,656
2025-01-07 13:50:00+05:30,62043.8,62047.6,62039.6,62040.6,743
2025-01-07 13:55:00+05:30,62035.4,62043.9,62028.3,62040.6,571
2025-01-07 14:00:00+05:30,62046.9,62050.5,62024.6,62026.5,1404
2025-01-07 14:05:00+05:30,62028.5,62038.0,62025.7,62034.5,254
2025-01-07 14:10:00+05:30,62039.8,62042.6,62028.2,62035.5,659
2025-01-07 14:15:00+05:30,62040.1,62050.2,62039.1,62047.9,429
2025-01-07 14:20:00+05:30,62063.7,62070.0,62061.8,62068.1,327
2025-01-07 14:25:00+05:30,62064.1,62072.4,62062.6,62068.2,460
2025-01-07 14:30:00+05:30,62067.8,62069.6,62057.3,62063.2,435
2025-01-07 14:35:00+05:30,62060.1,62071.6,62057.9,62068.9,418
2025-01-07 14:40:00+05:30,62065.0,62068.9,62059.5,62063.0,331
2025-01-07 14:45:00+05:30,62063.6,62085.1,62062.5,62077.4,283
2025-01-07 14:50:00+05:30,62075.2,62077.4,62071.8,62071.9,384
2025-01-07 14:55:00+05:30,62076.6,62086.0,62070.4,62082.6,484
2025-01-07 15:00:00+05:30,62076.4,62076.9,62069.0,62076.5,679
2025-01-07 15:05:00+05:30,62091.4,62095.4,62080.2,62084.1,329
2025-01-07 15:10:00+05:30,62083.5,62088.8,62078.7,62087.9,458
2025-01-07 15:15:00+05:30,62094.5,62102.0,62091.8,62099.1,323
2025-01-07 15:20:00+05:30,62095.4,62105.6,62094.8,62101.7,620
2025-01-07 15:25:00+05:30,62103.1,62109.4,62096.3,62096.6,464
2025-01-07 15:30:00+05:30,62091.2,62093.8,62076.3,62079.5,816
2025-01-07 15:35:00+05:30,62071.9,62082.1,62071.7,62076.0,517
2025-01-07 15:40:00+05:30,62072.0,62079.5,62062.9,62063.4,179
2025-01-07 15:45:00+05:30,62060.1,62061.7,62052.3,62053.5,556
2025-01-07 15:50:00+05:30,62060.3,62061.5,62058.3,62060.3,465
2025-01-07 15:55:00+05:30,62058.3,62060.0,62051.4,62051.8,369
2025-01-07 16:00:00+05:30,62044.5,62052.7,62041.1,62052.4,546
2025-01-07 16:05:00+05:30,62043.9,62054.2,62042.3,62052.1,453
2025-01-07 16:10:00+05:30,62052.2,62054.4,62040.7,62042.6,675
2025-01-07 16:15:00+05:30,62029.2,62039.8,62022.9,62032.1,668
2025-01-07 16:20:00+05:30,62037.5,62038.4,62026.7,62031.8,371
2025-01-07 16:25:00+05:30,62037.1,62044.7,62031.7,62043.6,411
2025-01-07 16:30:00+05:30,62048.8,62062.4,62045.7,62058.2,120
2025-01-07 16:35:00+05:30,62066.7,62069.7,62056.9,62063.5,600
2025-01-07 16:40:00+05:30,62061.8,62062.7,62054.3,62060.7,499
2025-01-07 16:45:00+05:30,62067.7,62070.7,62057.2,62058.4,147
2025-01-07 16:50:00+05:30,62052.2,62057.0,62051.5,62056.5,683
2025-01-07 16:55:00+05:30,62056.3,62061.7,62056.2,62058.8,257
2025-01-07 17:00:00+05:30,62054.7,62071.1,62050.6,62070.9,442
2025-01-08 09:00:00+05:30,62067.4,62069.7,62064.3,62068.4,482
2025-01-08 09:05:00+05:30,62082.2,62088.4,62080.7,62081.5,529
2025-01-08 09:10:00+05:30,62078.8,62086.8,62077.9,62080.5,664
2025-01-08 09:15:00+05:30,62090.2,62099.8,62087.8,62089.8,406
2025-01-08 09:20:00+05:30,62103.7,62111.6,62098.7,62110.3,580
2025-01-08 09:25:00+05:30,62101.0,62102.9,62091.0,62098.9,625
2025-01-08 09:30:00+05:30,62103.3,62123.6,62101.6,62122.2,512
2025-01-08 09:35:00+05:30,62118.8,62123.0,62112.2,62113.8,252
2025-01-08 09:40:00+05:30,62122.8,62129.0,62122.1,62126.0,499
2025-01-08 09:45:00+05:30,62117.8,62118.9,62110.7,62111.1,566
2025-01-08 09:50:00+05:30,62113.2,62123.9,62112.7,62122.0,486
2025-01-08 09:55:00+05:30,62121.5,62132.1,62118.0,62131.6,438
2025-01-08 10:00:00+05:30,62129.4,62135.4,62125.8,62133.3,668
2025-01-08 10:05:00+05:30,62127.7,62128.0,62118.6,62120.4,361
2025-01-08 10:10:00+05:30,62117.6,62118.8,62107.5,62112.2,521
2025-01-08 10:15:00+05:30,62113.2,62113.2,62109.9,62110.9,550
2025-01-08 10:20:00+05:30,62105.8,62113.5,62099.6,62112.7,590
2025-01-08 10:25:00+05:30,62107.6,62114.5,62102.5,62107.5,623
2025-01-08 10:30:00+05:30,62100.8,62104.8,62099.0,62102.7,586
2025-01-08 10:35:00+05:30,62097.2,62102.4,62092.3,62098.5,418
2025-01-08 10:40:00+05:30,62093.8,62112.9,62088.5,62108.4,419
2025-01-08 10:45:00+05:30,62111.9,62131.5,62109.5,62127.6,1722
2025-01-08 10:50:00+05:30,62129.0,62145.2,62125.9,62138.7,532
2025-01-08 10:55:00+05:30,62134.7,62138.0,62128.5,62133.5,538
2025-01-08 11:00:00+05:30,62137.6,62143.0,62135.4,62142.0,492
2025-01-08 11:05:00+05:30,62137.6,62143.3,62135.0,62140.6,504
2025-01-08 11:10:00+05:30,62137.4,62142.5,62124.2,62128.4,562
2025-01-08 11:15:00+05:30,62127.3,62152.5,62126.3,62151.6,450
2025-01-08 11:20:00+05:30,62156.6,62163.7,62154.7,62155.7,530
2025-01-08 11:25:00+05:30,62158.2,62160.6,62154.0,62157.1,818
2025-01-08 11:30:00+05:30,62148.4,62148.6,62140.6,62142.8,564
2025-01-08 11:35:00+05:30,62138.9,62145.1,62136.4,62141.6,387
2025-01-08 11:40:00+05:30,62148.0,62157.4,62147.8,62153.5,591
2025-01-08 11:45:00+05:30,62158.7,62162.6,62157.2,62160.1,379
2025-01-08 11:50:00+05:30,62155.8,62163.1,62150.4,62160.4,380
2025-01-08 11:55:00+05:30,62158.2,62163.9,62144.0,62147.3,508
2025-01-08 12:00:00+05:30,62146.6,62160.3,62145.8,62155.1,620
2025-01-08 12:05:00+05:30,62151.6,62162.2,62147.2,62161.0,549
2025-01-08 12:10:00+05:30,62163.8,62170.5,62161.6,62166.4,502
2025-01-08 12:15:00+05:30,62170.6,62174.7,62160.6,62162.4,339
2025-01-08 12:20:00+05:30,62175.8,62189.5,62175.5,62183.8,298
2025-01-08 12:25:00+05:30,62185.4,62189.0,62180.4,62180.6,571
2025-01-08 12:30:00+05:30,62177.9,62194.3,62174.5,62190.0,439
2025-01-08 12:35:00+05:30,62196.6,62206.2,62192.0,62202.5,631
2025-01-08 12:40:00+05:30,62204.1,62208.1,62202.7,62206.2,396
2025-01-08 12:45:00+05:30,62211.4,62217.5,62211.2,62212.9,329
2025-01-08 12:50:00+05:30,62210.7,62216.0,62204.1,62213.4,392
2025-01-08 12:55:00+05:30,62214.0,62215.4,62198.9,62205.3,439
2025-01-08 13:00:00+05:30,62188.8,62190.1,62185.2,62188.5,627
2025-01-08 13:05:00+05:30,62187.4,62195.1,62179.9,62184.4,613
2025-01-08 13:10:00+05:30,62179.8,62186.8,62173.5,62176.6,431
2025-01-08 13:15:00+05:30,62172.2,62185.7,62167.9,62180.2,449
2025-01-08 13:20:00+05:30,62178.9,62183.1,62176.7,62181.2,428
2025-01-08 13:25:00+05:30,62183.8,62185.6,62182.7,62183.3,564
2025-01-08 13:30:00+05:30,62189.0,62209.1,62186.9,62196.8,556
2025-01-08 13:35:00+05:30,62190.7,62192.7,62184.6,62187.2,477
2025-01-08 13:40:00+05:30,62193.7,62201.2,62191.0,62200.6,634
2025-01-08 13:45:00+05:30,62191.0,62191.6,62185.3,62188.5,607
2025-01-08 13:50:00+05:30,62192.0,62195.2,62190.9,62192.5,500
2025-01-08 13:55:00+05:30,62181.2,62181.4,62176.9,62178.0,468
2025-01-08 14:00:00+05:30,62171.5,62172.9,62155.4,62158.5,700
2025-01-08 14:05:00+05:30,62149.7,62150.7,62147.1,62147.8,562
2025-01-08 14:10:00+05:30,62148.2,62154.9,62145.0,62151.6,456
2025-01-08 14:15:00+05:30,62147.8,62151.9,62143.0,62143.6,491
2025-01-08 14:20:00+05:30,62144.9,62146.9,62132.4,62137.5,501
2025-01-08 14:25:00+05:30,62139.3,62141.3,62133.2,62140.3,320
2025-01-08 14:30:00+05:30,62140.3,62142.8,62134.3,62135.4,382
2025-01-08 14:35:00+05:30,62136.8,62146.9,62134.1,62139.4,489
2025-01-08 14:40:00+05:30,62139.2,62145.4,62133.2,62135.2,369
2025-01-08 14:45:00+05:30,62130.4,62132.8,62119.7,62122.1,389
2025-01-08 14:50:00+05:30,62110.9,62112.5,62103.7,62107.0,412
2025-01-08 14:55:00+05:30,62097.9,62100.7,62081.2,62087.9,557
2025-01-08 15:00:00+05:30,62078.6,62087.4,62070.2,62078.3,513
2025-01-08 15:05:00+05:30,62071.7,62072.6,62067.9,62072.2,514
2025-01-08 15:10:00+05:30,62072.2,62076.5,62067.4,62071.3,835
2025-01-08 15:15:00+05:30,62073.6,62085.3,62070.4,62077.8,305
2025-01-08 15:20:00+05:30,62075.7,62081.7,62073.6,62076.6,419
2025-01-08 15:25:00+05:30,62074.9,62098.2,62074.7,62090.3,505
2025-01-08 15:30:00+05:30,62096.9,62099.1,62067.8,62072.2,1173
2025-01-08 15:35:00+05:30,62067.2,62072.8,62066.2,62069.0,590
2025-01-08 15:40:00+05:30,62060.6,62066.1,62048.1,62050.1,745
2025-01-08 15:45:00+05:30,62038.7,62053.8,62032.5,62050.0,461
2025-01-08 15:50:00+05:30,62053.3,62055.8,62034.3,62042.9,471
2025-01-08 15:55:00+05:30,62043.0,62046.5,62035.1,62039.0,655
2025-01-08 16:00:00+05:30,62045.5,62052.4,62045.1,62051.3,469
2025-01-08 16:05:00+05:30,62045.6,62046.6,62037.6,62043.4,492
2025-01-08 16:10:00+05:30,62049.8,62052.2,62047.0,62048.0,656
2025-01-08 16:15:00+05:30,62040.8,62048.7,62040.1,62042.1,551
2025-01-08 16:20:00+05:30,62035.9,62045.6,62033.4,62040.0,627
2025-01-08 16:25:00+05:30,62039.2,62043.3,62037.4,62042.1,490
2025-01-08 16:30:00+05:30,62046.0,62046.2,62039.0,62040.2,307
2025-01-08 16:35:00+05:30,62049.6,62058.0,62043.4,62052.7,484
2025-01-08 16:40:00+05:30,62051.6,62063.4,62049.7,62062.0,337
2025-01-08 16:45:00+05:30,62060.0,62070.2,62059.3,62066.9,540
2025-01-08 16:50:00+05:30,62069.3,62071.9,62060.8,62067.2,623
2025-01-08 16:55:00+05:30,62070.6,62075.4,62060.5,62064.7,293
2025-01-08 17:00:00+05:30,62063.2,62064.8,62059.2,62061.5,398
2025-01-09 09:00:00+05:30,62053.9,62059.5,62045.9,62052.6,821
2025-01-09 09:05:00+05:30,62055.5,62065.2,62052.4,62062.3,778
2025-01-09 09:10:00+05:30,62062.1,62069.7,62055.8,62057.2,757
2025-01-09 09:15:00+05:30,62049.2,62062.5,62048.9,62054.3,727
2025-01-09 09:20:00+05:30,62066.5,62067.3,62055.1,62058.3,669
2025-01-09 09:25:00+05:30,62066.4,62082.6,62064.9,62080.8,1034
2025-01-09 09:30:00+05:30,62077.4,62083.0,62059.3,62063.2,1025
2025-01-09 09:35:00+05:30,62071.9,62075.7,62065.4,62072.5,911
2025-01-09 09:40:00+05:30,62072.3,62080.5,62070.0,62077.4,679
2025-01-09 09:45:00+05:30,62078.2,62081.7,62058.6,62063.4,650
2025-01-09 09:50:00+05:30,62061.8,62067.0,62058.3,62064.4,861
2025-01-09 09:55:00+05:30,62076.6,62080.7,62071.7,62076.9,810
2025-01-09 10:00:00+05:30,62084.1,62084.6,62078.2,62078.9,580
2025-01-09 10:05:00+05:30,62086.9,62094.2,62080.7,62088.8,934
2025-01-09 10:10:00+05:30,62084.9,62090.8,62077.0,62082.7,687
2025-01-09 10:15:00+05:30,62083.0,62095.5,62079.6,62094.5,821
2025-01-09 10:20:00+05:30,62096.5,62104.2,62091.1,62094.7,735
2025-01-09 10:25:00+05:30,62097.1,62098.4,62093.0,62093.7,545
2025-01-09 10:30:00+05:30,62087.1,62087.6,62071.2,62073.2,798
2025-01-09 10:35:00+05:30,62061.6,62069.5,62046.5,62050.7,808
2025-01-09 10:40:00+05:30,62051.2,62053.4,62045.6,62046.1,681
2025-01-09 10:45:00+05:30,62047.7,62049.4,62027.5,62038.0,897
2025-01-09 10:50:00+05:30,62037.5,62042.8,62016.9,62022.0,640
2025-01-09 10:55:00+05:30,62021.0,62025.9,62012.3,62012.5,628
2025-01-09 11:00:00+05:30,62007.8,62012.9,62007.1,62012.0,806
2025-01-09 11:05:00+05:30,62010.3,62016.8,62009.7,62014.1,744
2025-01-09 11:10:00+05:30,62008.9,62016.9,62007.1,62015.1,768
2025-01-09 11:15:00+05:30,62019.3,62030.4,62018.9,62026.7,901
2025-01-09 11:20:00+05:30,62030.5,62033.8,62027.6,62032.8,819
2025-01-09 11:25:00+05:30,62030.5,62032.9,62028.6,62031.1,920
2025-01-09 11:30:00+05:30,62028.3,62031.3,62008.7,62015.6,810
2025-01-09 11:35:00+05:30,62013.4,62017.0,61997.1,62000.0,890
2025-01-09 11:40:00+05:30,61996.2,61999.3,61993.9,61994.8,675
2025-01-09 11:45:00+05:30,61993.9,61995.5,61976.6,61983.8,681
2025-01-09 11:50:00+05:30,61985.6,61990.6,61980.9,61990.3,845
2025-01-09 11:55:00+05:30,61995.9,62003.6,61990.5,62001.9,785
2025-01-09 12:00:00+05:30,62008.4,62012.0,61999.1,62000.9,726
2025-01-09 12:05:00+05:30,62003.2,62007.0,61983.0,61988.4,953
2025-01-09 12:10:00+05:30,61986.4,61993.8,61984.4,61986.7,677
2025-01-09 12:15:00+05:30,61984.5,61996.2,61983.8,61990.3,535
2025-01-09 12:20:00+05:30,61995.3,61996.6,61991.9,61994.9,708
2025-01-09 12:25:00+05:30,62000.8,62004.1,61979.1,61979.8,723
2025-01-09 12:30:00+05:30,61981.4,61983.5,61978.0,61979.0,872
2025-01-09 12:35:00+05:30,61978.6,61986.3,61977.4,61980.0,850
2025-01-09 12:40:00+05:30,61979.7,61981.0,61977.0,61978.0,837
2025-01-09 12:45:00+05:30,61979.4,61983.3,61961.8,61970.4,713
2025-01-09 12:50:00+05:30,61979.0,61983.5,61978.4,61981.2,696
2025-01-09 12:55:00+05:30,61972.9,61974.1,61964.8,61972.2,745
2025-01-09 13:00:00+05:30,61971.7,61997.0,61968.4,61993.6,805
2025-01-09 13:05:00+05:30,61985.5,61985.8,61975.2,61982.7,597
2025-01-09 13:10:00+05:30,61980.2,61988.2,61977.4,61983.4,592
2025-01-09 13:15:00+05:30,61973.1,61974.8,61957.7,61964.3,772
2025-01-09 13:20:00+05:30,61964.4,61966.4,61951.4,61956.2,581
2025-01-09 13:25:00+05:30,61953.8,61955.1,61939.6,61944.8,770
2025-01-09 13:30:00+05:30,61953.3,61960.8,61950.2,61955.9,741
2025-01-09 13:35:00+05:30,61953.4,61956.3,61946.4,61951.3,565
2025-01-09 13:40:00+05:30,61944.9,61956.4,61939.5,61950.0,949
2025-01-09 13:45:00+05:30,61951.9,61959.7,61945.8,61957.0,707
2025-01-09 13:50:00+05:30,61971.7,61975.9,61954.8,61958.9,555
2025-01-09 13:55:00+05:30,61973.5,61978.8,61960.7,61969.7,705
2025-01-09 14:00:00+05:30,61965.8,61969.1,61964.5,61967.5,697
2025-01-09 14:05:00+05:30,61971.5,61975.2,61968.4,61971.6,564
2025-01-09 14:10:00+05:30,61967.1,61970.1,61957.2,61958.6,866
2025-01-09 14:15:00+05:30,61959.9,61971.4,61959.6,61969.5,912
2025-01-09 14:20:00+05:30,61967.7,61970.5,61956.0,61961.0,728
2025-01-09 14:25:00+05:30,61949.1,61949.3,61945.8,61948.7,1021
2025-01-09 14:30:00+05:30,61946.3,61954.5,61943.2,61946.5,852
2025-01-09 14:35:00+05:30,61941.5,61957.3,61939.4,61952.0,680
2025-01-09 14:40:00+05:30,61947.1,61951.3,61936.7,61939.2,610
2025-01-09 14:45:00+05:30,61940.5,61949.2,61937.8,61942.4,770
2025-01-09 14:50:00+05:30,61940.9,61949.9,61939.5,61946.8,704
2025-01-09 14:55:00+05:30,61938.6,61941.1,61927.7,61932.2,787
2025-01-09 15:00:00+05:30,61926.7,61933.1,61925.5,61929.0,652
2025-01-09 15:05:00+05:30,61924.9,61934.0,61922.3,61933.0,584
2025-01-09 15:10:00+05:30,61938.4,61949.5,61932.6,61940.6,698
2025-01-09 15:15:00+05:30,61943.4,61948.0,61935.2,61936.7,765
2025-01-09 15:20:00+05:30,61947.0,61948.8,61941.0,61948.4,851
2025-01-09 15:25:00+05:30,61948.4,61951.4,61943.0,61950.0,549
2025-01-09 15:30:00+05:30,61944.2,61946.7,61938.4,61939.0,758
2025-01-09 15:35:00+05:30,61936.3,61943.3,61933.4,61941.0,754
2025-01-09 15:40:00+05:30,61940.9,61941.5,61934.9,61935.3,716
2025-01-09 15:45:00+05:30,61926.6,61927.2,61918.3,61918.9,667
2025-01-09 15:50:00+05:30,61919.3,61926.8,61917.7,61926.4,670
2025-01-09 15:55:00+05:30,61928.7,61938.5,61926.3,61935.6,723
2025-01-09 16:00:00+05:30,61942.0,61944.5,61936.0,61936.8,784
2025-01-09 16:05:00+05:30,61936.3,61945.2,61934.7,61935.6,716
2025-01-09 16:10:00+05:30,61944.1,61947.4,61923.9,61934.3,677
2025-01-09 16:15:00+05:30,61931.3,61943.6,61931.0,61940.1,690
2025-01-09 16:20:00+05:30,61940.0,61946.9,61931.7,61933.5,825
2025-01-09 16:25:00+05:30,61933.8,61938.6,61925.5,61927.7,523
2025-01-09 16:30:00+05:30,61932.6,61937.0,61930.4,61936.1,755
2025-01-09 16:35:00+05:30,61947.2,61950.3,61934.7,61944.4,888
2025-01-09 16:40:00+05:30,61944.6,61951.3,61942.0,61949.1,800
2025-01-09 16:45:00+05:30,61945.4,61958.3,61942.6,61954.4,646
2025-01-09 16:50:00+05:30,61958.8,61960.2,61947.8,61950.8,724
2025-01-09 16:55:00+05:30,61949.0,61952.9,61943.2,61947.3,643
2025-01-09 17:00:00+05:30,61946.9,61949.3,61932.9,61938.4,759
2025-01-10 09:00:00+05:30,61940.3,61954.1,61938.0,61939.1,731
2025-01-10 09:05:00+05:30,61928.0,61940.9,61926.4,61938.9,1305
2025-01-10 09:10:00+05:30,61941.0,61955.9,61939.2,61951.7,617
2025-01-10 09:15:00+05:30,61954.9,61955.8,61942.9,61944.2,640
2025-01-10 09:20:00+05:30,61943.6,61951.9,61941.2,61947.6,785
2025-01-10 09:25:00+05:30,61942.3,61946.6,61934.3,61936.4,826
2025-01-10 09:30:00+05:30,61923.8,61928.6,61917.2,61917.5,606
2025-01-10 09:35:00+05:30,61917.3,61922.0,61915.8,61920.4,689
2025-01-10 09:40:00+05:30,61926.4,61935.3,61922.4,61933.0,930
2025-01-10 09:45:00+05:30,61934.7,61942.8,61920.3,61921.6,679
2025-01-10 09:50:00+05:30,61924.8,61947.3,61923.8,61941.8,778
2025-01-10 09:55:00+05:30,61948.5,61948.6,61944.5,61945.7,843
2025-01-10 10:00:00+05:30,61945.0,61960.9,61943.1,61956.1,983
2025-01-10 10:05:00+05:30,61965.8,61983.2,61961.0,61970.1,694
2025-01-10 10:10:00+05:30,61972.5,61990.8,61968.9,61988.1,916
2025-01-10 10:15:00+05:30,61982.4,62000.1,61979.2,61997.5,2216
2025-01-10 10:20:00+05:30,61993.0,61994.9,61992.1,61994.8,837
2025-01-10 10:25:00+05:30,62003.6,62005.3,61999.5,62001.4,556
2025-01-10 10:30:00+05:30,62007.3,62011.8,61987.4,61993.4,732
2025-01-10 10:35:00+05:30,62000.1,62003.6,61993.7,61996.4,719
2025-01-10 10:40:00+05:30,61998.5,62008.5,61993.4,62007.7,647
2025-01-10 10:45:00+05:30,62018.8,62023.5,62015.7,62021.9,748
2025-01-10 10:50:00+05:30,62016.2,62037.6,62013.0,62027.4,721
2025-01-10 10:55:00+05:30,62037.6,62040.3,62031.4,62031.9,826
2025-01-10 11:00:00+05:30,62022.4,62027.6,62015.2,62015.5,831
2025-01-10 11:05:00+05:30,62011.6,62025.7,62009.8,62025.0,908
2025-01-10 11:10:00+05:30,62021.4,62021.5,62020.4,62021.5,1028
2025-01-10 11:15:00+05:30,62007.2,62010.1,61985.9,61994.9,2229
2025-01-10 11:20:00+05:30,61990.6,62013.8,61985.1,62008.5,1637
2025-01-10 11:25:00+05:30,62001.3,62017.7,61999.0,62013.6,674
2025-01-10 11:30:00+05:30,62010.7,62012.0,62002.6,62011.0,911
2025-01-10 11:35:00+05:30,62008.1,62009.5,62000.0,62003.6,506
2025-01-10 11:40:00+05:30,62006.7,62011.3,62004.7,62005.1,601
2025-01-10 11:45:00+05:30,62000.6,62008.8,61998.8,62007.3,1011
2025-01-10 11:50:00+05:30,62009.4,62011.8,61997.7,62006.4,893
2025-01-10 11:55:00+05:30,62005.3,62008.3,61998.0,62004.2,706
2025-01-10 12:00:00+05:30,62014.9,62030.7,62008.8,62021.9,761
2025-01-10 12:05:00+05:30,62013.9,62030.7,62012.0,62029.5,693
2025-01-10 12:10:00+05:30,62027.2,62029.7,62018.4,62024.9,968
2025-01-10 12:15:00+05:30,62032.6,62041.4,62031.2,62041.3,2164
2025-01-10 12:20:00+05:30,62037.2,62049.9,62032.1,62049.6,713
2025-01-10 12:25:00+05:30,62049.2,62054.9,62035.1,62035.6,866
2025-01-10 12:30:00+05:30,62034.7,62039.6,62026.5,62027.7,821
2025-01-10 12:35:00+05:30,62034.7,62046.5,62031.9,62040.8,656
2025-01-10 12:40:00+05:30,62041.8,62042.6,62024.7,62030.7,770
2025-01-10 12:45:00+05:30,62033.9,62044.5,62030.5,62036.9,726
2025-01-10 12:50:00+05:30,62028.5,62029.8,62012.2,62020.8,772
2025-01-10 12:55:00+05:30,62021.4,62023.1,62012.7,62012.8,945
2025-01-10 13:00:00+05:30,62008.2,62013.5,62004.6,62006.2,847
2025-01-10 13:05:00+05:30,62002.5,62004.8,61999.5,62000.3,822
2025-01-10 13:10:00+05:30,62006.8,62010.8,61999.7,62001.9,775
2025-01-10 13:15:00+05:30,62016.5,62017.7,62006.9,62009.9,991
2025-01-10 13:20:00+05:30,62005.9,62011.0,62003.8,62010.0,867
2025-01-10 13:25:00+05:30,62011.3,62013.0,62010.0,62010.9,784
2025-01-10 13:30:00+05:30,62021.1,62022.8,62011.4,62012.7,988
2025-01-10 13:35:00+05:30,62008.3,62009.6,61995.0,62000.5,719
2025-01-10 13:40:00+05:30,62001.9,62007.9,61993.6,61997.9,620
2025-01-10 13:45:00+05:30,61993.7,62009.6,61989.7,62006.6,666
2025-01-10 13:50:00+05:30,62005.0,62010.1,62000.6,62003.6,787
2025-01-10 13:55:00+05:30,62008.5,62009.6,62000.2,62007.2,650
2025-01-10 14:00:00+05:30,62006.4,62011.1,62001.6,62007.0,748
2025-01-10 14:05:00+05:30,62002.7,62017.8,62001.6,62014.2,992
2025-01-10 14:10:00+05:30,62014.2,62020.7,62013.0,62017.1,644
2025-01-10 14:15:00+05:30,62023.4,62033.0,62019.6,62025.6,844
2025-01-10 14:20:00+05:30,62009.4,62019.9,62006.2,62019.4,896
2025-01-10 14:25:00+05:30,62015.3,62025.2,62008.8,62018.1,820
2025-01-10 14:30:00+05:30,62022.9,62025.5,62009.9,62012.8,815
2025-01-10 14:35:00+05:30,62015.8,62029.1,62015.1,62016.8,854
2025-01-10 14:40:00+05:30,62011.4,62015.4,62004.8,62014.9,814
2025-01-10 14:45:00+05:30,62021.2,62027.7,62011.5,62024.1,719
2025-01-10 14:50:00+05:30,62022.0,62029.0,62016.8,62028.4,741
2025-01-10 14:55:00+05:30,62031.4,62050.3,62029.6,62043.5,878
2025-01-10 15:00:00+05:30,62044.9,62047.9,62039.1,62042.6,733
2025-01-10 15:05:00+05:30,62049.6,62067.7,62049.5,62064.8,770
2025-01-10 15:10:00+05:30,62064.1,62069.8,62058.9,62065.6,640
2025-01-10 15:15:00+05:30,62066.2,62083.8,62063.5,62082.1,710
2025-01-10 15:20:00+05:30,62065.2,62076.1,62054.8,62057.2,644
2025-01-10 15:25:00+05:30,62057.6,62071.7,62056.1,62064.4,712
2025-01-10 15:30:00+05:30,62060.2,62067.2,62045.7,62051.9,669
2025-01-10 15:35:00+05:30,62053.8,62066.4,62040.0,62044.2,720
2025-01-10 15:40:00+05:30,62053.3,62056.8,62048.3,62048.4,771
2025-01-10 15:45:00+05:30,62048.1,62048.7,62041.0,62041.9,663
2025-01-10 15:50:00+05:30,62044.5,62045.6,62035.9,62037.6,1419
2025-01-10 15:55:00+05:30,62033.4,62057.2,62028.2,62053.6,872
2025-01-10 16:00:00+05:30,62048.9,62050.7,62026.2,62028.4,795
2025-01-10 16:05:00+05:30,62036.3,62042.6,62032.6,62039.4,645
2025-01-10 16:10:00+05:30,62040.0,62042.5,62032.4,62035.0,691
2025-01-10 16:15:00+05:30,62026.0,62028.4,62020.0,62024.4,812
2025-01-10 16:20:00+05:30,62020.0,62021.4,62016.2,62019.0,765
2025-01-10 16:25:00+05:30,62019.1,62027.4,62011.8,62025.4,809
2025-01-10 16:30:00+05:30,62028.9,62033.6,62025.6,62032.2,843
2025-01-10 16:35:00+05:30,62028.9,62041.3,62026.5,62037.7,973
2025-01-10 16:40:00+05:30,62035.6,62038.5,62024.6,62037.9,668
2025-01-10 16:45:00+05:30,62035.8,62042.3,62034.5,62037.7,650
2025-01-10 16:50:00+05:30,62035.8,62036.9,62025.6,62034.5,508
2025-01-10 16:55:00+05:30,62034.5,62038.1,62025.0,62028.3,771
2025-01-10 17:00:00+05:30,62027.6,62027.9,62026.0,62026.7,807
2025-01-13 09:00:00+05:30,62020.4,62023.9,62005.5,62006.5,915
2025-01-13 09:05:00+05:30,62017.2,62017.8,62008.9,62012.3,736
2025-01-13 09:10:00+05:30,62013.4,62037.4,62006.9,62036.2,999
2025-01-13 09:15:00+05:30,62030.3,62044.8,62023.9,62038.8,879
2025-01-13 09:20:00+05:30,62049.8,62052.4,62046.1,62047.1,940
2025-01-13 09:25:00+05:30,62039.2,62039.4,62037.3,62038.7,1002
2025-01-13 09:30:00+05:30,62040.5,62047.3,62035.3,62041.1,856
2025-01-13 09:35:00+05:30,62044.6,62057.0,62027.8,62030.8,843
2025-01-13 09:40:00+05:30,62025.5,62031.7,62023.7,62028.3,803
2025-01-13 09:45:00+05:30,62030.7,62035.1,62026.8,62035.1,799
2025-01-13 09:50:00+05:30,62046.9,62049.2,62041.8,62042.1,863
2025-01-13 09:55:00+05:30,62042.0,62042.7,62032.2,62041.7,1080
2025-01-13 10:00:00+05:30,62045.2,62047.0,62031.4,62034.1,1031
2025-01-13 10:05:00+05:30,62038.7,62040.5,62032.5,62033.5,1009
2025-01-13 10:10:00+05:30,62025.6,62029.9,62006.8,62010.0,661
2025-01-13 10:15:00+05:30,61997.9,62002.7,61988.2,61989.8,877
2025-01-13 10:20:00+05:30,61980.6,61980.7,61968.0,61971.4,963
2025-01-13 10:25:00+05:30,61967.0,61968.5,61966.2,61967.2,1099
2025-01-13 10:30:00+05:30,61965.8,61981.4,61963.2,61975.5,791
2025-01-13 10:35:00+05:30,61965.9,61973.4,61963.9,61970.7,750
2025-01-13 10:40:00+05:30,61965.3,61973.9,61962.2,61962.6,712
2025-01-13 10:45:00+05:30,61954.5,61958.7,61943.2,61944.9,967
2025-01-13 10:50:00+05:30,61948.1,61950.2,61938.2,61939.3,779
2025-01-13 10:55:00+05:30,61941.9,61942.8,61932.8,61939.1,834
2025-01-13 11:00:00+05:30,61942.5,61946.9,61927.4,61930.8,752
2025-01-13 11:05:00+05:30,61934.4,61945.7,61932.7,61944.5,605
2025-01-13 11:10:00+05:30,61944.6,61954.5,61939.7,61946.1,949
2025-01-13 11:15:00+05:30,61943.0,61946.1,61940.3,61942.3,897
2025-01-13 11:20:00+05:30,61949.4,61957.2,61949.2,61950.3,888
2025-01-13 11:25:00+05:30,61948.2,61955.6,61943.0,61954.9,685
2025-01-13 11:30:00+05:30,61962.0,61970.6,61957.8,61964.6,937
2025-01-13 11:35:00+05:30,61975.0,61980.8,61972.3,61979.3,885
2025-01-13 11:40:00+05:30,61983.5,61985.0,61973.8,61975.9,823
2025-01-13 11:45:00+05:30,61974.9,61995.6,61973.5,61990.0,851
2025-01-13 11:50:00+05:30,61996.8,61997.1,61982.9,61990.2,989
2025-01-13 11:55:00+05:30,61990.6,61993.1,61970.0,61973.6,775
2025-01-13 12:00:00+05:30,61975.2,61977.8,61970.8,61971.3,805
2025-01-13 12:05:00+05:30,61969.3,61972.7,61963.6,61972.0,973
2025-01-13 12:10:00+05:30,61969.3,61969.9,61962.1,61964.3,990
2025-01-13 12:15:00+05:30,61967.9,61976.3,61960.3,61969.4,682
2025-01-13 12:20:00+05:30,61971.8,61975.9,61968.5,61974.0,667
2025-01-13 12:25:00+05:30,61970.6,61972.3,61960.9,61965.2,813
2025-01-13 12:30:00+05:30,61965.5,61966.5,61957.1,61958.3,771
2025-01-13 12:35:00+05:30,61959.7,61966.3,61945.3,61947.0,757
2025-01-13 12:40:00+05:30,61951.7,61957.3,61934.8,61941.5,897
2025-01-13 12:45:00+05:30,61935.9,61940.7,61928.3,61931.8,761
2025-01-13 12:50:00+05:30,61929.4,61931.1,61910.6,61921.1,840
2025-01-13 12:55:00+05:30,61926.0,61946.9,61921.1,61944.6,2499
2025-01-13 13:00:00+05:30,61937.9,61941.2,61936.4,61937.9,638
2025-01-13 13:05:00+05:30,61946.1,61957.6,61946.1,61953.4,977
2025-01-13 13:10:00+05:30,61954.3,61965.9,61954.1,61963.0,852
2025-01-13 13:15:00+05:30,61960.7,61961.4,61956.5,61961.3,951
2025-01-13 13:20:00+05:30,61960.0,61961.4,61949.1,61957.6,961
2025-01-13 13:25:00+05:30,61964.9,61965.1,61953.4,61961.1,821
2025-01-13 13:30:00+05:30,61961.3,61964.9,61957.9,61964.6,772
2025-01-13 13:35:00+05:30,61960.8,61962.5,61958.0,61961.6,1011
2025-01-13 13:40:00+05:30,61957.2,61965.3,61944.5,61945.7,912
2025-01-13 13:45:00+05:30,61945.7,61950.8,61941.4,61949.8,1132
2025-01-13 13:50:00+05:30,61943.6,61944.4,61928.7,61930.5,1918
2025-01-13 13:55:00+05:30,61929.4,61929.5,61924.4,61927.5,1052
2025-01-13 14:00:00+05:30,61932.4,61935.2,61928.1,61930.8,875
2025-01-13 14:05:00+05:30,61928.8,61930.8,61922.2,61928.1,912
2025-01-13 14:10:00+05:30,61929.7,61934.1,61929.7,61930.4,856
2025-01-13 14:15:00+05:30,61927.1,61928.8,61922.7,61924.5,785
2025-01-13 14:20:00+05:30,61923.4,61925.4,61896.2,61900.5,653
2025-01-13 14:25:00+05:30,61910.0,61910.0,61898.7,61903.9,1050
2025-01-13 14:30:00+05:30,61904.2,61917.7,61900.7,61915.0,777
2025-01-13 14:35:00+05:30,61911.3,61911.5,61888.4,61894.3,1048
2025-01-13 14:40:00+05:30,61888.9,61896.5,61878.9,61883.3,976
2025-01-13 14:45:00+05:30,61887.7,61889.4,61883.1,61886.9,1102
2025-01-13 14:50:00+05:30,61899.6,61919.8,61899.0,61916.6,2282
2025-01-13 14:55:00+05:30,61920.3,61920.7,61916.1,61920.3,867
2025-01-13 15:00:00+05:30,61922.2,61932.4,61918.5,61926.8,863
2025-01-13 15:05:00+05:30,61923.2,61924.2,61919.5,61921.4,742
2025-01-13 15:10:00+05:30,61911.5,61917.4,61905.6,61909.6,807
2025-01-13 15:15:00+05:30,61911.9,61920.0,61910.2,61917.8,919
2025-01-13 15:20:00+05:30,61913.1,61926.3,61910.7,61922.7,966
2025-01-13 15:25:00+05:30,61930.8,61938.0,61929.3,61934.0,860
2025-01-13 15:30:00+05:30,61936.2,61939.6,61927.3,61933.7,790
2025-01-13 15:35:00+05:30,61929.9,61933.5,61926.7,61928.0,766
2025-01-13 15:40:00+05:30,61933.1,61936.3,61924.2,61927.5,981
2025-01-13 15:45:00+05:30,61947.0,61956.7,61943.5,61955.4,843
2025-01-13 15:50:00+05:30,61965.7,61980.6,61960.6,61977.5,913
2025-01-13 15:55:00+05:30,61968.6,61972.6,61964.9,61970.5,914
2025-01-13 16:00:00+05:30,61964.6,61970.6,61955.7,61963.7,943
2025-01-13 16:05:00+05:30,61969.0,61980.3,61966.6,61977.8,775
2025-01-13 16:10:00+05:30,61978.6,61980.3,61966.9,61974.8,671
2025-01-13 16:15:00+05:30,61968.8,61977.3,61967.3,61976.1,741
2025-01-13 16:20:00+05:30,61981.7,61997.8,61978.1,61995.8,895
2025-01-13 16:25:00+05:30,61996.4,62011.1,61996.3,62008.1,929
2025-01-13 16:30:00+05:30,62003.5,62007.5,61992.3,61997.1,1036
2025-01-13 16:35:00+05:30,61997.9,62003.3,61992.5,61995.4,737
2025-01-13 16:40:00+05:30,61998.3,61998.4,61992.6,61996.9,946
2025-01-13 16:45:00+05:30,61985.3,61990.1,61979.2,61987.4,776
2025-01-13 16:50:00+05:30,61987.5,62008.6,61984.2,62000.5,918
2025-01-13 16:55:00+05:30,62002.8,62007.2,61996.1,62006.0,987
2025-01-13 17:00:00+05:30,62010.8,62019.2,62006.3,62017.9,877
2025-01-14 09:00:00+05:30,62018.7,62019.0,61999.8,62002.5,314
2025-01-14 09:05:00+05:30,62005.5,62007.8,62004.1,62005.3,575
2025-01-14 09:10:00+05:30,62004.1,62007.6,61996.3,62004.1,450
2025-01-14 09:15:00+05:30,62003.3,62003.8,61991.6,61999.3,418
2025-01-14 09:20:00+05:30,62011.2,62018.5,62006.8,62006.8,670
2025-01-14 09:25:00+05:30,62008.7,62011.2,62007.8,62008.1,564
2025-01-14 09:30:00+05:30,62006.2,62010.2,61999.3,62004.2,376
2025-01-14 09:35:00+05:30,62006.5,62023.3,62001.5,62018.7,425
2025-01-14 09:40:00+05:30,62017.1,62035.7,62010.7,62030.0,357
2025-01-14 09:45:00+05:30,62033.7,62041.9,62026.6,62037.2,599
2025-01-14 09:50:00+05:30,62041.6,62041.6,62030.0,62031.0,595
2025-01-14 09:55:00+05:30,62031.2,62033.2,62019.4,62022.5,611
2025-01-14 10:00:00+05:30,62028.1,62045.5,62025.6,62038.9,572
2025-01-14 10:05:00+05:30,62031.7,62044.0,62031.0,62039.2,452
2025-01-14 10:10:00+05:30,62035.5,62035.9,62026.0,62030.0,731
2025-01-14 10:15:00+05:30,62031.9,62036.0,62019.4,62023.2,376
2025-01-14 10:20:00+05:30,62022.7,62027.2,62022.7,62025.3,297
2025-01-14 10:25:00+05:30,62025.0,62037.1,62018.6,62034.3,452
2025-01-14 10:30:00+05:30,62035.3,62038.7,62026.6,62033.7,333
2025-01-14 10:35:00+05:30,62037.1,62042.2,62019.7,62022.2,564
2025-01-14 10:40:00+05:30,62021.3,62021.8,62008.9,62012.8,515
2025-01-14 10:45:00+05:30,62021.6,62028.3,62020.4,62024.6,399
2025-01-14 10:50:00+05:30,62022.3,62028.7,62018.7,62024.4,533
2025-01-14 10:55:00+05:30,62018.5,62026.0,62018.4,62023.9,627
2025-01-14 11:00:00+05:30,62028.7,62046.7,62024.7,62043.9,370
2025-01-14 11:05:00+05:30,62029.8,62032.0,62025.0,62028.1,499
2025-01-14 11:10:00+05:30,62031.7,62040.5,62029.7,62037.5,189
2025-01-14 11:15:00+05:30,62033.0,62037.4,62031.0,62033.6,309
2025-01-14 11:20:00+05:30,62036.2,62039.4,62030.0,62039.4,382
2025-01-14 11:25:00+05:30,62037.0,62043.3,62033.7,62037.6,338
2025-01-14 11:30:00+05:30,62041.4,62044.8,62034.3,62034.9,287
2025-01-14 11:35:00+05:30,62036.2,62036.4,62031.6,62034.4,530
2025-01-14 11:40:00+05:30,62035.4,62042.9,62031.8,62038.3,191
2025-01-14 11:45:00+05:30,62031.0,62033.6,62028.6,62032.1,312
2025-01-14 11:50:00+05:30,62042.1,62059.8,62040.7,62055.8,336
2025-01-14 11:55:00+05:30,62054.9,62061.9,62054.2,62059.3,476
2025-01-14 12:00:00+05:30,62062.3,62067.7,62051.2,62057.7,755
2025-01-14 12:05:00+05:30,62049.7,62051.8,62038.2,62043.5,311
2025-01-14 12:10:00+05:30,62044.7,62053.0,62038.5,62051.6,531
2025-01-14 12:15:00+05:30,62051.1,62056.3,62047.8,62054.4,580
2025-01-14 12:20:00+05:30,62057.3,62073.6,62055.1,62069.3,475
2025-01-14 12:25:00+05:30,62074.0,62078.0,62072.3,62072.5,477
2025-01-14 12:30:00+05:30,62074.9,62079.9,62074.1,62078.6,371
2025-01-14 12:35:00+05:30,62076.6,62095.5,62074.1,62090.1,502
2025-01-14 12:40:00+05:30,62082.5,62082.9,62079.9,62080.8,513
2025-01-14 12:45:00+05:30,62076.7,62082.5,62068.1,62071.2,410
2025-01-14 12:50:00+05:30,62070.6,62072.7,62060.4,62070.8,479
2025-01-14 12:55:00+05:30,62060.7,62065.6,62055.2,62056.8,10
2025-01-14 13:00:00+05:30,62068.3,62074.4,62041.3,62052.4,569
2025-01-14 13:05:00+05:30,62038.3,62046.4,62036.8,62041.8,527
2025-01-14 13:10:00+05:30,62030.7,62043.2,62026.2,62036.2,218
2025-01-14 13:15:00+05:30,62031.1,62031.3,62016.8,62018.4,285
2025-01-14 13:20:00+05:30,62022.0,62022.7,62009.8,62017.6,417
2025-01-14 13:25:00+05:30,62018.6,62022.6,62017.6,62021.7,491
2025-01-14 13:30:00+05:30,62021.1,62024.4,62018.5,62023.6,519
2025-01-14 13:35:00+05:30,62025.9,62027.4,62024.6,62026.2,396
2025-01-14 13:40:00+05:30,62028.5,62033.7,62026.3,62030.3,684
2025-01-14 13:45:00+05:30,62025.1,62032.0,62011.0,62017.1,621
2025-01-14 13:50:00+05:30,62011.7,62027.6,62010.7,62026.2,629
2025-01-14 13:55:00+05:30,62039.4,62043.0,62037.0,62041.4,235
2025-01-14 14:00:00+05:30,62048.3,62053.2,62044.3,62053.1,484
2025-01-14 14:05:00+05:30,62055.7,62060.2,62052.2,62057.0,81
2025-01-14 14:10:00+05:30,62072.4,62073.4,62060.3,62060.4,401
2025-01-14 14:15:00+05:30,62063.2,62067.6,62063.1,62064.4,838
2025-01-14 14:20:00+05:30,62065.6,62067.8,62047.3,62051.9,296
2025-01-14 14:25:00+05:30,62052.1,62063.2,62050.7,62063.1,233
2025-01-14 14:30:00+05:30,62067.0,62071.6,62049.7,62052.8,592
2025-01-14 14:35:00+05:30,62056.7,62064.3,62049.4,62060.9,276
2025-01-14 14:40:00+05:30,62060.1,62064.5,62055.6,62063.2,594
2025-01-14 14:45:00+05:30,62064.6,62065.4,62056.5,62057.8,47
2025-01-14 14:50:00+05:30,62061.2,62068.9,62055.1,62056.5,472
2025-01-14 14:55:00+05:30,62066.4,62067.0,62060.7,62065.5,527
2025-01-14 15:00:00+05:30,62072.2,62093.8,62071.7,62092.5,477
2025-01-14 15:05:00+05:30,62088.9,62091.1,62074.3,62078.5,1229
2025-01-14 15:10:00+05:30,62085.2,62087.2,62080.7,62085.5,337
2025-01-14 15:15:00+05:30,62099.1,62103.8,62097.5,62100.7,400
2025-01-14 15:20:00+05:30,62104.9,62115.1,62103.4,62113.9,341
2025-01-14 15:25:00+05:30,62110.5,62118.1,62100.6,62102.4,525
2025-01-14 15:30:00+05:30,62107.0,62108.1,62102.7,62103.7,509
2025-01-14 15:35:00+05:30,62101.4,62102.0,62090.0,62090.8,230
2025-01-14 15:40:00+05:30,62096.6,62118.4,62094.5,62116.8,323
2025-01-14 15:45:00+05:30,62118.0,62118.7,62103.6,62111.6,568
2025-01-14 15:50:00+05:30,62111.3,62113.7,62098.8,62099.9,455
2025-01-14 15:55:00+05:30,62108.6,62118.3,62102.8,62114.4,525
2025-01-14 16:00:00+05:30,62120.5,62131.7,62114.7,62129.1,356
2025-01-14 16:05:00+05:30,62133.7,62138.3,62128.3,62133.6,600
2025-01-14 16:10:00+05:30,62127.4,62133.6,62120.8,62131.2,422
2025-01-14 16:15:00+05:30,62134.0,62150.8,62124.2,62150.1,478
2025-01-14 16:20:00+05:30,62142.4,62153.3,62139.9,62151.3,610
2025-01-14 16:25:00+05:30,62158.1,62158.3,62155.0,62155.2,550
2025-01-14 16:30:00+05:30,62157.4,62176.8,62156.5,62173.2,556
2025-01-14 16:35:00+05:30,62185.2,62194.8,62184.4,62194.7,526
2025-01-14 16:40:00+05:30,62197.3,62201.2,62196.0,62201.0,437
2025-01-14 16:45:00+05:30,62211.3,62211.5,62205.9,62209.3,542
2025-01-14 16:50:00+05:30,62219.1,62223.0,62218.5,62220.7,520
2025-01-14 16:55:00+05:30,62221.1,62224.0,62219.9,62222.2,427
2025-01-14 17:00:00+05:30,62238.4,62243.5,62225.0,62228.8,444
2025-01-15 09:00:00+05:30,62229.8,62236.8,62228.9,62234.1,434
2025-01-15 09:05:00+05:30,62227.1,62230.2,62217.1,62218.1,510
2025-01-15 09:10:00+05:30,62209.2,62225.6,62204.3,62214.5,218
2025-01-15 09:15:00+05:30,62209.2,62230.4,62200.1,62217.6,520
2025-01-15 09:20:00+05:30,62213.9,62218.1,62213.4,62217.3,327
2025-01-15 09:25:00+05:30,62208.6,62220.2,62203.0,62218.6,628
2025-01-15 09:30:00+05:30,62230.0,62243.0,62229.7,62239.8,451
2025-01-15 09:35:00+05:30,62242.4,62246.6,62227.9,62230.2,1235
2025-01-15 09:40:00+05:30,62239.2,62242.0,62227.6,62237.5,505
2025-01-15 09:45:00+05:30,62234.6,62238.0,62226.1,62236.1,547
2025-01-15 09:50:00+05:30,62234.2,62240.1,62225.6,62226.4,630
2025-01-15 09:55:00+05:30,62218.1,62220.2,62214.7,62220.0,509
2025-01-15 10:00:00+05:30,62223.2,62228.9,62214.4,62215.2,486
2025-01-15 10:05:00+05:30,62219.4,62225.7,62216.0,62225.5,319
2025-01-15 10:10:00+05:30,62216.5,62225.6,62216.1,62225.0,232
2025-01-15 10:15:00+05:30,62217.2,62227.4,62215.2,62222.1,447
2025-01-15 10:20:00+05:30,62227.2,62228.6,62203.1,62209.6,609
2025-01-15 10:25:00+05:30,62207.8,62209.0,62200.5,62202.7,340
2025-01-15 10:30:00+05:30,62215.5,62220.9,62209.6,62215.0,530
2025-01-15 10:35:00+05:30,62220.2,62223.6,62215.3,62216.0,349
2025-01-15 10:40:00+05:30,62208.8,62225.1,62206.2,62224.7,372
2025-01-15 10:45:00+05:30,62223.3,62234.2,62219.8,62232.1,455
2025-01-15 10:50:00+05:30,62232.7,62243.2,62231.2,62236.6,514
2025-01-15 10:55:00+05:30,62229.7,62234.1,62216.7,62222.0,532
2025-01-15 11:00:00+05:30,62222.5,62230.7,62198.2,62201.8,683
2025-01-15 11:05:00+05:30,62196.9,62198.3,62174.9,62179.3,308
2025-01-15 11:10:00+05:30,62183.9,62196.9,62181.2,62189.6,463
2025-01-15 11:15:00+05:30,62187.6,62189.5,62179.4,62183.5,555
2025-01-15 11:20:00+05:30,62189.4,62190.7,62186.3,62189.1,369
2025-01-15 11:25:00+05:30,62190.9,62193.4,62181.2,62192.3,593
2025-01-15 11:30:00+05:30,62190.7,62191.3,62186.2,62189.0,489
2025-01-15 11:35:00+05:30,62181.1,62183.0,62170.3,62172.1,676
2025-01-15 11:40:00+05:30,62177.7,62178.9,62169.8,62175.6,530
2025-01-15 11:45:00+05:30,62183.3,62183.9,62181.0,62181.6,544
2025-01-15 11:50:00+05:30,62186.1,62190.3,62177.6,62185.9,420
2025-01-15 11:55:00+05:30,62196.0,62206.6,62195.8,62198.8,551
2025-01-15 12:00:00+05:30,62195.7,62203.9,62185.1,62190.3,360
2025-01-15 12:05:00+05:30,62183.2,62190.3,62173.2,62181.6,237
2025-01-15 12:10:00+05:30,62175.4,62184.4,62172.8,62183.3,445
2025-01-15 12:15:00+05:30,62193.0,62200.0,62182.3,62197.3,428
2025-01-15 12:20:00+05:30,62205.3,62206.5,62185.7,62190.5,642
2025-01-15 12:25:00+05:30,62185.9,62196.6,62181.6,62186.2,441
2025-01-15 12:30:00+05:30,62174.5,62178.6,62165.7,62171.5,464
2025-01-15 12:35:00+05:30,62181.8,62182.5,62176.5,62179.9,277
2025-01-15 12:40:00+05:30,62183.1,62184.9,62180.8,62181.4,538
2025-01-15 12:45:00+05:30,62176.9,62183.9,62173.5,62178.0,454
2025-01-15 12:50:00+05:30,62177.6,62183.2,62161.4,62164.5,560
2025-01-15 12:55:00+05:30,62160.8,62174.5,62159.9,62170.5,528
2025-01-15 13:00:00+05:30,62170.4,62174.1,62162.4,62165.1,615
2025-01-15 13:05:00+05:30,62165.3,62171.4,62164.1,62171.3,433
2025-01-15 13:10:00+05:30,62167.4,62167.4,62162.9,62166.3,425
2025-01-15 13:15:00+05:30,62165.4,62166.1,62158.2,62163.5,312
2025-01-15 13:20:00+05:30,62170.3,62172.3,62165.2,62170.1,623
2025-01-15 13:25:00+05:30,62164.9,62172.2,62160.0,62161.0,404
2025-01-15 13:30:00+05:30,62167.0,62167.9,62158.7,62162.4,297
2025-01-15 13:35:00+05:30,62155.8,62158.0,62146.0,62147.9,398
2025-01-15 13:40:00+05:30,62148.2,62149.9,62134.5,62139.0,427
2025-01-15 13:45:00+05:30,62141.3,62143.4,62112.6,62125.0,422
2025-01-15 13:50:00+05:30,62129.5,62146.6,62120.9,62142.7,504
2025-01-15 13:55:00+05:30,62146.4,62147.5,62132.0,62137.2,584
2025-01-15 14:00:00+05:30,62137.6,62139.8,62124.8,62130.7,449
2025-01-15 14:05:00+05:30,62123.9,62128.9,62108.5,62108.9,554
2025-01-15 14:10:00+05:30,62118.3,62119.3,62108.3,62112.6,555
2025-01-15 14:15:00+05:30,62102.9,62126.7,62101.5,62119.7,588
2025-01-15 14:20:00+05:30,62123.1,62133.1,62120.9,62132.8,648
2025-01-15 14:25:00+05:30,62132.5,62136.1,62124.3,62128.2,272
2025-01-15 14:30:00+05:30,62128.8,62129.9,62114.5,62124.8,422
2025-01-15 14:35:00+05:30,62130.9,62138.6,62130.2,62132.8,407
2025-01-15 14:40:00+05:30,62123.1,62124.6,62102.9,62108.4,587
2025-01-15 14:45:00+05:30,62106.9,62109.4,62097.0,62100.2,318
2025-01-15 14:50:00+05:30,62102.3,62104.9,62100.4,62100.4,482
2025-01-15 14:55:00+05:30,62112.8,62119.1,62107.5,62108.2,533
2025-01-15 15:00:00+05:30,62115.1,62119.4,62101.0,62108.4,405
2025-01-15 15:05:00+05:30,62105.2,62112.1,62098.4,62102.5,323
2025-01-15 15:10:00+05:30,62106.2,62125.0,62105.7,62123.2,357
2025-01-15 15:15:00+05:30,62112.5,62119.3,62112.3,62118.0,390
2025-01-15 15:20:00+05:30,62122.4,62124.4,62104.7,62113.0,615
2025-01-15 15:25:00+05:30,62109.8,62113.4,62104.2,62113.1,483
2025-01-15 15:30:00+05:30,62124.6,62129.3,62117.5,62122.6,313
2025-01-15 15:35:00+05:30,62129.1,62129.2,62115.9,62121.5,415
2025-01-15 15:40:00+05:30,62118.8,62123.4,62114.3,62116.8,647
2025-01-15 15:45:00+05:30,62110.8,62117.2,62104.3,62108.3,600
2025-01-15 15:50:00+05:30,62119.7,62119.8,62116.3,62118.9,116
2025-01-15 15:55:00+05:30,62118.6,62134.4,62114.1,62130.5,586
2025-01-15 16:00:00+05:30,62125.1,62127.5,62118.9,62126.6,477
2025-01-15 16:05:00+05:30,62132.0,62137.2,62112.0,62116.9,1567
2025-01-15 16:10:00+05:30,62116.8,62122.7,62110.0,62113.2,474
2025-01-15 16:15:00+05:30,62115.2,62117.9,62114.5,62115.0,468
2025-01-15 16:20:00+05:30,62120.4,62134.6,62119.3,62130.8,527
2025-01-15 16:25:00+05:30,62123.3,62129.3,62113.0,62128.7,611
2025-01-15 16:30:00+05:30,62130.2,62135.5,62123.3,62131.5,332
2025-01-15 16:35:00+05:30,62118.9,62119.9,62113.7,62114.5,357
2025-01-15 16:40:00+05:30,62124.9,62132.4,62124.6,62130.2,433
2025-01-15 16:45:00+05:30,62125.6,62135.3,62121.2,62133.6,431
2025-01-15 16:50:00+05:30,62121.8,62125.3,62119.7,62121.5,704
2025-01-15 16:55:00+05:30,62130.2,62155.6,62129.5,62152.6,553
2025-01-15 17:00:00+05:30,62153.2,62154.8,62145.4,62148.0,354
2025-01-16 09:00:00+05:30,62147.2,62153.0,62127.2,62131.8,319
2025-01-16 09:05:00+05:30,62133.1,62144.6,62128.8,62141.6,498
2025-01-16 09:10:00+05:30,62148.2,62157.1,62143.1,62155.6,143
2025-01-16 09:15:00+05:30,62153.8,62169.3,62148.0,62163.0,594
2025-01-16 09:20:00+05:30,62156.1,62157.4,62148.0,62154.3,502
2025-01-16 09:25:00+05:30,62160.6,62160.7,62157.0,62157.1,627
2025-01-16 09:30:00+05:30,62151.4,62155.8,62150.3,62151.4,409
2025-01-16 09:35:00+05:30,62151.8,62157.8,62150.0,62156.8,405
2025-01-16 09:40:00+05:30,62146.4,62151.9,62141.3,62150.1,495
2025-01-16 09:45:00+05:30,62144.0,62149.0,62138.2,62141.0,575
2025-01-16 09:50:00+05:30,62134.1,62134.5,62128.1,62130.5,213
2025-01-16 09:55:00+05:30,62133.4,62135.2,62117.2,62117.8,474
2025-01-16 10:00:00+05:30,62115.6,62123.5,62113.0,62122.4,429
2025-01-16 10:05:00+05:30,62132.7,62143.8,62130.3,62139.0,362
2025-01-16 10:10:00+05:30,62138.1,62143.2,62126.5,62130.1,388
2025-01-16 10:15:00+05:30,62131.4,62142.5,62130.8,62137.2,418
2025-01-16 10:20:00+05:30,62133.4,62137.7,62113.1,62113.4,432
2025-01-16 10:25:00+05:30,62116.9,62117.7,62112.5,62117.5,354
2025-01-16 10:30:00+05:30,62111.0,62123.9,62108.2,62122.4,411
2025-01-16 10:35:00+05:30,62120.8,62123.5,62115.2,62116.6,382
2025-01-16 10:40:00+05:30,62108.6,62109.9,62107.3,62109.2,448
2025-01-16 10:45:00+05:30,62113.4,62118.8,62111.1,62117.8,299
2025-01-16 10:50:00+05:30,62117.9,62118.3,62107.8,62111.6,225
2025-01-16 10:55:00+05:30,62108.8,62113.2,62100.4,62102.1,589
2025-01-16 11:00:00+05:30,62100.8,62116.6,62092.9,62109.4,718
2025-01-16 11:05:00+05:30,62108.8,62109.8,62101.4,62103.0,522
2025-01-16 11:10:00+05:30,62097.6,62099.6,62091.5,62096.2,227
2025-01-16 11:15:00+05:30,62092.3,62093.9,62089.0,62091.2,637
2025-01-16 11:20:00+05:30,62082.1,62083.7,62070.0,62071.1,218
2025-01-16 11:25:00+05:30,62064.5,62083.8,62063.5,62076.5,477
2025-01-16 11:30:00+05:30,62080.2,62084.6,62075.1,62076.2,369
2025-01-16 11:35:00+05:30,62081.9,62088.9,62070.4,62075.7,618
2025-01-16 11:40:00+05:30,62075.7,62077.0,62068.5,62071.7,604
2025-01-16 11:45:00+05:30,62069.3,62073.9,62065.3,62070.8,287
2025-01-16 11:50:00+05:30,62072.3,62072.5,62050.9,62057.0,559
2025-01-16 11:55:00+05:30,62048.6,62061.5,62044.2,62052.3,399
2025-01-16 12:00:00+05:30,62041.9,62049.7,62040.6,62049.3,260
2025-01-16 12:05:00+05:30,62053.3,62071.6,62050.9,62067.6,304
2025-01-16 12:10:00+05:30,62076.4,62082.4,62068.1,62070.2,464
2025-01-16 12:15:00+05:30,62074.2,62075.7,62071.3,62074.1,407
2025-01-16 12:20:00+05:30,62077.7,62079.6,62075.3,62077.1,279
2025-01-16 12:25:00+05:30,62086.4,62095.0,62085.2,62093.5,590
2025-01-16 12:30:00+05:30,62089.7,62104.9,62082.6,62104.7,257
2025-01-16 12:35:00+05:30,62117.1,62118.4,62112.4,62117.3,554
2025-01-16 12:40:00+05:30,62116.8,62123.0,62102.3,62106.9,421
2025-01-16 12:45:00+05:30,62116.1,62120.5,62106.1,62113.2,347
2025-01-16 12:50:00+05:30,62109.4,62116.9,62108.0,62115.4,338
2025-01-16 12:55:00+05:30,62112.4,62129.1,62110.9,62127.8,237
2025-01-16 13:00:00+05:30,62124.9,62133.8,62122.4,62133.3,505
2025-01-16 13:05:00+05:30,62139.8,62143.0,62132.2,62133.8,466
2025-01-16 13:10:00+05:30,62134.1,62135.1,62125.3,62125.5,360
2025-01-16 13:15:00+05:30,62126.3,62126.8,62117.3,62121.4,706
2025-01-16 13:20:00+05:30,62123.0,62140.3,62112.8,62132.4,377
2025-01-16 13:25:00+05:30,62130.9,62131.3,62103.7,62109.0,1318
2025-01-16 13:30:00+05:30,62104.3,62110.5,62103.0,62110.2,500
2025-01-16 13:35:00+05:30,62094.3,62099.3,62064.8,62069.8,651
2025-01-16 13:40:00+05:30,62062.0,62062.0,62054.6,62058.6,622
2025-01-16 13:45:00+05:30,62061.5,62066.7,62055.2,62061.4,434
2025-01-16 13:50:00+05:30,62064.3,62064.9,62053.9,62059.6,555
2025-01-16 13:55:00+05:30,62066.6,62067.1,62060.1,62065.0,516
2025-01-16 14:00:00+05:30,62062.1,62062.5,62055.2,62062.1,397
2025-01-16 14:05:00+05:30,62059.8,62060.4,62057.5,62058.0,301
2025-01-16 14:10:00+05:30,62064.0,62065.5,62050.0,62055.5,537
2025-01-16 14:15:00+05:30,62050.4,62056.0,62046.3,62051.2,249
2025-01-16 14:20:00+05:30,62059.3,62061.2,62050.1,62053.5,516
2025-01-16 14:25:00+05:30,62053.7,62063.4,62051.2,62054.1,353
2025-01-16 14:30:00+05:30,62067.0,62070.3,62053.0,62053.9,374
2025-01-16 14:35:00+05:30,62046.1,62063.0,62045.3,62057.3,550
2025-01-16 14:40:00+05:30,62051.4,62052.4,62037.6,62040.7,449
2025-01-16 14:45:00+05:30,62045.5,62047.2,62039.8,62046.5,372
2025-01-16 14:50:00+05:30,62043.2,62043.5,62038.3,62041.6,182
2025-01-16 14:55:00+05:30,62043.8,62049.7,62036.0,62044.9,516
2025-01-16 15:00:00+05:30,62049.5,62070.6,62045.7,62063.2,509
2025-01-16 15:05:00+05:30,62062.9,62065.4,62057.3,62060.2,402
2025-01-16 15:10:00+05:30,62070.5,62072.4,62063.0,62068.8,461
2025-01-16 15:15:00+05:30,62061.3,62084.9,62060.5,62080.5,596
2025-01-16 15:20:00+05:30,62078.8,62097.8,62076.5,62090.3,488
2025-01-16 15:25:00+05:30,62080.8,62096.0,62079.1,62093.7,278
2025-01-16 15:30:00+05:30,62096.1,62099.1,62084.6,62087.2,279
2025-01-16 15:35:00+05:30,62089.3,62089.4,62084.3,62087.0,554
2025-01-16 15:40:00+05:30,62080.8,62083.3,62074.9,62081.4,318
2025-01-16 15:45:00+05:30,62080.1,62083.0,62067.6,62074.0,235
2025-01-16 15:50:00+05:30,62073.0,62075.4,62059.8,62061.4,377
2025-01-16 15:55:00+05:30,62057.4,62071.2,62054.2,62069.2,436
2025-01-16 16:00:00+05:30,62076.5,62079.6,62071.5,62071.7,603
2025-01-16 16:05:00+05:30,62072.9,62074.9,62070.1,62070.8,626
2025-01-16 16:10:00+05:30,62068.3,62073.2,62062.4,62064.7,326
2025-01-16 16:15:00+05:30,62056.9,62062.5,62048.3,62057.9,667
2025-01-16 16:20:00+05:30,62058.8,62066.3,62057.7,62063.3,544
2025-01-16 16:25:00+05:30,62073.9,62085.9,62070.3,62078.1,208
2025-01-16 16:30:00+05:30,62074.6,62086.7,62070.4,62086.6,342
2025-01-16 16:35:00+05:30,62085.1,62099.5,62081.3,62097.7,165
2025-01-16 16:40:00+05:30,62100.2,62105.8,62098.7,62102.0,430
2025-01-16 16:45:00+05:30,62088.3,62094.4,62084.7,62093.0,465
2025-01-16 16:50:00+05:30,62099.3,62102.8,62094.7,62098.2,414
2025-01-16 16:55:00+05:30,62094.4,62101.2,62090.2,62101.1,222
2025-01-16 17:00:00+05:30,62097.8,62105.4,62092.5,62100.4,419
2025-01-17 09:00:00+05:30,62107.9,62110.1,62093.1,62097.2,555
2025-01-17 09:05:00+05:30,62099.7,62104.8,62097.5,62102.5,460
2025-01-17 09:10:00+05:30,62109.5,62117.0,62109.0,62111.0,601
2025-01-17 09:15:00+05:30,62108.8,62111.3,62096.9,62097.5,380
2025-01-17 09:20:00+05:30,62097.2,62102.9,62094.0,62101.3,485
2025-01-17 09:25:00+05:30,62101.5,62103.4,62099.8,62102.6,535
2025-01-17 09:30:00+05:30,62098.0,62111.2,62091.9,62093.5,412
2025-01-17 09:35:00+05:30,62088.1,62096.2,62086.3,62095.4,771
2025-01-17 09:40:00+05:30,62101.2,62106.5,62098.8,62104.7,723
2025-01-17 09:45:00+05:30,62115.5,62123.1,62114.5,62122.3,594
2025-01-17 09:50:00+05:30,62121.7,62125.2,62120.4,62123.5,580
2025-01-17 09:55:00+05:30,62127.5,62134.3,62120.3,62128.8,560
2025-01-17 10:00:00+05:30,62126.8,62133.0,62117.3,62122.9,631
2025-01-17 10:05:00+05:30,62126.6,62127.9,62125.2,62127.2,525
2025-01-17 10:10:00+05:30,62128.4,62135.7,62125.6,62133.2,469
2025-01-17 10:15:00+05:30,62130.1,62134.1,62117.6,62121.5,494
2025-01-17 10:20:00+05:30,62118.1,62122.1,62113.2,62116.5,679
2025-01-17 10:25:00+05:30,62119.8,62122.5,62116.5,62120.4,732
2025-01-17 10:30:00+05:30,62116.2,62124.5,62115.9,62123.4,1392
2025-01-17 10:35:00+05:30,62118.1,62123.6,62115.8,62123.3,556
2025-01-17 10:40:00+05:30,62124.0,62126.2,62110.2,62113.9,688
2025-01-17 10:45:00+05:30,62120.3,62123.0,62109.8,62111.3,718
2025-01-17 10:50:00+05:30,62111.6,62127.4,62107.2,62126.3,464
2025-01-17 10:55:00+05:30,62112.2,62114.1,62098.0,62103.2,629
2025-01-17 11:00:00+05:30,62100.2,62104.4,62085.7,62088.8,1497
2025-01-17 11:05:00+05:30,62089.3,62103.3,62087.6,62098.7,644
2025-01-17 11:10:00+05:30,62095.5,62107.9,62093.6,62100.4,645
2025-01-17 11:15:00+05:30,62091.7,62099.4,62089.3,62095.3,837
2025-01-17 11:20:00+05:30,62090.9,62095.5,62076.1,62077.9,1686
2025-01-17 11:25:00+05:30,62084.2,62101.8,62083.4,62098.4,624
2025-01-17 11:30:00+05:30,62100.0,62101.0,62098.0,62098.2,586
2025-01-17 11:35:00+05:30,62094.6,62112.5,62093.8,62110.3,1795
2025-01-17 11:40:00+05:30,62105.2,62118.3,62104.5,62118.2,520
2025-01-17 11:45:00+05:30,62110.9,62114.7,62108.5,62109.6,270
2025-01-17 11:50:00+05:30,62118.4,62130.3,62112.8,62125.0,658
2025-01-17 11:55:00+05:30,62118.8,62128.2,62108.8,62128.0,534
2025-01-17 12:00:00+05:30,62127.0,62144.5,62122.9,62137.7,519
2025-01-17 12:05:00+05:30,62130.3,62136.5,62130.1,62135.7,644
2025-01-17 12:10:00+05:30,62143.4,62145.5,62138.1,62140.6,742
2025-01-17 12:15:00+05:30,62127.9,62129.1,62123.7,62128.3,595
2025-01-17 12:20:00+05:30,62120.3,62127.9,62118.6,62125.6,522
2025-01-17 12:25:00+05:30,62125.4,62127.8,62123.5,62126.0,739
2025-01-17 12:30:00+05:30,62130.1,62140.5,62126.6,62135.0,553
2025-01-17 12:35:00+05:30,62128.6,62134.0,62112.6,62113.6,569
2025-01-17 12:40:00+05:30,62114.1,62118.5,62110.0,62110.6,661
2025-01-17 12:45:00+05:30,62102.2,62103.9,62096.7,62099.4,1244
2025-01-17 12:50:00+05:30,62094.8,62095.7,62088.6,62095.0,400
2025-01-17 12:55:00+05:30,62111.8,62119.4,62107.3,62109.6,245
2025-01-17 13:00:00+05:30,62114.5,62116.4,62103.5,62107.2,367
2025-01-17 13:05:00+05:30,62105.8,62107.0,62094.7,62099.8,603
2025-01-17 13:10:00+05:30,62103.1,62105.5,62097.3,62104.7,637
2025-01-17 13:15:00+05:30,62103.7,62115.0,62098.3,62112.1,751
2025-01-17 13:20:00+05:30,62106.2,62110.5,62088.3,62088.7,488
2025-01-17 13:25:00+05:30,62083.5,62085.6,62075.7,62080.1,564
2025-01-17 13:30:00+05:30,62081.4,62095.9,62081.4,62091.4,297
2025-01-17 13:35:00+05:30,62096.0,62097.3,62082.2,62083.6,754
2025-01-17 13:40:00+05:30,62079.7,62081.1,62078.7,62079.3,703
2025-01-17 13:45:00+05:30,62080.0,62085.2,62076.6,62083.6,595
2025-01-17 13:50:00+05:30,62084.7,62090.3,62082.2,62087.7,724
2025-01-17 13:55:00+05:30,62081.6,62092.5,62079.3,62083.1,693
2025-01-17 14:00:00+05:30,62083.8,62085.3,62058.3,62059.6,633
2025-01-17 14:05:00+05:30,62058.4,62063.7,62056.2,62057.0,426
2025-01-17 14:10:00+05:30,62050.5,62063.7,62049.7,62062.6,516
2025-01-17 14:15:00+05:30,62068.2,62070.4,62050.6,62050.8,605
2025-01-17 14:20:00+05:30,62039.8,62042.8,62030.3,62033.4,694
2025-01-17 14:25:00+05:30,62035.2,62040.3,62034.7,62036.5,672
2025-01-17 14:30:00+05:30,62039.1,62049.6,62025.5,62027.1,629
2025-01-17 14:35:00+05:30,62023.9,62037.7,62022.2,62035.8,649
2025-01-17 14:40:00+05:30,62033.9,62039.9,62022.5,62028.7,628
2025-01-17 14:45:00+05:30,62047.4,62055.2,62046.6,62050.0,461
2025-01-17 14:50:00+05:30,62047.6,62053.2,62036.5,62042.9,613
2025-01-17 14:55:00+05:30,62047.4,62052.3,62044.7,62051.2,594
2025-01-17 15:00:00+05:30,62055.7,62057.9,62049.6,62057.0,520
2025-01-17 15:05:00+05:30,62059.5,62062.7,62053.2,62054.6,518
2025-01-17 15:10:00+05:30,62050.7,62057.9,62048.5,62052.9,266
2025-01-17 15:15:00+05:30,62049.5,62052.3,62027.1,62029.1,1746
2025-01-17 15:20:00+05:30,62018.4,62029.1,62015.5,62027.3,461
2025-01-17 15:25:00+05:30,62039.1,62043.7,62031.0,62031.5,527
2025-01-17 15:30:00+05:30,62023.7,62028.0,62022.0,62023.6,689
2025-01-17 15:35:00+05:30,62014.7,62021.5,62012.5,62021.5,667
2025-01-17 15:40:00+05:30,62014.5,62029.4,62014.2,62029.3,529
2025-01-17 15:45:00+05:30,62026.1,62028.8,62008.5,62013.8,677
2025-01-17 15:50:00+05:30,62022.0,62029.1,62021.3,62028.0,617
2025-01-17 15:55:00+05:30,62028.0,62037.2,62027.3,62030.5,541
2025-01-17 16:00:00+05:30,62019.4,62021.4,62012.5,62016.4,572
2025-01-17 16:05:00+05:30,62020.3,62021.3,62015.6,62017.1,681
2025-01-17 16:10:00+05:30,62012.1,62020.7,62003.3,62015.8,742
2025-01-17 16:15:00+05:30,62004.5,62010.6,61980.4,61980.4,570
2025-01-17 16:20:00+05:30,61977.2,61978.8,61968.2,61968.3,605
2025-01-17 16:25:00+05:30,61973.7,61977.2,61966.6,61968.7,706
2025-01-17 16:30:00+05:30,61964.6,61980.5,61963.7,61972.0,726
2025-01-17 16:35:00+05:30,61968.3,61973.7,61967.5,61968.5,502
2025-01-17 16:40:00+05:30,61964.0,61966.2,61961.3,61961.8,354
2025-01-17 16:45:00+05:30,61952.6,61956.6,61951.6,61954.6,483
2025-01-17 16:50:00+05:30,61951.8,61954.7,61939.4,61942.7,691
2025-01-17 16:55:00+05:30,61949.7,61952.4,61943.7,61945.8,551
2025-01-17 17:00:00+05:30,61944.0,61946.3,61937.0,61944.7,438
2025-01-20 09:00:00+05:30,61939.3,61943.4,61928.9,61934.8,643
2025-01-20 09:05:00+05:30,61927.8,61942.8,61927.4,61938.3,560
2025-01-20 09:10:00+05:30,61939.3,61952.0,61938.0,61943.7,922
2025-01-20 09:15:00+05:30,61952.6,61962.2,61951.5,61957.8,712
2025-01-20 09:20:00+05:30,61952.0,61958.1,61932.8,61934.2,2051
2025-01-20 09:25:00+05:30,61919.4,61922.8,61915.0,61917.5,572
2025-01-20 09:30:00+05:30,61913.4,61923.0,61913.4,61914.9,765
2025-01-20 09:35:00+05:30,61918.0,61922.0,61910.3,61919.8,744
2025-01-20 09:40:00+05:30,61916.4,61925.9,61916.2,61920.2,794
2025-01-20 09:45:00+05:30,61921.7,61926.6,61919.0,61921.2,699
2025-01-20 09:50:00+05:30,61920.6,61930.8,61907.5,61911.8,720
2025-01-20 09:55:00+05:30,61913.4,61914.1,61910.9,61911.9,594
2025-01-20 10:00:00+05:30,61910.5,61916.7,61909.1,61915.3,673
2025-01-20 10:05:00+05:30,61914.4,61919.0,61906.3,61911.1,658
2025-01-20 10:10:00+05:30,61914.8,61920.6,61904.2,61907.6,795
2025-01-20 10:15:00+05:30,61906.8,61912.2,61892.3,61895.8,576
2025-01-20 10:20:00+05:30,61896.4,61901.3,61892.7,61899.5,610
2025-01-20 10:25:00+05:30,61895.7,61898.3,61869.5,61873.7,784
2025-01-20 10:30:00+05:30,61873.8,61882.4,61867.4,61881.7,600
2025-01-20 10:35:00+05:30,61885.8,61890.4,61882.5,61884.3,976
2025-01-20 10:40:00+05:30,61886.0,61895.1,61881.2,61890.4,570
2025-01-20 10:45:00+05:30,61892.0,61892.1,61880.7,61890.2,705
2025-01-20 10:50:00+05:30,61895.7,61906.0,61894.1,61903.7,548
2025-01-20 10:55:00+05:30,61907.5,61925.9,61900.7,61917.4,681
2025-01-20 11:00:00+05:30,61918.4,61919.5,61914.3,61918.6,595
2025-01-20 11:05:00+05:30,61912.4,61917.3,61909.3,61909.5,708
2025-01-20 11:10:00+05:30,61914.8,61919.0,61913.5,61914.3,725
2025-01-20 11:15:00+05:30,61914.3,61921.6,61912.2,61920.0,630
2025-01-20 11:20:00+05:30,61916.5,61923.5,61910.4,61923.3,589
2025-01-20 11:25:00+05:30,61919.6,61925.1,61906.0,61908.5,727
2025-01-20 11:30:00+05:30,61906.2,61912.8,61898.5,61901.4,569
2025-01-20 11:35:00+05:30,61900.1,61918.5,61896.7,61916.4,857
2025-01-20 11:40:00+05:30,61912.0,61920.2,61906.3,61917.9,592
2025-01-20 11:45:00+05:30,61921.5,61922.1,61912.6,61919.4,596
2025-01-20 11:50:00+05:30,61915.3,61918.6,61906.3,61916.3,725
2025-01-20 11:55:00+05:30,61911.3,61912.7,61891.5,61897.9,729
2025-01-20 12:00:00+05:30,61886.2,61902.2,61879.6,61900.1,835
2025-01-20 12:05:00+05:30,61906.6,61908.8,61899.4,61900.7,799
2025-01-20 12:10:00+05:30,61900.2,61907.4,61899.4,61904.4,710
2025-01-20 12:15:00+05:30,61908.0,61910.0,61902.9,61908.4,556
2025-01-20 12:20:00+05:30,61908.2,61912.4,61901.6,61910.8,711
2025-01-20 12:25:00+05:30,61914.8,61923.6,61907.1,61913.2,974
2025-01-20 12:30:00+05:30,61921.8,61922.5,61911.8,61914.3,629
2025-01-20 12:35:00+05:30,61914.8,61919.5,61912.2,61918.5,917
2025-01-20 12:40:00+05:30,61928.9,61931.9,61922.0,61924.0,599
2025-01-20 12:45:00+05:30,61924.0,61925.4,61916.6,61917.2,719
2025-01-20 12:50:00+05:30,61916.6,61917.2,61911.1,61913.7,1046
2025-01-20 12:55:00+05:30,61910.2,61918.4,61900.9,61906.1,779
2025-01-20 13:00:00+05:30,61908.1,61922.9,61906.3,61918.0,751
2025-01-20 13:05:00+05:30,61918.6,61919.4,61905.5,61912.3,776
2025-01-20 13:10:00+05:30,61913.2,61916.6,61898.7,61903.4,798
2025-01-20 13:15:00+05:30,61912.7,61918.7,61900.7,61906.5,817
2025-01-20 13:20:00+05:30,61901.0,61909.6,61897.3,61905.9,753
2025-01-20 13:25:00+05:30,61909.0,61913.6,61908.2,61911.5,829
2025-01-20 13:30:00+05:30,61910.7,61911.8,61893.0,61899.6,671
2025-01-20 13:35:00+05:30,61904.1,61906.2,61886.1,61887.6,380
2025-01-20 13:40:00+05:30,61894.2,61903.7,61890.7,61902.2,753
2025-01-20 13:45:00+05:30,61900.3,61903.8,61895.3,61901.3,910
2025-01-20 13:50:00+05:30,61898.8,61903.9,61889.0,61891.2,767
2025-01-20 13:55:00+05:30,61893.7,61896.3,61879.5,61885.1,923
2025-01-20 14:00:00+05:30,61876.8,61886.9,61873.3,61878.3,720
2025-01-20 14:05:00+05:30,61882.0,61904.8,61878.1,61901.9,874
2025-01-20 14:10:00+05:30,61900.7,61904.8,61897.7,61900.2,782
2025-01-20 14:15:00+05:30,61907.5,61942.4,61907.1,61939.7,572
2025-01-20 14:20:00+05:30,61938.4,61938.5,61927.0,61934.1,877
2025-01-20 14:25:00+05:30,61926.9,61937.8,61920.0,61937.6,813
2025-01-20 14:30:00+05:30,61923.0,61923.4,61913.5,61916.4,666
2025-01-20 14:35:00+05:30,61920.8,61922.9,61912.6,61917.0,565
2025-01-20 14:40:00+05:30,61918.5,61928.1,61915.4,61925.9,891
2025-01-20 14:45:00+05:30,61933.4,61947.4,61930.7,61944.0,630
2025-01-20 14:50:00+05:30,61936.2,61938.8,61925.9,61928.5,602
2025-01-20 14:55:00+05:30,61931.3,61945.6,61927.0,61943.3,785
2025-01-20 15:00:00+05:30,61935.6,61935.8,61933.7,61934.6,781
2025-01-20 15:05:00+05:30,61937.0,61939.9,61931.2,61935.6,769
2025-01-20 15:10:00+05:30,61934.4,61934.6,61919.7,61920.5,659
2025-01-20 15:15:00+05:30,61913.5,61927.9,61909.2,61919.2,724
2025-01-20 15:20:00+05:30,61911.0,61913.8,61904.8,61907.7,688
2025-01-20 15:25:00+05:30,61910.6,61913.4,61900.1,61900.7,704
2025-01-20 15:30:00+05:30,61902.1,61903.8,61887.0,61889.2,712
2025-01-20 15:35:00+05:30,61899.8,61902.4,61890.4,61891.2,800
2025-01-20 15:40:00+05:30,61894.6,61899.0,61887.6,61890.1,747
2025-01-20 15:45:00+05:30,61883.9,61885.8,61877.1,61884.3,787
2025-01-20 15:50:00+05:30,61892.0,61896.5,61888.9,61889.2,618
2025-01-20 15:55:00+05:30,61889.2,61891.5,61883.9,61888.0,573
2025-01-20 16:00:00+05:30,61881.4,61884.7,61870.5,61872.6,577
2025-01-20 16:05:00+05:30,61867.1,61885.0,61865.5,61881.4,797
2025-01-20 16:10:00+05:30,61877.3,61880.0,61876.9,61878.2,757
2025-01-20 16:15:00+05:30,61877.2,61878.9,61873.9,61874.8,777
2025-01-20 16:20:00+05:30,61867.7,61869.3,61853.9,61859.7,746
2025-01-20 16:25:00+05:30,61861.1,61866.3,61851.3,61852.0,647
2025-01-20 16:30:00+05:30,61848.8,61860.1,61848.2,61859.3,796
2025-01-20 16:35:00+05:30,61860.5,61868.9,61859.5,61862.7,722
2025-01-20 16:40:00+05:30,61862.9,61870.3,61858.2,61865.0,686
2025-01-20 16:45:00+05:30,61867.9,61882.5,61865.4,61871.5,863
2025-01-20 16:50:00+05:30,61865.6,61868.4,61861.4,61863.1,776
2025-01-20 16:55:00+05:30,61860.8,61863.7,61856.0,61859.4,607
2025-01-20 17:00:00+05:30,61855.5,61860.0,61849.2,61859.2,677
2025-01-21 09:00:00+05:30,61854.0,61855.0,61851.3,61853.4,418
2025-01-21 09:05:00+05:30,61849.8,61855.6,61844.2,61854.3,533
2025-01-21 09:10:00+05:30,61858.1,61858.1,61848.9,61854.1,485
2025-01-21 09:15:00+05:30,61849.2,61851.0,61842.4,61844.4,178
2025-01-21 09:20:00+05:30,61847.5,61853.7,61840.1,61853.1,551
2025-01-21 09:25:00+05:30,61856.4,61857.3,61851.5,61854.6,574
2025-01-21 09:30:00+05:30,61868.1,61892.5,61863.0,61886.0,460
2025-01-21 09:35:00+05:30,61885.4,61891.4,61868.5,61873.0,467
2025-01-21 09:40:00+05:30,61869.5,61873.2,61848.5,61854.9,505
2025-01-21 09:45:00+05:30,61846.3,61849.6,61843.0,61848.2,318
2025-01-21 09:50:00+05:30,61833.9,61841.1,61808.1,61816.4,482
2025-01-21 09:55:00+05:30,61814.7,61823.7,61813.7,61821.6,469
2025-01-21 10:00:00+05:30,61818.5,61824.7,61816.7,61820.8,414
2025-01-21 10:05:00+05:30,61829.1,61833.5,61812.3,61814.6,1354
2025-01-21 10:10:00+05:30,61813.3,61816.7,61807.1,61816.0,524
2025-01-21 10:15:00+05:30,61813.8,61814.7,61803.3,61807.9,529
2025-01-21 10:20:00+05:30,61803.9,61812.4,61800.8,61807.9,413
2025-01-21 10:25:00+05:30,61805.5,61811.3,61802.5,61810.6,484
2025-01-21 10:30:00+05:30,61816.6,61819.8,61813.2,61815.9,378
2025-01-21 10:35:00+05:30,61819.8,61823.6,61816.7,61817.4,593
2025-01-21 10:40:00+05:30,61819.2,61820.1,61811.4,61816.2,464
2025-01-21 10:45:00+05:30,61816.4,61824.3,61811.6,61817.4,480
2025-01-21 10:50:00+05:30,61813.2,61814.5,61808.4,61811.8,560
2025-01-21 10:55:00+05:30,61817.7,61821.6,61811.6,61817.0,646
2025-01-21 11:00:00+05:30,61821.2,61833.0,61818.3,61827.4,311
2025-01-21 11:05:00+05:30,61833.8,61837.9,61827.7,61829.7,437
2025-01-21 11:10:00+05:30,61834.2,61838.6,61828.1,61829.6,406
2025-01-21 11:15:00+05:30,61821.6,61824.4,61817.1,61819.6,376
2025-01-21 11:20:00+05:30,61819.6,61825.8,61817.6,61824.1,506
2025-01-21 11:25:00+05:30,61825.4,61826.2,61804.1,61812.3,316
2025-01-21 11:30:00+05:30,61810.9,61812.5,61806.4,61811.7,481
2025-01-21 11:35:00+05:30,61811.0,61813.7,61800.9,61808.2,504
2025-01-21 11:40:00+05:30,61811.0,61818.1,61810.0,61816.4,589
2025-01-21 11:45:00+05:30,61825.4,61832.0,61824.5,61831.8,380
2025-01-21 11:50:00+05:30,61825.1,61826.9,61808.9,61811.7,1068
2025-01-21 11:55:00+05:30,61800.2,61800.3,61784.0,61784.4,519
2025-01-21 12:00:00+05:30,61778.8,61780.6,61772.6,61778.8,432
2025-01-21 12:05:00+05:30,61793.6,61795.9,61789.5,61792.1,558
2025-01-21 12:10:00+05:30,61793.2,61796.4,61791.9,61794.0,714
2025-01-21 12:15:00+05:30,61795.9,61806.2,61794.8,61802.7,584
2025-01-21 12:20:00+05:30,61798.1,61806.8,61793.8,61794.2,689
2025-01-21 12:25:00+05:30,61795.7,61799.5,61787.8,61793.3,346
2025-01-21 12:30:00+05:30,61798.7,61800.7,61793.7,61797.7,603
2025-01-21 12:35:00+05:30,61799.0,61802.6,61788.8,61789.3,474
2025-01-21 12:40:00+05:30,61785.0,61786.8,61768.6,61776.5,349
2025-01-21 12:45:00+05:30,61779.0,61779.1,61758.0,61764.6,671
2025-01-21 12:50:00+05:30,61766.4,61771.2,61758.0,61758.5,618
2025-01-21 12:55:00+05:30,61754.2,61768.8,61751.2,61759.8,372
2025-01-21 13:00:00+05:30,61758.6,61759.3,61757.4,61757.5,535
2025-01-21 13:05:00+05:30,61755.8,61762.3,61753.5,61759.0,463
2025-01-21 13:10:00+05:30,61752.4,61772.2,61751.0,61766.8,356
2025-01-21 13:15:00+05:30,61763.8,61765.3,61759.4,61759.8,431
2025-01-21 13:20:00+05:30,61738.6,61739.1,61734.4,61739.1,628
2025-01-21 13:25:00+05:30,61744.0,61747.0,61732.9,61735.1,328
2025-01-21 13:30:00+05:30,61743.5,61751.0,61740.6,61745.0,596
2025-01-21 13:35:00+05:30,61746.3,61750.7,61745.3,61748.1,382
2025-01-21 13:40:00+05:30,61758.5,61765.8,61751.8,61753.8,431
2025-01-21 13:45:00+05:30,61757.1,61758.2,61753.1,61753.5,647
2025-01-21 13:50:00+05:30,61746.1,61746.6,61732.0,61736.5,283
2025-01-21 13:55:00+05:30,61740.6,61741.8,61736.9,61737.7,543
2025-01-21 14:00:00+05:30,61722.0,61724.1,61718.5,61720.1,475
2025-01-21 14:05:00+05:30,61720.6,61737.2,61720.1,61732.7,447
2025-01-21 14:10:00+05:30,61736.5,61742.0,61733.0,61733.9,489
2025-01-21 14:15:00+05:30,61742.3,61751.4,61741.2,61742.1,313
2025-01-21 14:20:00+05:30,61739.9,61748.4,61738.7,61744.6,451
2025-01-21 14:25:00+05:30,61749.5,61759.3,61748.1,61754.6,615
2025-01-21 14:30:00+05:30,61746.3,61746.3,61731.7,61736.6,398
2025-01-21 14:35:00+05:30,61735.3,61741.8,61733.1,61739.8,309
2025-01-21 14:40:00+05:30,61746.9,61750.6,61742.0,61747.6,400
2025-01-21 14:45:00+05:30,61756.1,61762.5,61746.9,61756.5,517
2025-01-21 14:50:00+05:30,61762.2,61773.1,61759.6,61767.9,509
2025-01-21 14:55:00+05:30,61771.9,61773.0,61771.1,61771.7,440
2025-01-21 15:00:00+05:30,61776.4,61790.6,61774.2,61788.3,522
2025-01-21 15:05:00+05:30,61779.2,61782.3,61760.2,61768.8,639
2025-01-21 15:10:00+05:30,61768.6,61775.9,61751.1,61751.1,707
2025-01-21 15:15:00+05:30,61756.2,61756.5,61747.5,61752.4,429
2025-01-21 15:20:00+05:30,61760.9,61765.6,61758.2,61761.3,639
2025-01-21 15:25:00+05:30,61763.9,61767.0,61763.9,61764.9,417
2025-01-21 15:30:00+05:30,61763.7,61770.4,61744.8,61751.7,545
2025-01-21 15:35:00+05:30,61753.6,61754.9,61751.8,61754.6,489
2025-01-21 15:40:00+05:30,61752.7,61762.7,61746.0,61756.1,307
2025-01-21 15:45:00+05:30,61746.7,61762.9,61745.3,61758.9,490
2025-01-21 15:50:00+05:30,61766.1,61777.2,61764.7,61775.4,563
2025-01-21 15:55:00+05:30,61774.3,61778.8,61764.8,61771.4,381
2025-01-21 16:00:00+05:30,61773.5,61779.5,61766.0,61777.4,521
2025-01-21 16:05:00+05:30,61788.0,61788.3,61779.4,61784.4,450
2025-01-21 16:10:00+05:30,61788.9,61793.4,61788.5,61792.2,562
2025-01-21 16:15:00+05:30,61793.5,61806.2,61790.7,61799.1,270
2025-01-21 16:20:00+05:30,61792.1,61808.2,61785.5,61803.5,487
2025-01-21 16:25:00+05:30,61794.5,61806.7,61790.4,61798.7,401
2025-01-21 16:30:00+05:30,61806.5,61815.9,61796.8,61815.3,517
2025-01-21 16:35:00+05:30,61822.7,61831.2,61820.6,61826.4,703
2025-01-21 16:40:00+05:30,61819.5,61828.8,61814.8,61827.1,654
2025-01-21 16:45:00+05:30,61824.8,61833.0,61815.5,61815.6,638
2025-01-21 16:50:00+05:30,61812.5,61818.3,61802.5,61808.4,245
2025-01-21 16:55:00+05:30,61807.7,61808.7,61794.0,61799.4,415
2025-01-21 17:00:00+05:30,61796.4,61800.5,61789.5,61795.8,530
2025-01-22 09:00:00+05:30,61794.9,61801.9,61788.2,61790.5,835
2025-01-22 09:05:00+05:30,61783.0,61791.1,61778.0,61788.7,963
2025-01-22 09:10:00+05:30,61788.1,61796.5,61775.1,61781.2,685
2025-01-22 09:15:00+05:30,61790.9,61796.4,61782.9,61792.4,797
2025-01-22 09:20:00+05:30,61797.1,61802.2,61782.7,61784.7,984
2025-01-22 09:25:00+05:30,61788.2,61793.3,61783.8,61792.5,924
2025-01-22 09:30:00+05:30,61797.8,61805.0,61795.1,61800.3,856
2025-01-22 09:35:00+05:30,61798.6,61802.1,61787.4,61793.0,737
2025-01-22 09:40:00+05:30,61802.7,61817.7,61797.3,61811.2,1018
2025-01-22 09:45:00+05:30,61796.0,61800.5,61789.1,61795.4,752
2025-01-22 09:50:00+05:30,61782.1,61783.7,61774.5,61779.1,1012
2025-01-22 09:55:00+05:30,61771.0,61780.0,61764.3,61777.9,608
2025-01-22 10:00:00+05:30,61776.9,61777.7,61765.1,61766.6,847
2025-01-22 10:05:00+05:30,61777.9,61787.3,61776.7,61785.9,900
2025-01-22 10:10:00+05:30,61787.9,61788.1,61772.5,61777.2,722
2025-01-22 10:15:00+05:30,61777.6,61787.3,61775.2,61779.2,912
2025-01-22 10:20:00+05:30,61766.3,61769.4,61761.2,61768.0,778
2025-01-22 10:25:00+05:30,61762.0,61764.9,61742.3,61753.2,803
2025-01-22 10:30:00+05:30,61753.2,61767.0,61746.8,61760.4,1029
2025-01-22 10:35:00+05:30,61761.0,61761.4,61747.5,61752.1,999
2025-01-22 10:40:00+05:30,61755.0,61765.1,61743.2,61749.9,1043
2025-01-22 10:45:00+05:30,61747.7,61758.9,61746.9,61752.9,808
2025-01-22 10:50:00+05:30,61749.2,61750.8,61743.8,61744.6,1112
2025-01-22 10:55:00+05:30,61751.5,61753.6,61740.0,61742.9,904
2025-01-22 11:00:00+05:30,61743.2,61768.2,61738.5,61762.5,948
2025-01-22 11:05:00+05:30,61753.8,61768.8,61751.6,61764.8,924
2025-01-22 11:10:00+05:30,61757.9,61758.3,61753.0,61753.8,959
2025-01-22 11:15:00+05:30,61756.3,61761.5,61749.1,61750.4,744
2025-01-22 11:20:00+05:30,61753.1,61761.1,61746.5,61749.4,842
2025-01-22 11:25:00+05:30,61754.8,61766.7,61750.6,61765.0,777
2025-01-22 11:30:00+05:30,61770.4,61789.2,61766.8,61782.5,955
2025-01-22 11:35:00+05:30,61785.5,61796.3,61783.8,61794.0,728
2025-01-22 11:40:00+05:30,61791.0,61794.0,61784.5,61785.5,823
2025-01-22 11:45:00+05:30,61783.2,61788.2,61780.8,61785.9,652
2025-01-22 11:50:00+05:30,61778.7,61784.5,61771.5,61780.2,791
2025-01-22 11:55:00+05:30,61778.6,61789.0,61778.4,61787.2,1031
2025-01-22 12:00:00+05:30,61782.6,61787.2,61780.9,61783.9,918
2025-01-22 12:05:00+05:30,61784.9,61787.1,61780.7,61784.0,914
2025-01-22 12:10:00+05:30,61789.6,61794.9,61769.8,61782.6,848
2025-01-22 12:15:00+05:30,61785.0,61787.6,61767.4,61769.2,733
2025-01-22 12:20:00+05:30,61765.9,61768.3,61761.8,61765.6,868
2025-01-22 12:25:00+05:30,61762.9,61772.1,61762.2,61768.0,810
2025-01-22 12:30:00+05:30,61761.9,61764.0,61743.2,61747.1,641
2025-01-22 12:35:00+05:30,61753.6,61760.0,61749.8,61758.4,866
2025-01-22 12:40:00+05:30,61758.9,61763.3,61755.8,61757.5,913
2025-01-22 12:45:00+05:30,61758.2,61774.1,61753.0,61771.6,768
2025-01-22 12:50:00+05:30,61779.0,61785.6,61774.8,61776.7,751
2025-01-22 12:55:00+05:30,61783.5,61795.1,61782.9,61790.8,881
2025-01-22 13:00:00+05:30,61805.0,61807.1,61800.2,61806.9,813
2025-01-22 13:05:00+05:30,61796.9,61801.0,61786.9,61793.2,764
2025-01-22 13:10:00+05:30,61796.6,61797.7,61788.1,61791.6,791
2025-01-22 13:15:00+05:30,61783.8,61791.4,61782.6,61783.9,689
2025-01-22 13:20:00+05:30,61796.9,61797.9,61784.6,61788.4,819
2025-01-22 13:25:00+05:30,61785.6,61789.4,61778.8,61783.4,465
2025-01-22 13:30:00+05:30,61783.1,61786.5,61773.0,61777.8,687
2025-01-22 13:35:00+05:30,61769.2,61780.2,61767.2,61779.6,807
2025-01-22 13:40:00+05:30,61780.8,61781.7,61770.4,61773.4,711
2025-01-22 13:45:00+05:30,61766.5,61768.3,61762.7,61763.2,1093
2025-01-22 13:50:00+05:30,61766.0,61769.3,61763.1,61766.1,837
2025-01-22 13:55:00+05:30,61761.6,61771.3,61736.4,61740.1,2058
2025-01-22 14:00:00+05:30,61736.7,61738.4,61725.2,61725.3,1497
2025-01-22 14:05:00+05:30,61733.8,61743.2,61716.4,61722.5,613
2025-01-22 14:10:00+05:30,61715.7,61716.0,61714.6,61715.4,755
2025-01-22 14:15:00+05:30,61713.5,61723.1,61709.6,61722.3,654
2025-01-22 14:20:00+05:30,61714.7,61716.8,61696.8,61703.9,1026
2025-01-22 14:25:00+05:30,61703.7,61706.7,61695.4,61695.4,774
2025-01-22 14:30:00+05:30,61685.3,61689.8,61670.8,61672.2,856
2025-01-22 14:35:00+05:30,61666.7,61671.7,61662.9,61671.3,903
2025-01-22 14:40:00+05:30,61667.5,61668.4,61666.9,61667.8,807
2025-01-22 14:45:00+05:30,61668.3,61672.4,61660.9,61661.9,945
2025-01-22 14:50:00+05:30,61658.7,61661.2,61644.5,61654.1,952
2025-01-22 14:55:00+05:30,61645.6,61654.3,61634.8,61641.5,941
2025-01-22 15:00:00+05:30,61630.3,61633.8,61627.1,61631.6,875
2025-01-22 15:05:00+05:30,61636.8,61652.7,61635.4,61650.7,2053
2025-01-22 15:10:00+05:30,61649.8,61649.8,61642.5,61643.7,783
2025-01-22 15:15:00+05:30,61646.2,61646.7,61639.0,61643.1,804
2025-01-22 15:20:00+05:30,61635.6,61640.7,61634.2,61638.7,788
2025-01-22 15:25:00+05:30,61634.7,61641.1,61615.1,61618.2,1017
2025-01-22 15:30:00+05:30,61625.9,61632.5,61624.8,61631.8,878
2025-01-22 15:35:00+05:30,61634.2,61634.9,61620.8,61628.8,887
2025-01-22 15:40:00+05:30,61632.0,61634.6,61628.4,61634.2,943
2025-01-22 15:45:00+05:30,61630.0,61633.4,61628.8,61633.1,1178
2025-01-22 15:50:00+05:30,61638.9,61639.4,61621.7,61632.0,741
2025-01-22 15:55:00+05:30,61631.9,61635.4,61622.9,61625.1,935
2025-01-22 16:00:00+05:30,61614.2,61620.5,61606.3,61612.4,673
2025-01-22 16:05:00+05:30,61614.9,61621.0,61602.0,61610.2,736
2025-01-22 16:10:00+05:30,61608.9,61616.5,61605.6,61614.6,817
2025-01-22 16:15:00+05:30,61619.1,61627.2,61606.7,61609.8,855
2025-01-22 16:20:00+05:30,61602.0,61605.9,61593.3,61595.0,739
2025-01-22 16:25:00+05:30,61590.3,61591.9,61579.2,61583.1,882
2025-01-22 16:30:00+05:30,61574.5,61579.6,61560.2,61565.4,920
2025-01-22 16:35:00+05:30,61562.0,61565.6,61553.6,61555.4,822
2025-01-22 16:40:00+05:30,61562.9,61563.3,61541.4,61546.6,3189
2025-01-22 16:45:00+05:30,61538.0,61553.4,61532.4,61552.7,766
2025-01-22 16:50:00+05:30,61556.6,61557.3,61543.8,61548.3,776
2025-01-22 16:55:00+05:30,61540.5,61550.8,61534.3,61537.4,825
2025-01-22 17:00:00+05:30,61537.1,61539.8,61535.0,61538.2,742
2025-01-23 09:00:00+05:30,61531.2,61537.0,61523.8,61537.0,663
2025-01-23 09:05:00+05:30,61541.2,61548.6,61534.9,61539.2,522
2025-01-23 09:10:00+05:30,61534.6,61541.9,61524.8,61524.9,762
2025-01-23 09:15:00+05:30,61523.8,61528.2,61522.3,61523.5,523
2025-01-23 09:20:00+05:30,61521.8,61533.1,61515.6,61518.1,662
2025-01-23 09:25:00+05:30,61515.7,61517.2,61509.3,61511.1,726
2025-01-23 09:30:00+05:30,61516.8,61517.3,61507.1,61511.9,1412
2025-01-23 09:35:00+05:30,61511.2,61525.7,61509.6,61516.3,558
2025-01-23 09:40:00+05:30,61516.3,61518.6,61507.3,61511.3,773
2025-01-23 09:45:00+05:30,61506.4,61508.8,61498.1,61502.7,974
2025-01-23 09:50:00+05:30,61500.2,61507.6,61499.6,61504.9,600
2025-01-23 09:55:00+05:30,61505.6,61510.7,61504.1,61504.2,499
2025-01-23 10:00:00+05:30,61491.6,61494.1,61480.9,61481.9,760
2025-01-23 10:05:00+05:30,61480.5,61484.3,61474.0,61476.7,727
2025-01-23 10:10:00+05:30,61474.5,61489.3,61470.1,61485.1,740
2025-01-23 10:15:00+05:30,61488.6,61493.7,61488.3,61489.4,656
2025-01-23 10:20:00+05:30,61485.4,61487.3,61479.6,61479.8,601
2025-01-23 10:25:00+05:30,61489.3,61491.2,61478.9,61485.8,644
2025-01-23 10:30:00+05:30,61490.8,61495.5,61487.9,61491.7,783
2025-01-23 10:35:00+05:30,61501.1,61506.4,61497.1,61499.7,743
2025-01-23 10:40:00+05:30,61507.4,61525.5,61506.5,61523.0,483
2025-01-23 10:45:00+05:30,61519.7,61521.6,61517.8,61521.3,638
2025-01-23 10:50:00+05:30,61505.0,61511.3,61497.5,61506.5,737
2025-01-23 10:55:00+05:30,61507.5,61509.7,61507.5,61507.6,556
2025-01-23 11:00:00+05:30,61500.9,61505.2,61499.5,61505.1,581
2025-01-23 11:05:00+05:30,61509.8,61515.0,61496.9,61500.8,484
2025-01-23 11:10:00+05:30,61510.5,61526.4,61507.6,61523.4,920
2025-01-23 11:15:00+05:30,61520.6,61533.7,61518.3,61532.9,2158
2025-01-23 11:20:00+05:30,61538.6,61548.2,61534.1,61543.8,446
2025-01-23 11:25:00+05:30,61561.2,61573.6,61559.5,61571.4,737
2025-01-23 11:30:00+05:30,61579.6,61579.9,61578.1,61578.2,787
2025-01-23 11:35:00+05:30,61568.0,61578.8,61566.8,61570.6,792
2025-01-23 11:40:00+05:30,61576.8,61591.4,61574.5,61581.8,697
2025-01-23 11:45:00+05:30,61587.5,61594.4,61584.9,61587.0,818
2025-01-23 11:50:00+05:30,61586.9,61592.2,61585.4,61591.2,625
2025-01-23 11:55:00+05:30,61589.2,61592.5,61570.8,61575.7,623
2025-01-23 12:00:00+05:30,61580.8,61581.1,61564.7,61566.6,656
2025-01-23 12:05:00+05:30,61561.6,61564.9,61543.1,61545.2,438
2025-01-23 12:10:00+05:30,61552.6,61562.0,61539.2,61542.5,660
2025-01-23 12:15:00+05:30,61542.8,61548.7,61530.4,61541.7,590
2025-01-23 12:20:00+05:30,61547.5,61566.5,61542.7,61562.0,675
2025-01-23 12:25:00+05:30,61567.4,61589.3,61562.3,61585.7,2445
2025-01-23 12:30:00+05:30,61580.8,61602.8,61578.8,61594.7,773
2025-01-23 12:35:00+05:30,61593.6,61606.1,61588.7,61602.4,614
2025-01-23 12:40:00+05:30,61604.9,61609.4,61585.1,61589.8,593
2025-01-23 12:45:00+05:30,61588.5,61595.0,61586.0,61590.4,453
2025-01-23 12:50:00+05:30,61589.7,61590.8,61585.4,61588.0,876
2025-01-23 12:55:00+05:30,61589.4,61595.0,61587.1,61591.0,703
2025-01-23 13:00:00+05:30,61580.0,61580.3,61564.9,61565.7,719
2025-01-23 13:05:00+05:30,61569.2,61569.3,61553.9,61559.3,696
2025-01-23 13:10:00+05:30,61564.6,61580.8,61559.5,61576.3,2081
2025-01-23 13:15:00+05:30,61577.0,61579.5,61568.3,61568.6,1966
2025-01-23 13:20:00+05:30,61567.9,61597.8,61567.4,61592.4,479
2025-01-23 13:25:00+05:30,61590.3,61598.9,61589.5,61597.1,598
2025-01-23 13:30:00+05:30,61593.1,61593.4,61587.8,61590.1,621
2025-01-23 13:35:00+05:30,61579.8,61586.9,61576.8,61584.1,807
2025-01-23 13:40:00+05:30,61577.9,61579.3,61576.5,61577.8,582
2025-01-23 13:45:00+05:30,61580.8,61587.4,61576.2,61578.0,557
2025-01-23 13:50:00+05:30,61578.9,61579.2,61561.8,61563.8,726
2025-01-23 13:55:00+05:30,61552.0,61563.8,61547.1,61562.2,555
2025-01-23 14:00:00+05:30,61566.2,61569.5,61555.2,61562.3,524
2025-01-23 14:05:00+05:30,61557.0,61577.3,61556.0,61569.0,573
2025-01-23 14:10:00+05:30,61571.9,61574.2,61553.6,61559.4,524
2025-01-23 14:15:00+05:30,61559.4,61564.2,61559.1,61561.7,722
2025-01-23 14:20:00+05:30,61560.9,61567.1,61558.4,61560.6,491
2025-01-23 14:25:00+05:30,61567.1,61570.3,61561.3,61570.0,642
2025-01-23 14:30:00+05:30,61562.6,61564.1,61557.8,61560.6,679
2025-01-23 14:35:00+05:30,61563.2,61569.8,61554.3,61555.4,589
2025-01-23 14:40:00+05:30,61566.7,61586.4,61564.4,61582.6,754
2025-01-23 14:45:00+05:30,61580.5,61590.7,61580.0,61590.7,465
2025-01-23 14:50:00+05:30,61589.2,61593.8,61588.4,61592.9,644
2025-01-23 14:55:00+05:30,61591.7,61594.0,61576.8,61580.0,491
2025-01-23 15:00:00+05:30,61581.7,61590.3,61579.4,61581.0,790
2025-01-23 15:05:00+05:30,61580.0,61591.5,61575.9,61588.3,317
2025-01-23 15:10:00+05:30,61592.1,61615.0,61585.1,61611.8,650
2025-01-23 15:15:00+05:30,61615.8,61624.7,61614.8,61624.4,712
2025-01-23 15:20:00+05:30,61622.3,61635.6,61618.0,61630.6,629
2025-01-23 15:25:00+05:30,61629.7,61630.2,61621.0,61623.7,647
2025-01-23 15:30:00+05:30,61616.0,61629.6,61616.0,61625.8,764
2025-01-23 15:35:00+05:30,61630.5,61635.8,61625.0,61632.9,701
2025-01-23 15:40:00+05:30,61629.8,61637.9,61623.3,61635.3,642
2025-01-23 15:45:00+05:30,61642.1,61642.8,61637.0,61640.6,473
2025-01-23 15:50:00+05:30,61645.6,61652.0,61639.3,61646.1,447
2025-01-23 15:55:00+05:30,61651.3,61652.9,61646.8,61649.8,552
2025-01-23 16:00:00+05:30,61650.9,61662.8,61650.1,61658.1,620
2025-01-23 16:05:00+05:30,61658.1,61663.1,61651.6,61653.7,614
2025-01-23 16:10:00+05:30,61649.4,61654.9,61647.1,61653.6,716
2025-01-23 16:15:00+05:30,61649.1,61653.3,61633.3,61636.1,533
2025-01-23 16:20:00+05:30,61643.7,61658.0,61635.1,61656.0,607
2025-01-23 16:25:00+05:30,61662.3,61665.3,61645.5,61647.6,637
2025-01-23 16:30:00+05:30,61640.5,61644.5,61640.3,61640.4,550
2025-01-23 16:35:00+05:30,61635.5,61640.1,61632.3,61638.7,384
2025-01-23 16:40:00+05:30,61630.4,61633.2,61620.2,61623.2,531
2025-01-23 16:45:00+05:30,61637.4,61643.9,61635.9,61643.4,439
2025-01-23 16:50:00+05:30,61628.3,61648.2,61626.7,61642.1,666
2025-01-23 16:55:00+05:30,61640.8,61655.7,61638.6,61655.2,439
2025-01-23 17:00:00+05:30,61654.7,61658.4,61635.6,61640.7,634
2025-01-24 09:00:00+05:30,61637.7,61644.2,61633.4,61643.9,559
2025-01-24 09:05:00+05:30,61640.5,61641.6,61630.4,61632.2,1354
2025-01-24 09:10:00+05:30,61646.1,61646.7,61634.5,61637.4,497
2025-01-24 09:15:00+05:30,61642.4,61651.4,61636.8,61638.5,480
2025-01-24 09:20:00+05:30,61644.7,61647.9,61638.5,61641.7,405
2025-01-24 09:25:00+05:30,61638.2,61639.5,61629.4,61632.4,1441
2025-01-24 09:30:00+05:30,61632.0,61644.6,61624.2,61644.0,2261
2025-01-24 09:35:00+05:30,61645.1,61651.5,61641.0,61648.7,693
2025-01-24 09:40:00+05:30,61650.0,61663.4,61648.9,61658.3,588
2025-01-24 09:45:00+05:30,61652.9,61653.1,61640.1,61647.1,701
2025-01-24 09:50:00+05:30,61644.1,61659.2,61640.9,61656.9,1330
2025-01-24 09:55:00+05:30,61644.3,61646.1,61641.0,61642.6,427
2025-01-24 10:00:00+05:30,61642.0,61651.9,61637.3,61650.6,543
2025-01-24 10:05:00+05:30,61643.4,61643.4,61641.2,61642.7,925
2025-01-24 10:10:00+05:30,61645.4,61647.6,61635.8,61639.3,531
2025-01-24 10:15:00+05:30,61633.9,61638.1,61622.6,61624.8,312
2025-01-24 10:20:00+05:30,61620.0,61626.5,61617.4,61618.0,582
2025-01-24 10:25:00+05:30,61608.2,61609.6,61605.6,61606.9,544
2025-01-24 10:30:00+05:30,61595.8,61600.2,61587.9,61599.5,602
2025-01-24 10:35:00+05:30,61599.2,61601.0,61596.5,61596.6,450
2025-01-24 10:40:00+05:30,61598.2,61609.5,61594.9,61609.2,723
2025-01-24 10:45:00+05:30,61604.3,61610.7,61602.2,61605.9,691
2025-01-24 10:50:00+05:30,61604.7,61604.9,61599.1,61603.7,320
2025-01-24 10:55:00+05:30,61603.3,61606.0,61589.4,61592.3,559
2025-01-24 11:00:00+05:30,61598.4,61604.5,61597.7,61603.0,841
2025-01-24 11:05:00+05:30,61598.5,61600.7,61587.0,61587.3,430
2025-01-24 11:10:00+05:30,61585.6,61591.7,61583.2,61589.9,677
2025-01-24 11:15:00+05:30,61587.3,61591.8,61581.9,61583.0,766
2025-01-24 11:20:00+05:30,61578.6,61582.8,61553.9,61555.2,498
2025-01-24 11:25:00+05:30,61552.7,61563.8,61547.6,61563.1,661
2025-01-24 11:30:00+05:30,61560.8,61568.5,61556.8,61565.3,570
2025-01-24 11:35:00+05:30,61568.8,61573.3,61562.5,61565.7,573
2025-01-24 11:40:00+05:30,61573.3,61575.6,61561.0,61562.4,697
2025-01-24 11:45:00+05:30,61559.8,61561.8,61547.9,61548.5,523
2025-01-24 11:50:00+05:30,61555.3,61558.7,61542.2,61547.3,611
2025-01-24 11:55:00+05:30,61549.7,61551.1,61546.1,61549.4,741
2025-01-24 12:00:00+05:30,61542.3,61554.1,61539.2,61552.7,581
2025-01-24 12:05:00+05:30,61556.0,61559.3,61553.3,61553.9,533
2025-01-24 12:10:00+05:30,61556.4,61561.9,61552.3,61555.7,544
2025-01-24 12:15:00+05:30,61547.3,61550.1,61541.9,61545.8,543
2025-01-24 12:20:00+05:30,61546.7,61554.0,61533.5,61540.4,537
2025-01-24 12:25:00+05:30,61539.0,61539.4,61516.7,61520.9,796
2025-01-24 12:30:00+05:30,61516.0,61516.6,61504.3,61509.2,803
2025-01-24 12:35:00+05:30,61508.5,61521.3,61506.9,61521.2,511
2025-01-24 12:40:00+05:30,61517.5,61537.6,61516.5,61535.0,484
2025-01-24 12:45:00+05:30,61526.9,61529.1,61506.5,61514.4,829
2025-01-24 12:50:00+05:30,61510.3,61510.6,61496.5,61497.2,696
2025-01-24 12:55:00+05:30,61496.0,61503.3,61493.9,61500.5,541
2025-01-24 13:00:00+05:30,61502.7,61506.5,61496.4,61503.3,474
2025-01-24 13:05:00+05:30,61494.6,61496.1,61486.1,61491.4,619
2025-01-24 13:10:00+05:30,61493.2,61493.7,61486.0,61488.9,745
2025-01-24 13:15:00+05:30,61479.0,61480.3,61455.9,61465.3,817
2025-01-24 13:20:00+05:30,61461.4,61465.6,61448.1,61452.6,479
2025-01-24 13:25:00+05:30,61453.3,61463.0,61449.1,61458.2,602
2025-01-24 13:30:00+05:30,61454.2,61456.9,61436.4,61439.6,526
2025-01-24 13:35:00+05:30,61436.9,61448.7,61430.0,61441.8,447
2025-01-24 13:40:00+05:30,61443.0,61446.1,61435.9,61436.7,515
2025-01-24 13:45:00+05:30,61442.4,61445.7,61441.2,61442.3,574
2025-01-24 13:50:00+05:30,61439.2,61447.6,61435.1,61446.6,762
2025-01-24 13:55:00+05:30,61443.6,61453.8,61433.2,61451.9,639
2025-01-24 14:00:00+05:30,61453.6,61454.7,61451.7,61452.8,664
2025-01-24 14:05:00+05:30,61454.7,61456.0,61445.7,61451.0,801
2025-01-24 14:10:00+05:30,61456.8,61460.2,61456.3,61459.0,507
2025-01-24 14:15:00+05:30,61469.4,61474.8,61463.8,61470.3,552
2025-01-24 14:20:00+05:30,61470.6,61471.3,61459.0,61461.3,542
2025-01-24 14:25:00+05:30,61460.3,61484.5,61458.3,61477.2,571
2025-01-24 14:30:00+05:30,61475.5,61483.7,61474.8,61480.8,733
2025-01-24 14:35:00+05:30,61485.7,61487.7,61479.4,61481.4,504
2025-01-24 14:40:00+05:30,61469.2,61471.0,61464.5,61469.8,727
2025-01-24 14:45:00+05:30,61477.9,61485.1,61476.0,61480.8,682
2025-01-24 14:50:00+05:30,61472.2,61477.0,61467.7,61473.0,553
2025-01-24 14:55:00+05:30,61460.3,61467.0,61456.7,61461.3,582
2025-01-24 15:00:00+05:30,61457.2,61464.4,61456.8,61459.2,663
2025-01-24 15:05:00+05:30,61453.2,61464.3,61449.0,61461.4,446
2025-01-24 15:10:00+05:30,61464.7,61470.1,61463.4,61466.9,491
2025-01-24 15:15:00+05:30,61463.6,61471.3,61461.3,61465.1,723
2025-01-24 15:20:00+05:30,61470.0,61472.2,61450.6,61451.3,811
2025-01-24 15:25:00+05:30,61455.3,61466.7,61453.8,61463.8,618
2025-01-24 15:30:00+05:30,61461.1,61473.4,61460.4,61471.3,615
2025-01-24 15:35:00+05:30,61475.9,61482.0,61466.2,61471.5,683
2025-01-24 15:40:00+05:30,61465.3,61465.6,61455.6,61462.7,661
2025-01-24 15:45:00+05:30,61466.2,61469.4,61459.6,61460.8,583
2025-01-24 15:50:00+05:30,61464.4,61477.6,61463.5,61473.1,558
2025-01-24 15:55:00+05:30,61478.3,61491.7,61476.6,61486.1,588
2025-01-24 16:00:00+05:30,61475.7,61487.7,61473.7,61486.4,683
2025-01-24 16:05:00+05:30,61480.9,61494.4,61478.5,61493.2,586
2025-01-24 16:10:00+05:30,61498.8,61505.4,61483.2,61487.1,583
2025-01-24 16:15:00+05:30,61493.4,61503.1,61492.5,61497.2,977
2025-01-24 16:20:00+05:30,61492.8,61499.9,61481.3,61484.7,770
2025-01-24 16:25:00+05:30,61492.2,61492.9,61484.3,61485.5,767
2025-01-24 16:30:00+05:30,61481.7,61488.9,61472.4,61482.2,701
2025-01-24 16:35:00+05:30,61480.7,61492.9,61478.5,61487.3,833
2025-01-24 16:40:00+05:30,61489.1,61496.2,61485.3,61491.0,308
2025-01-24 16:45:00+05:30,61491.2,61493.0,61477.5,61484.9,734
2025-01-24 16:50:00+05:30,61482.0,61484.9,61470.8,61471.8,366
2025-01-24 16:55:00+05:30,61474.5,61482.5,61473.0,61482.2,840
2025-01-24 17:00:00+05:30,61486.5,61489.2,61476.3,61482.2,546
2025-01-27 09:00:00+05:30,61489.7,61492.5,61478.7,61484.8,539
2025-01-27 09:05:00+05:30,61488.0,61491.9,61480.6,61488.9,466
2025-01-27 09:10:00+05:30,61482.8,61495.3,61480.6,61490.7,286
2025-01-27 09:15:00+05:30,61494.0,61494.7,61491.4,61493.5,664
2025-01-27 09:20:00+05:30,61497.0,61500.4,61495.2,61498.3,431
2025-01-27 09:25:00+05:30,61503.0,61513.9,61499.2,61512.3,445
2025-01-27 09:30:00+05:30,61513.4,61517.9,61507.9,61512.4,291
2025-01-27 09:35:00+05:30,61511.4,61520.7,61503.2,61510.4,425
2025-01-27 09:40:00+05:30,61501.6,61506.4,61490.2,61491.1,521
2025-01-27 09:45:00+05:30,61495.1,61495.2,61488.0,61492.4,381
2025-01-27 09:50:00+05:30,61496.3,61503.7,61493.3,61493.6,393
2025-01-27 09:55:00+05:30,61490.1,61499.9,61486.3,61495.5,552
2025-01-27 10:00:00+05:30,61496.2,61504.4,61494.0,61499.1,484
2025-01-27 10:05:00+05:30,61504.6,61511.4,61502.1,61510.0,625
2025-01-27 10:10:00+05:30,61509.8,61514.8,61507.8,61511.1,382
2025-01-27 10:15:00+05:30,61509.9,61511.9,61494.5,61500.2,347
2025-01-27 10:20:00+05:30,61485.0,61492.3,61480.5,61481.8,553
2025-01-27 10:25:00+05:30,61471.5,61472.3,61464.0,61472.1,394
2025-01-27 10:30:00+05:30,61466.5,61471.0,61458.1,61458.2,476
2025-01-27 10:35:00+05:30,61454.8,61459.9,61450.0,61451.0,499
2025-01-27 10:40:00+05:30,61452.0,61456.1,61451.4,61453.9,802
2025-01-27 10:45:00+05:30,61447.6,61451.8,61436.0,61440.2,495
2025-01-27 10:50:00+05:30,61452.2,61455.1,61450.1,61452.1,472
2025-01-27 10:55:00+05:30,61447.0,61460.1,61445.1,61457.8,412
2025-01-27 11:00:00+05:30,61455.2,61456.1,61433.7,61435.8,637
2025-01-27 11:05:00+05:30,61431.5,61432.4,61421.9,61427.8,444
2025-01-27 11:10:00+05:30,61421.1,61422.3,61408.4,61409.2,696
2025-01-27 11:15:00+05:30,61423.6,61424.6,61417.8,61423.0,626
2025-01-27 11:20:00+05:30,61426.9,61428.3,61417.0,61417.8,559
2025-01-27 11:25:00+05:30,61424.9,61445.8,61422.1,61441.3,197
2025-01-27 11:30:00+05:30,61430.1,61435.4,61425.1,61425.9,643
2025-01-27 11:35:00+05:30,61423.8,61430.1,61417.9,61419.7,401
2025-01-27 11:40:00+05:30,61429.0,61438.4,61427.9,61434.7,514
2025-01-27 11:45:00+05:30,61424.4,61430.0,61417.5,61419.0,530
2025-01-27 11:50:00+05:30,61432.3,61436.8,61429.9,61432.4,511
2025-01-27 11:55:00+05:30,61427.8,61431.3,61422.9,61426.1,543
2025-01-27 12:00:00+05:30,61421.2,61430.2,61420.5,61429.9,302
2025-01-27 12:05:00+05:30,61432.2,61448.4,61427.7,61446.1,397
2025-01-27 12:10:00+05:30,61453.5,61472.6,61452.2,61471.6,1683
2025-01-27 12:15:00+05:30,61471.8,61474.8,61468.9,61473.2,449
2025-01-27 12:20:00+05:30,61473.7,61475.0,61457.7,61459.7,602
2025-01-27 12:25:00+05:30,61448.0,61467.1,61446.6,61466.2,373
2025-01-27 12:30:00+05:30,61466.5,61474.2,61465.7,61466.0,644
2025-01-27 12:35:00+05:30,61473.0,61484.6,61466.6,61482.1,548
2025-01-27 12:40:00+05:30,61482.7,61493.8,61481.9,61483.2,379
2025-01-27 12:45:00+05:30,61492.7,61500.5,61488.7,61499.6,464
2025-01-27 12:50:00+05:30,61495.4,61499.5,61470.6,61476.6,742
2025-01-27 12:55:00+05:30,61483.8,61492.5,61483.7,61484.2,617
2025-01-27 13:00:00+05:30,61484.1,61488.0,61478.7,61482.7,763
2025-01-27 13:05:00+05:30,61482.7,61488.8,61480.1,61484.9,754
2025-01-27 13:10:00+05:30,61487.7,61494.1,61481.1,61492.0,787
2025-01-27 13:15:00+05:30,61496.0,61499.2,61495.0,61496.7,623
2025-01-27 13:20:00+05:30,61491.4,61493.3,61484.4,61487.7,580
2025-01-27 13:25:00+05:30,61493.6,61495.9,61480.5,61486.7,523
2025-01-27 13:30:00+05:30,61485.7,61499.4,61481.2,61494.7,546
2025-01-27 13:35:00+05:30,61506.3,61515.0,61500.6,61513.2,478
2025-01-27 13:40:00+05:30,61522.0,61524.3,61511.5,61514.6,856
2025-01-27 13:45:00+05:30,61523.2,61528.3,61522.8,61523.4,543
2025-01-27 13:50:00+05:30,61525.3,61533.9,61523.1,61532.9,525
2025-01-27 13:55:00+05:30,61534.2,61544.2,61528.6,61543.1,475
2025-01-27 14:00:00+05:30,61549.8,61567.3,61549.3,61560.2,634
2025-01-27 14:05:00+05:30,61562.8,61563.1,61542.1,61554.2,579
2025-01-27 14:10:00+05:30,61556.7,61560.5,61544.1,61552.5,671
2025-01-27 14:15:00+05:30,61550.2,61556.3,61546.5,61547.7,173
2025-01-27 14:20:00+05:30,61548.8,61555.9,61546.9,61551.5,632
2025-01-27 14:25:00+05:30,61544.1,61552.1,61541.6,61546.4,455
2025-01-27 14:30:00+05:30,61543.6,61545.1,61540.1,61540.4,354
2025-01-27 14:35:00+05:30,61541.7,61548.2,61534.4,61543.5,724
2025-01-27 14:40:00+05:30,61542.6,61542.7,61535.3,61537.7,641
2025-01-27 14:45:00+05:30,61536.9,61548.3,61533.4,61543.2,539
2025-01-27 14:50:00+05:30,61538.1,61539.1,61530.5,61532.6,373
2025-01-27 14:55:00+05:30,61534.1,61535.8,61525.7,61526.9,456
2025-01-27 15:00:00+05:30,61529.2,61530.2,61520.6,61522.5,451
2025-01-27 15:05:00+05:30,61513.2,61518.5,61508.5,61509.9,742
2025-01-27 15:10:00+05:30,61508.2,61526.9,61506.7,61525.3,524
2025-01-27 15:15:00+05:30,61535.4,61538.5,61525.7,61531.2,555
2025-01-27 15:20:00+05:30,61528.4,61532.7,61519.1,61521.1,590
2025-01-27 15:25:00+05:30,61521.5,61527.4,61519.8,61522.6,808
2025-01-27 15:30:00+05:30,61521.8,61551.1,61517.1,61547.4,359
2025-01-27 15:35:00+05:30,61539.3,61541.6,61538.1,61541.4,674
2025-01-27 15:40:00+05:30,61543.3,61555.8,61540.3,61549.9,549
2025-01-27 15:45:00+05:30,61558.4,61560.1,61538.3,61540.7,1852
2025-01-27 15:50:00+05:30,61543.2,61545.7,61514.4,61519.0,687
2025-01-27 15:55:00+05:30,61515.7,61518.1,61513.7,61515.3,554
2025-01-27 16:00:00+05:30,61512.7,61517.3,61504.4,61504.6,579
2025-01-27 16:05:00+05:30,61509.2,61519.2,61508.0,61515.3,619
2025-01-27 16:10:00+05:30,61513.5,61519.6,61498.1,61505.1,755
2025-01-27 16:15:00+05:30,61500.8,61505.7,61493.0,61498.2,307
2025-01-27 16:20:00+05:30,61500.0,61504.5,61498.2,61503.7,361
2025-01-27 16:25:00+05:30,61504.3,61505.5,61484.7,61486.1,506
2025-01-27 16:30:00+05:30,61480.2,61486.6,61465.4,61467.5,1240
2025-01-27 16:35:00+05:30,61460.1,61463.8,61458.5,61460.6,681
2025-01-27 16:40:00+05:30,61467.4,61471.6,61460.2,61470.0,504
2025-01-27 16:45:00+05:30,61477.4,61478.4,61472.4,61473.3,681
2025-01-27 16:50:00+05:30,61476.0,61489.4,61469.5,61482.6,268
2025-01-27 16:55:00+05:30,61480.1,61489.1,61477.4,61485.5,475
2025-01-27 17:00:00+05:30,61494.1,61510.9,61492.8,61507.7,703
2025-01-28 09:00:00+05:30,61505.3,61509.3,61503.6,61504.3,744
2025-01-28 09:05:00+05:30,61507.6,61525.5,61500.0,61519.0,690
2025-01-28 09:10:00+05:30,61515.3,61526.6,61514.3,61525.7,783
2025-01-28 09:15:00+05:30,61532.5,61544.3,61531.0,61538.9,561
2025-01-28 09:20:00+05:30,61541.7,61544.0,61534.3,61538.8,992
2025-01-28 09:25:00+05:30,61541.8,61542.5,61531.3,61536.7,863
2025-01-28 09:30:00+05:30,61527.3,61536.8,61517.5,61524.7,729
2025-01-28 09:35:00+05:30,61535.3,61539.8,61534.0,61536.9,817
2025-01-28 09:40:00+05:30,61533.0,61545.2,61529.4,61538.8,883
2025-01-28 09:45:00+05:30,61528.9,61533.7,61520.3,61521.1,912
2025-01-28 09:50:00+05:30,61520.9,61521.3,61508.5,61509.9,917
2025-01-28 09:55:00+05:30,61507.9,61513.0,61506.7,61512.2,1107
2025-01-28 10:00:00+05:30,61518.7,61521.3,61506.6,61509.4,817
2025-01-28 10:05:00+05:30,61497.6,61499.7,61488.4,61492.7,890
2025-01-28 10:10:00+05:30,61491.3,61491.6,61480.1,61482.1,736
2025-01-28 10:15:00+05:30,61476.5,61480.8,61464.6,61466.0,614
2025-01-28 10:20:00+05:30,61471.5,61477.5,61462.0,61465.4,939
2025-01-28 10:25:00+05:30,61468.1,61471.9,61452.4,61457.1,782
2025-01-28 10:30:00+05:30,61454.5,61461.2,61452.1,61455.6,773
2025-01-28 10:35:00+05:30,61456.2,61461.9,61452.5,61459.9,900
2025-01-28 10:40:00+05:30,61466.4,61467.7,61463.6,61465.5,869
2025-01-28 10:45:00+05:30,61459.1,61467.9,61452.4,61467.6,921
2025-01-28 10:50:00+05:30,61462.3,61466.3,61445.3,61453.1,778
2025-01-28 10:55:00+05:30,61462.6,61470.4,61456.5,61467.0,716
2025-01-28 11:00:00+05:30,61470.0,61472.8,61460.9,61462.9,962
2025-01-28 11:05:00+05:30,61464.9,61469.5,61461.5,61461.6,1028
2025-01-28 11:10:00+05:30,61460.9,61470.4,61459.0,61467.2,603
2025-01-28 11:15:00+05:30,61475.5,61479.0,61462.6,61465.4,791
2025-01-28 11:20:00+05:30,61462.0,61482.1,61458.8,61478.6,759
2025-01-28 11:25:00+05:30,61477.2,61482.8,61469.9,61472.2,768
2025-01-28 11:30:00+05:30,61479.1,61485.5,61472.0,61479.3,745
2025-01-28 11:35:00+05:30,61467.0,61470.7,61456.3,61458.2,1082
2025-01-28 11:40:00+05:30,61457.2,61462.2,61455.6,61461.3,912
2025-01-28 11:45:00+05:30,61477.9,61489.5,61476.4,61485.1,783
2025-01-28 11:50:00+05:30,61476.9,61478.3,61464.0,61468.0,939
2025-01-28 11:55:00+05:30,61470.3,61473.7,61467.0,61471.7,1001
2025-01-28 12:00:00+05:30,61471.0,61483.8,61470.7,61483.7,937
2025-01-28 12:05:00+05:30,61478.8,61481.9,61471.4,61481.8,973
2025-01-28 12:10:00+05:30,61486.2,61487.4,61464.4,61468.3,2655
2025-01-28 12:15:00+05:30,61468.2,61471.4,61461.7,61464.9,1009
2025-01-28 12:20:00+05:30,61472.5,61477.4,61472.0,61475.5,924
2025-01-28 12:25:00+05:30,61483.5,61491.7,61475.9,61488.1,890
2025-01-28 12:30:00+05:30,61483.1,61502.3,61479.1,61495.0,1037
2025-01-28 12:35:00+05:30,61498.4,61503.2,61495.4,61501.0,790
2025-01-28 12:40:00+05:30,61509.8,61511.0,61506.2,61508.1,801
2025-01-28 12:45:00+05:30,61515.0,61515.1,61509.0,61511.4,1032
2025-01-28 12:50:00+05:30,61510.0,61526.1,61507.0,61524.7,3036
2025-01-28 12:55:00+05:30,61540.1,61540.9,61535.5,61537.8,829
2025-01-28 13:00:00+05:30,61537.8,61539.5,61523.9,61530.5,1089
2025-01-28 13:05:00+05:30,61534.3,61537.5,61514.8,61520.4,1377
2025-01-28 13:10:00+05:30,61526.6,61534.2,61522.6,61530.8,746
2025-01-28 13:15:00+05:30,61523.2,61531.2,61522.8,61531.0,877
2025-01-28 13:20:00+05:30,61527.0,61532.6,61520.0,61522.0,749
2025-01-28 13:25:00+05:30,61526.0,61527.1,61508.2,61515.6,761
2025-01-28 13:30:00+05:30,61516.2,61526.2,61514.5,61525.0,887
2025-01-28 13:35:00+05:30,61524.4,61529.4,61509.6,61513.9,753
2025-01-28 13:40:00+05:30,61512.5,61520.0,61500.6,61503.3,836
2025-01-28 13:45:00+05:30,61504.3,61517.0,61503.8,61513.6,658
2025-01-28 13:50:00+05:30,61514.5,61525.7,61511.2,61517.9,534
2025-01-28 13:55:00+05:30,61520.8,61525.9,61515.2,61521.1,836
2025-01-28 14:00:00+05:30,61524.2,61526.7,61517.9,61520.9,910
2025-01-28 14:05:00+05:30,61522.1,61523.8,61518.0,61523.5,791
2025-01-28 14:10:00+05:30,61535.9,61537.6,61524.7,61525.1,842
2025-01-28 14:15:00+05:30,61523.3,61526.5,61514.2,61521.4,1047
2025-01-28 14:20:00+05:30,61519.9,61520.1,61518.6,61518.8,896
2025-01-28 14:25:00+05:30,61524.4,61526.2,61519.3,61526.1,886
2025-01-28 14:30:00+05:30,61522.6,61523.7,61510.5,61518.1,947
2025-01-28 14:35:00+05:30,61521.9,61538.4,61519.0,61530.9,783
2025-01-28 14:40:00+05:30,61530.9,61533.7,61528.5,61532.7,1073
2025-01-28 14:45:00+05:30,61536.8,61547.3,61533.5,61541.0,799
2025-01-28 14:50:00+05:30,61538.8,61544.6,61528.8,61538.1,887
2025-01-28 14:55:00+05:30,61534.9,61542.5,61522.0,61529.6,912
2025-01-28 15:00:00+05:30,61527.2,61531.2,61522.0,61522.1,570
2025-01-28 15:05:00+05:30,61521.6,61527.6,61508.3,61510.7,850
2025-01-28 15:10:00+05:30,61510.2,61530.6,61507.2,61520.7,1009
2025-01-28 15:15:00+05:30,61522.2,61537.9,61521.6,61534.7,921
2025-01-28 15:20:00+05:30,61536.5,61543.0,61523.3,61524.1,745
2025-01-28 15:25:00+05:30,61525.0,61530.0,61521.4,61526.4,868
2025-01-28 15:30:00+05:30,61519.2,61523.6,61513.9,61517.8,783
2025-01-28 15:35:00+05:30,61511.9,61517.5,61506.1,61506.6,954
2025-01-28 15:40:00+05:30,61506.1,61510.3,61501.9,61504.3,809
2025-01-28 15:45:00+05:30,61497.5,61502.3,61497.3,61501.7,1031
2025-01-28 15:50:00+05:30,61491.9,61497.9,61490.0,61497.0,918
2025-01-28 15:55:00+05:30,61505.8,61513.4,61503.5,61509.9,674
2025-01-28 16:00:00+05:30,61507.0,61510.1,61491.3,61496.4,875
2025-01-28 16:05:00+05:30,61499.0,61503.4,61496.3,61498.9,843
2025-01-28 16:10:00+05:30,61498.9,61506.7,61496.3,61500.6,879
2025-01-28 16:15:00+05:30,61498.3,61512.2,61497.5,61500.9,870
2025-01-28 16:20:00+05:30,61510.1,61511.8,61498.9,61500.8,856
2025-01-28 16:25:00+05:30,61508.8,61510.9,61504.5,61504.8,2193
2025-01-28 16:30:00+05:30,61502.8,61509.3,61501.2,61502.0,715
2025-01-28 16:35:00+05:30,61502.9,61514.8,61497.1,61511.5,992
2025-01-28 16:40:00+05:30,61504.9,61505.9,61490.4,61493.3,1022
2025-01-28 16:45:00+05:30,61487.9,61492.5,61487.9,61489.8,997
2025-01-28 16:50:00+05:30,61490.5,61498.9,61488.9,61492.1,898
2025-01-28 16:55:00+05:30,61495.8,61499.9,61493.0,61494.2,908
2025-01-28 17:00:00+05:30,61496.9,61503.5,61485.8,61493.9,983
2025-01-29 09:00:00+05:30,61485.4,61485.6,61482.0,61482.8,462
2025-01-29 09:05:00+05:30,61495.7,61510.3,61494.8,61506.0,558
2025-01-29 09:10:00+05:30,61518.6,61520.4,61511.4,61515.8,800
2025-01-29 09:15:00+05:30,61514.2,61514.5,61505.8,61510.2,563
2025-01-29 09:20:00+05:30,61510.8,61530.7,61510.4,61529.4,728
2025-01-29 09:25:00+05:30,61518.7,61519.7,61510.4,61516.7,651
2025-01-29 09:30:00+05:30,61514.7,61517.0,61513.0,61516.6,649
2025-01-29 09:35:00+05:30,61516.7,61520.7,61515.6,61517.1,691
2025-01-29 09:40:00+05:30,61531.7,61532.8,61528.8,61530.5,543
2025-01-29 09:45:00+05:30,61526.4,61528.6,61517.9,61521.9,449
2025-01-29 09:50:00+05:30,61527.1,61534.9,61524.1,61528.7,722
2025-01-29 09:55:00+05:30,61528.1,61528.7,61521.9,61528.6,660
2025-01-29 10:00:00+05:30,61532.1,61534.3,61524.0,61525.6,637
2025-01-29 10:05:00+05:30,61516.7,61519.8,61505.2,61518.0,678
2025-01-29 10:10:00+05:30,61509.7,61521.6,61506.6,61520.2,700
2025-01-29 10:15:00+05:30,61524.0,61524.8,61523.0,61524.1,700
2025-01-29 10:20:00+05:30,61530.7,61534.4,61530.1,61531.1,750
2025-01-29 10:25:00+05:30,61520.5,61533.9,61515.4,61527.8,672
2025-01-29 10:30:00+05:30,61526.2,61533.9,61521.8,61528.7,623
2025-01-29 10:35:00+05:30,61521.9,61529.9,61520.2,61528.2,693
2025-01-29 10:40:00+05:30,61533.3,61538.9,61524.6,61525.8,667
2025-01-29 10:45:00+05:30,61517.5,61522.0,61511.7,61518.9,775
2025-01-29 10:50:00+05:30,61525.8,61527.2,61525.0,61526.1,341
2025-01-29 10:55:00+05:30,61525.3,61535.4,61525.1,61528.2,525
2025-01-29 11:00:00+05:30,61528.1,61538.3,61526.3,61534.1,763
2025-01-29 11:05:00+05:30,61551.0,61553.1,61537.6,61541.2,750
2025-01-29 11:10:00+05:30,61545.3,61551.6,61527.8,61528.6,809
2025-01-29 11:15:00+05:30,61530.2,61532.5,61524.4,61525.7,703
2025-01-29 11:20:00+05:30,61525.3,61527.3,61519.9,61523.9,678
2025-01-29 11:25:00+05:30,61524.5,61552.0,61512.6,61545.4,667
2025-01-29 11:30:00+05:30,61544.3,61545.4,61538.4,61540.6,522
2025-01-29 11:35:00+05:30,61540.3,61544.8,61526.6,61532.8,593
2025-01-29 11:40:00+05:30,61545.7,61554.3,61537.9,61540.2,714
2025-01-29 11:45:00+05:30,61553.9,61565.9,61550.3,61565.1,854
2025-01-29 11:50:00+05:30,61561.2,61566.2,61556.0,61557.8,632
2025-01-29 11:55:00+05:30,61555.5,61561.9,61544.5,61545.4,668
2025-01-29 12:00:00+05:30,61542.6,61551.2,61539.4,61545.7,670
2025-01-29 12:05:00+05:30,61541.0,61541.2,61535.6,61540.9,680
2025-01-29 12:10:00+05:30,61544.2,61544.3,61529.2,61534.7,909
2025-01-29 12:15:00+05:30,61527.7,61533.2,61526.5,61531.3,567
2025-01-29 12:20:00+05:30,61529.2,61536.1,61527.6,61535.0,685
2025-01-29 12:25:00+05:30,61538.2,61538.8,61523.8,61525.3,2001
2025-01-29 12:30:00+05:30,61524.5,61524.9,61515.8,61518.1,634
2025-01-29 12:35:00+05:30,61521.7,61526.6,61518.6,61522.6,492
2025-01-29 12:40:00+05:30,61522.3,61523.0,61502.5,61504.1,593
2025-01-29 12:45:00+05:30,61503.4,61510.8,61494.4,61499.5,630
2025-01-29 12:50:00+05:30,61492.7,61504.1,61492.2,61498.9,589
2025-01-29 12:55:00+05:30,61492.3,61492.3,61486.4,61487.3,565
2025-01-29 13:00:00+05:30,61492.6,61492.7,61475.5,61479.3,533
2025-01-29 13:05:00+05:30,61476.1,61481.4,61462.7,61466.3,428
2025-01-29 13:10:00+05:30,61469.9,61475.9,61465.1,61467.6,695
2025-01-29 13:15:00+05:30,61470.6,61475.8,61458.7,61460.4,561
2025-01-29 13:20:00+05:30,61473.8,61476.0,61470.3,61472.1,670
2025-01-29 13:25:00+05:30,61472.1,61479.6,61464.9,61472.4,626
2025-01-29 13:30:00+05:30,61471.0,61474.3,61465.9,61469.6,440
2025-01-29 13:35:00+05:30,61463.7,61467.7,61461.7,61464.6,605
2025-01-29 13:40:00+05:30,61461.4,61461.8,61448.7,61452.9,675
2025-01-29 13:45:00+05:30,61452.2,61452.7,61434.2,61435.8,547
2025-01-29 13:50:00+05:30,61433.3,61445.6,61429.6,61441.3,597
2025-01-29 13:55:00+05:30,61446.1,61447.7,61444.0,61447.3,588
2025-01-29 14:00:00+05:30,61447.3,61448.2,61435.5,61440.4,608
2025-01-29 14:05:00+05:30,61436.7,61439.3,61427.1,61430.6,758
2025-01-29 14:10:00+05:30,61425.3,61427.5,61423.3,61424.7,886
2025-01-29 14:15:00+05:30,61427.9,61428.2,61427.3,61428.1,557
2025-01-29 14:20:00+05:30,61426.4,61430.5,61418.8,61419.2,632
2025-01-29 14:25:00+05:30,61408.1,61421.9,61407.3,61418.3,589
2025-01-29 14:30:00+05:30,61426.2,61441.9,61424.9,61441.1,666
2025-01-29 14:35:00+05:30,61428.4,61434.3,61419.0,61431.4,616
2025-01-29 14:40:00+05:30,61427.5,61438.6,61427.4,61433.8,674
2025-01-29 14:45:00+05:30,61429.5,61437.0,61428.0,61436.8,675
2025-01-29 14:50:00+05:30,61434.2,61447.5,61427.4,61447.0,513
2025-01-29 14:55:00+05:30,61444.6,61450.7,61443.1,61445.8,806
2025-01-29 15:00:00+05:30,61440.8,61441.1,61440.1,61441.0,544
2025-01-29 15:05:00+05:30,61438.8,61450.2,61436.2,61450.2,726
2025-01-29 15:10:00+05:30,61452.4,61468.8,61448.8,61467.8,743
2025-01-29 15:15:00+05:30,61468.9,61476.4,61463.5,61473.3,689
2025-01-29 15:20:00+05:30,61471.0,61484.3,61465.4,61481.3,755
2025-01-29 15:25:00+05:30,61469.8,61477.7,61467.9,61477.0,606
2025-01-29 15:30:00+05:30,61469.9,61475.0,61466.5,61467.7,604
2025-01-29 15:35:00+05:30,61468.7,61473.8,61467.3,61471.8,682
2025-01-29 15:40:00+05:30,61457.2,61463.0,61454.9,61462.4,505
2025-01-29 15:45:00+05:30,61455.8,61467.4,61452.1,61461.8,724
2025-01-29 15:50:00+05:30,61456.2,61467.2,61453.3,61463.5,761
2025-01-29 15:55:00+05:30,61462.2,61462.9,61454.9,61457.0,608
2025-01-29 16:00:00+05:30,61464.2,61474.5,61461.3,61467.3,439
2025-01-29 16:05:00+05:30,61462.7,61469.8,61456.9,61460.5,479
2025-01-29 16:10:00+05:30,61458.1,61463.8,61455.4,61458.9,465
2025-01-29 16:15:00+05:30,61459.5,61459.6,61457.9,61458.8,576
2025-01-29 16:20:00+05:30,61465.9,61470.0,61460.0,61460.2,524
2025-01-29 16:25:00+05:30,61458.2,61469.9,61457.4,61469.8,404
2025-01-29 16:30:00+05:30,61470.3,61471.0,61464.3,61465.0,532
2025-01-29 16:35:00+05:30,61472.2,61475.6,61469.6,61470.4,762
2025-01-29 16:40:00+05:30,61473.8,61474.8,61466.1,61468.4,591
2025-01-29 16:45:00+05:30,61459.9,61470.8,61457.2,61463.8,500
2025-01-29 16:50:00+05:30,61459.3,61461.5,61454.2,61460.6,555
2025-01-29 16:55:00+05:30,61459.5,61479.1,61455.6,61475.4,524
2025-01-29 17:00:00+05:30,61475.1,61476.6,61464.8,61468.0,695
2025-01-30 09:00:00+05:30,61471.3,61473.9,61465.1,61470.5,547
2025-01-30 09:05:00+05:30,61467.7,61477.5,61464.6,61477.4,494
2025-01-30 09:10:00+05:30,61476.5,61477.1,61465.5,61468.8,398
2025-01-30 09:15:00+05:30,61462.3,61469.8,61457.5,61468.6,432
2025-01-30 09:20:00+05:30,61461.0,61461.3,61443.9,61452.5,378
2025-01-30 09:25:00+05:30,61454.0,61454.7,61447.5,61449.3,416
2025-01-30 09:30:00+05:30,61449.2,61456.6,61444.8,61456.4,528
2025-01-30 09:35:00+05:30,61452.6,61458.5,61447.6,61448.7,476
2025-01-30 09:40:00+05:30,61451.9,61457.6,61444.1,61445.0,556
2025-01-30 09:45:00+05:30,61448.2,61451.1,61440.4,61446.8,651
2025-01-30 09:50:00+05:30,61451.5,61452.0,61448.4,61449.3,489
2025-01-30 09:55:00+05:30,61455.7,61468.3,61448.8,61467.0,470
2025-01-30 10:00:00+05:30,61469.5,61470.2,61463.1,61465.1,455
2025-01-30 10:05:00+05:30,61470.3,61482.1,61463.4,61470.1,423
2025-01-30 10:10:00+05:30,61463.4,61465.6,61457.8,61460.7,377
2025-01-30 10:15:00+05:30,61472.9,61483.9,61471.4,61479.4,471
2025-01-30 10:20:00+05:30,61475.5,61478.9,61467.7,61472.1,467
2025-01-30 10:25:00+05:30,61470.3,61470.6,61457.8,61458.8,426
2025-01-30 10:30:00+05:30,61461.3,61468.1,61460.3,61463.3,508
2025-01-30 10:35:00+05:30,61461.7,61469.6,61460.9,61466.1,596
2025-01-30 10:40:00+05:30,61474.4,61487.5,61471.9,61478.1,713
2025-01-30 10:45:00+05:30,61486.1,61489.5,61477.8,61483.5,328
2025-01-30 10:50:00+05:30,61470.7,61474.0,61468.4,61469.3,809
2025-01-30 10:55:00+05:30,61460.6,61468.3,61459.3,61465.1,480
2025-01-30 11:00:00+05:30,61457.0,61457.7,61448.3,61448.7,373
2025-01-30 11:05:00+05:30,61448.2,61455.6,61441.7,61455.3,375
2025-01-30 11:10:00+05:30,61453.2,61461.0,61445.5,61457.9,256
2025-01-30 11:15:00+05:30,61458.4,61468.2,61455.0,61462.8,371
2025-01-30 11:20:00+05:30,61474.0,61482.5,61465.4,61466.9,407
2025-01-30 11:25:00+05:30,61465.6,61467.3,61448.9,61450.0,330
2025-01-30 11:30:00+05:30,61448.6,61449.9,61442.1,61443.6,467
2025-01-30 11:35:00+05:30,61444.3,61448.9,61442.8,61443.9,528
2025-01-30 11:40:00+05:30,61442.5,61451.9,61438.7,61447.9,428
2025-01-30 11:45:00+05:30,61448.9,61455.1,61445.6,61446.7,727
2025-01-30 11:50:00+05:30,61440.6,61441.6,61436.1,61439.3,771
2025-01-30 11:55:00+05:30,61442.1,61444.4,61434.3,61438.4,257
2025-01-30 12:00:00+05:30,61430.7,61436.1,61427.2,61428.7,508
2025-01-30 12:05:00+05:30,61436.5,61439.5,61423.0,61423.8,569
2025-01-30 12:10:00+05:30,61424.0,61428.0,61418.0,61423.2,389
2025-01-30 12:15:00+05:30,61418.6,61426.2,61414.5,61416.0,581
2025-01-30 12:20:00+05:30,61415.5,61420.7,61409.0,61417.4,707
2025-01-30 12:25:00+05:30,61433.0,61438.0,61424.7,61427.5,432
2025-01-30 12:30:00+05:30,61425.8,61429.4,61414.4,61419.0,578
2025-01-30 12:35:00+05:30,61407.7,61414.6,61395.9,61398.7,466
2025-01-30 12:40:00+05:30,61410.4,61410.5,61407.8,61410.1,424
2025-01-30 12:45:00+05:30,61401.2,61405.5,61381.2,61387.4,692
2025-01-30 12:50:00+05:30,61397.8,61404.1,61389.8,61394.9,627
2025-01-30 12:55:00+05:30,61392.9,61393.4,61385.2,61385.7,416
2025-01-30 13:00:00+05:30,61382.2,61388.7,61380.9,61387.8,347
2025-01-30 13:05:00+05:30,61396.3,61399.2,61387.0,61387.2,488
2025-01-30 13:10:00+05:30,61385.0,61387.1,61383.7,61385.0,513
2025-01-30 13:15:00+05:30,61386.7,61391.3,61370.6,61371.4,700
2025-01-30 13:20:00+05:30,61368.3,61376.5,61368.3,61374.1,540
2025-01-30 13:25:00+05:30,61379.5,61390.0,61378.0,61380.1,266
2025-01-30 13:30:00+05:30,61388.9,61389.6,61386.1,61388.3,404
2025-01-30 13:35:00+05:30,61391.1,61392.9,61389.0,61390.4,407
2025-01-30 13:40:00+05:30,61381.1,61411.2,61375.7,61405.3,378
2025-01-30 13:45:00+05:30,61400.4,61402.8,61384.6,61389.9,559
2025-01-30 13:50:00+05:30,61388.0,61396.3,61387.7,61394.0,507
2025-01-30 13:55:00+05:30,61395.5,61397.7,61385.8,61390.3,271
2025-01-30 14:00:00+05:30,61395.2,61396.3,61381.0,61384.2,238
2025-01-30 14:05:00+05:30,61394.0,61405.9,61391.4,61398.5,369
2025-01-30 14:10:00+05:30,61394.3,61399.2,61375.5,61378.4,1343
2025-01-30 14:15:00+05:30,61377.4,61381.7,61376.1,61378.7,598
2025-01-30 14:20:00+05:30,61384.9,61387.9,61383.3,61385.9,607
2025-01-30 14:25:00+05:30,61383.2,61383.4,61375.0,61378.1,332
2025-01-30 14:30:00+05:30,61368.8,61387.3,61361.2,61384.7,507
2025-01-30 14:35:00+05:30,61375.7,61383.3,61369.4,61375.7,491
2025-01-30 14:40:00+05:30,61370.0,61375.1,61356.6,61363.1,482
2025-01-30 14:45:00+05:30,61372.4,61372.6,61362.8,61364.6,355
2025-01-30 14:50:00+05:30,61360.3,61379.3,61359.9,61371.7,426
2025-01-30 14:55:00+05:30,61371.7,61372.1,61365.6,61367.3,410
2025-01-30 15:00:00+05:30,61366.1,61367.9,61360.6,61363.6,246
2025-01-30 15:05:00+05:30,61364.4,61372.2,61361.6,61369.3,349
2025-01-30 15:10:00+05:30,61367.8,61375.7,61365.4,61373.4,174
2025-01-30 15:15:00+05:30,61380.4,61383.7,61376.4,61379.0,95
2025-01-30 15:20:00+05:30,61385.4,61387.3,61371.4,61380.7,263
2025-01-30 15:25:00+05:30,61384.4,61387.0,61373.9,61374.1,315
2025-01-30 15:30:00+05:30,61373.1,61380.0,61369.6,61377.7,272
2025-01-30 15:35:00+05:30,61376.1,61376.9,61372.7,61375.4,96
2025-01-30 15:40:00+05:30,61377.4,61379.2,61363.7,61365.5,408
2025-01-30 15:45:00+05:30,61368.7,61373.1,61357.8,61362.3,437
2025-01-30 15:50:00+05:30,61366.5,61368.3,61359.9,61361.1,274
2025-01-30 15:55:00+05:30,61356.6,61365.6,61354.9,61363.4,266
2025-01-30 16:00:00+05:30,61369.2,61369.3,61350.5,61359.8,274
2025-01-30 16:05:00+05:30,61362.0,61365.6,61354.8,61359.2,483
2025-01-30 16:10:00+05:30,61368.4,61368.7,61361.4,61367.0,415
2025-01-30 16:15:00+05:30,61364.7,61366.0,61354.8,61360.8,476
2025-01-30 16:20:00+05:30,61364.6,61375.7,61363.7,61373.2,434
2025-01-30 16:25:00+05:30,61378.0,61382.5,61375.7,61379.0,565
2025-01-30 16:30:00+05:30,61383.1,61387.0,61379.5,61384.1,482
2025-01-30 16:35:00+05:30,61376.2,61385.0,61374.5,61380.0,463
2025-01-30 16:40:00+05:30,61380.5,61384.3,61378.2,61381.0,367
2025-01-30 16:45:00+05:30,61380.3,61384.3,61366.4,61371.0,409
2025-01-30 16:50:00+05:30,61376.1,61378.7,61369.0,61372.8,491
2025-01-30 16:55:00+05:30,61362.4,61363.4,61346.8,61355.9,674
2025-01-30 17:00:00+05:30,61351.1,61354.4,61342.5,61345.7,638
2025-01-31 09:00:00+05:30,61350.3,61350.5,61332.6,61337.0,791
2025-01-31 09:05:00+05:30,61333.2,61335.9,61332.3,61335.0,871
2025-01-31 09:10:00+05:30,61339.1,61341.0,61334.3,61337.4,798
2025-01-31 09:15:00+05:30,61337.1,61340.7,61326.0,61327.9,861
2025-01-31 09:20:00+05:30,61335.6,61341.2,61326.7,61330.9,791
2025-01-31 09:25:00+05:30,61331.9,61351.1,61330.8,61350.0,1055
2025-01-31 09:30:00+05:30,61340.2,61343.5,61327.4,61333.8,898
2025-01-31 09:35:00+05:30,61345.9,61355.8,61340.5,61354.3,891
2025-01-31 09:40:00+05:30,61347.4,61347.6,61342.2,61342.9,570
2025-01-31 09:45:00+05:30,61343.0,61353.9,61342.3,61347.4,717
2025-01-31 09:50:00+05:30,61351.6,61355.0,61339.0,61344.6,641
2025-01-31 09:55:00+05:30,61352.4,61368.9,61348.9,61360.5,673
2025-01-31 10:00:00+05:30,61363.0,61364.2,61338.2,61341.4,844
2025-01-31 10:05:00+05:30,61343.7,61348.0,61340.8,61340.8,833
2025-01-31 10:10:00+05:30,61345.0,61350.1,61343.5,61345.7,653
2025-01-31 10:15:00+05:30,61346.4,61355.5,61339.3,61350.4,912
2025-01-31 10:20:00+05:30,61356.3,61360.0,61349.7,61354.0,694
2025-01-31 10:25:00+05:30,61350.3,61364.8,61344.0,61364.1,738
2025-01-31 10:30:00+05:30,61368.9,61378.6,61367.0,61374.2,837
2025-01-31 10:35:00+05:30,61370.0,61375.4,61369.2,61374.6,837
2025-01-31 10:40:00+05:30,61373.0,61374.6,61366.7,61374.2,948
2025-01-31 10:45:00+05:30,61369.6,61377.5,61358.9,61363.0,840
2025-01-31 10:50:00+05:30,61361.1,61364.3,61350.9,61353.1,741
2025-01-31 10:55:00+05:30,61353.0,61353.5,61346.2,61348.9,785
2025-01-31 11:00:00+05:30,61341.2,61350.6,61341.0,61350.6,743
2025-01-31 11:05:00+05:30,61340.6,61342.9,61330.6,61334.5,641
2025-01-31 11:10:00+05:30,61332.2,61332.7,61325.3,61329.4,976
2025-01-31 11:15:00+05:30,61319.7,61322.5,61311.0,61312.8,930
2025-01-31 11:20:00+05:30,61322.3,61334.9,61320.7,61330.6,815
2025-01-31 11:25:00+05:30,61321.6,61336.4,61320.2,61333.4,983
2025-01-31 11:30:00+05:30,61322.4,61335.5,61321.6,61330.4,851
2025-01-31 11:35:00+05:30,61335.5,61342.3,61332.3,61340.1,862
2025-01-31 11:40:00+05:30,61349.5,61350.9,61333.0,61338.3,739
2025-01-31 11:45:00+05:30,61335.1,61345.2,61333.3,61344.3,810
2025-01-31 11:50:00+05:30,61349.7,61352.5,61338.7,61340.6,869
2025-01-31 11:55:00+05:30,61345.1,61350.3,61335.9,61338.0,691
2025-01-31 12:00:00+05:30,61334.7,61336.8,61330.1,61336.0,659
2025-01-31 12:05:00+05:30,61337.7,61339.6,61335.2,61338.6,849
2025-01-31 12:10:00+05:30,61337.0,61362.0,61335.8,61357.3,764
2025-01-31 12:15:00+05:30,61363.7,61372.2,61358.0,61370.0,688
2025-01-31 12:20:00+05:30,61369.5,61375.3,61365.6,61375.0,871
2025-01-31 12:25:00+05:30,61362.5,61383.4,61353.6,61381.8,3221
2025-01-31 12:30:00+05:30,61377.3,61397.2,61373.2,61394.2,854
2025-01-31 12:35:00+05:30,61392.8,61402.8,61390.4,61399.5,825
2025-01-31 12:40:00+05:30,61399.1,61408.0,61398.4,61400.5,815
2025-01-31 12:45:00+05:30,61398.5,61406.2,61395.1,61396.0,951
2025-01-31 12:50:00+05:30,61384.7,61392.8,61383.4,61390.1,700
2025-01-31 12:55:00+05:30,61396.5,61410.3,61389.6,61404.0,581
2025-01-31 13:00:00+05:30,61393.1,61401.0,61391.2,61398.2,801
2025-01-31 13:05:00+05:30,61389.3,61389.3,61374.4,61379.2,823
2025-01-31 13:10:00+05:30,61366.3,61376.9,61361.7,61373.9,621
2025-01-31 13:15:00+05:30,61368.2,61373.0,61365.5,61366.2,797
2025-01-31 13:20:00+05:30,61356.0,61358.0,61351.9,61357.3,838
2025-01-31 13:25:00+05:30,61357.9,61377.7,61354.5,61369.0,1004
2025-01-31 13:30:00+05:30,61372.2,61389.7,61369.0,61382.1,954
2025-01-31 13:35:00+05:30,61397.9,61408.2,61396.3,61399.4,740
2025-01-31 13:40:00+05:30,61402.7,61408.7,61394.2,61397.9,727
2025-01-31 13:45:00+05:30,61401.0,61402.4,61398.0,61398.1,699
2025-01-31 13:50:00+05:30,61399.6,61403.5,61376.6,61383.6,629
2025-01-31 13:55:00+05:30,61382.3,61387.6,61377.6,61380.2,872
2025-01-31 14:00:00+05:30,61385.2,61393.9,61377.8,61392.9,736
2025-01-31 14:05:00+05:30,61388.2,61388.5,61370.1,61379.8,768
2025-01-31 14:10:00+05:30,61371.9,61385.4,61368.7,61381.9,990
2025-01-31 14:15:00+05:30,61380.1,61396.3,61371.2,61393.7,881
2025-01-31 14:20:00+05:30,61399.1,61409.4,61398.1,61402.4,852
2025-01-31 14:25:00+05:30,61405.8,61419.5,61405.8,61417.8,964
2025-01-31 14:30:00+05:30,61423.3,61426.7,61422.3,61425.0,829
2025-01-31 14:35:00+05:30,61420.5,61430.2,61414.5,61429.7,804
2025-01-31 14:40:00+05:30,61433.2,61438.0,61427.3,61433.9,957
2025-01-31 14:45:00+05:30,61435.3,61438.1,61432.7,61435.0,842
2025-01-31 14:50:00+05:30,61426.3,61429.0,61425.3,61427.3,870
2025-01-31 14:55:00+05:30,61422.2,61426.1,61409.6,61412.5,1550
2025-01-31 15:00:00+05:30,61407.1,61418.2,61406.4,61416.9,869
2025-01-31 15:05:00+05:30,61420.1,61423.0,61412.0,61421.6,890
2025-01-31 15:10:00+05:30,61426.3,61431.5,61422.2,61430.2,851
2025-01-31 15:15:00+05:30,61429.3,61445.6,61428.0,61442.8,678
2025-01-31 15:20:00+05:30,61439.3,61441.4,61435.3,61435.5,676
2025-01-31 15:25:00+05:30,61438.3,61441.7,61415.1,61421.4,807
2025-01-31 15:30:00+05:30,61421.2,61435.9,61411.8,61434.0,817
2025-01-31 15:35:00+05:30,61437.2,61438.6,61429.2,61433.1,816
2025-01-31 15:40:00+05:30,61430.0,61441.1,61427.2,61438.0,776
2025-01-31 15:45:00+05:30,61430.9,61439.6,61429.6,61439.1,630
2025-01-31 15:50:00+05:30,61440.8,61442.2,61438.6,61440.3,755
2025-01-31 15:55:00+05:30,61437.5,61458.6,61433.6,61454.9,1071
2025-01-31 16:00:00+05:30,61455.1,61470.2,61454.2,61462.3,758
2025-01-31 16:05:00+05:30,61464.5,61465.0,61459.6,61463.9,863
2025-01-31 16:10:00+05:30,61464.8,61480.2,61462.7,61479.5,597
2025-01-31 16:15:00+05:30,61476.7,61478.9,61474.4,61475.8,758
2025-01-31 16:20:00+05:30,61479.5,61494.9,61478.5,61490.4,598
2025-01-31 16:25:00+05:30,61486.9,61499.1,61483.6,61496.0,831
2025-01-31 16:30:00+05:30,61491.3,61508.2,61490.8,61507.2,778
2025-01-31 16:35:00+05:30,61514.6,61530.9,61510.2,61527.9,892
2025-01-31 16:40:00+05:30,61527.3,61531.1,61522.0,61525.8,1014
2025-01-31 16:45:00+05:30,61525.2,61531.6,61503.9,61505.5,694
2025-01-31 16:50:00+05:30,61497.7,61499.5,61488.8,61493.6,754
2025-01-31 16:55:00+05:30,61494.8,61505.4,61494.7,61502.0,623
2025-01-31 17:00:00+05:30,61501.9,61507.2,61497.4,61504.2,828
2025-02-03 09:00:00+05:30,61501.5,61519.5,61497.3,61516.9,286
2025-02-03 09:05:00+05:30,61512.8,61515.0,61510.8,61514.3,367
2025-02-03 09:10:00+05:30,61513.2,61528.2,61511.8,61522.1,576
2025-02-03 09:15:00+05:30,61518.9,61530.3,61518.8,61526.3,286
2025-02-03 09:20:00+05:30,61525.4,61525.5,61510.8,61515.3,633
2025-02-03 09:25:00+05:30,61521.4,61526.1,61513.7,61524.6,606
2025-02-03 09:30:00+05:30,61532.9,61541.1,61531.7,61537.2,666
2025-02-03 09:35:00+05:30,61534.1,61534.5,61527.8,61528.4,554
2025-02-03 09:40:00+05:30,61518.3,61522.7,61518.1,61521.9,440
2025-02-03 09:45:00+05:30,61527.8,61528.0,61520.0,61521.8,209
2025-02-03 09:50:00+05:30,61532.9,61533.0,61519.0,61519.2,445
2025-02-03 09:55:00+05:30,61510.6,61516.0,61495.7,61499.6,351
2025-02-03 10:00:00+05:30,61495.2,61502.2,61491.1,61497.9,251
2025-02-03 10:05:00+05:30,61499.8,61518.2,61497.8,61515.2,461
2025-02-03 10:10:00+05:30,61519.3,61521.4,61511.6,61512.5,562
2025-02-03 10:15:00+05:30,61512.4,61519.8,61503.5,61504.2,540
2025-02-03 10:20:00+05:30,61504.7,61513.3,61487.7,61492.7,420
2025-02-03 10:25:00+05:30,61485.2,61489.4,61471.0,61477.9,336
2025-02-03 10:30:00+05:30,61479.1,61486.5,61476.3,61478.1,559
2025-02-03 10:35:00+05:30,61472.6,61484.3,61450.3,61451.6,946
2025-02-03 10:40:00+05:30,61452.9,61455.3,61451.5,61452.6,492
2025-02-03 10:45:00+05:30,61461.6,61470.0,61459.6,61467.8,549
2025-02-03 10:50:00+05:30,61467.1,61475.7,61459.5,61475.1,542
2025-02-03 10:55:00+05:30,61489.0,61490.0,61476.6,61477.6,1924
2025-02-03 11:00:00+05:30,61473.1,61476.8,61469.1,61475.3,212
2025-02-03 11:05:00+05:30,61478.4,61486.5,61472.2,61484.3,530
2025-02-03 11:10:00+05:30,61502.9,61511.7,61488.8,61488.8,471
2025-02-03 11:15:00+05:30,61493.1,61495.8,61488.7,61490.9,386
2025-02-03 11:20:00+05:30,61488.0,61490.3,61484.9,61485.7,545
2025-02-03 11:25:00+05:30,61478.8,61482.9,61475.4,61481.3,572
2025-02-03 11:30:00+05:30,61477.5,61498.9,61473.2,61489.4,308
2025-02-03 11:35:00+05:30,61483.6,61486.9,61482.2,61483.1,630
2025-02-03 11:40:00+05:30,61495.8,61501.7,61486.2,61492.7,376
2025-02-03 11:45:00+05:30,61501.9,61511.7,61496.7,61503.4,289
2025-02-03 11:50:00+05:30,61508.2,61510.4,61502.9,61505.8,275
2025-02-03 11:55:00+05:30,61508.0,61509.6,61505.4,61505.8,470
2025-02-03 12:00:00+05:30,61509.5,61519.0,61507.1,61517.7,397
2025-02-03 12:05:00+05:30,61518.1,61521.4,61502.4,61508.9,444
2025-02-03 12:10:00+05:30,61506.3,61510.5,61504.2,61507.6,417
2025-02-03 12:15:00+05:30,61515.7,61519.8,61510.0,61517.3,579
2025-02-03 12:20:00+05:30,61515.5,61516.3,61499.7,61504.0,453
2025-02-03 12:25:00+05:30,61509.3,61517.9,61505.3,61516.7,486
2025-02-03 12:30:00+05:30,61524.3,61524.6,61513.6,61514.2,311
2025-02-03 12:35:00+05:30,61522.1,61534.9,61515.3,61532.1,250
2025-02-03 12:40:00+05:30,61531.8,61539.5,61527.4,61527.9,476
2025-02-03 12:45:00+05:30,61528.2,61552.7,61525.8,61548.9,297
2025-02-03 12:50:00+05:30,61553.7,61557.2,61543.8,61549.4,454
2025-02-03 12:55:00+05:30,61549.0,61554.3,61546.5,61553.1,393
2025-02-03 13:00:00+05:30,61556.1,61566.1,61553.4,61562.2,395
2025-02-03 13:05:00+05:30,61567.5,61584.4,61567.0,61578.6,457
2025-02-03 13:10:00+05:30,61571.7,61576.9,61562.3,61562.7,371
2025-02-03 13:15:00+05:30,61563.6,61568.3,61554.8,61562.9,465
2025-02-03 13:20:00+05:30,61566.7,61567.8,61563.3,61566.8,355
2025-02-03 13:25:00+05:30,61571.6,61583.0,61568.9,61575.7,461
2025-02-03 13:30:00+05:30,61569.5,61572.3,61554.7,61564.9,289
2025-02-03 13:35:00+05:30,61567.1,61568.7,61556.3,61564.1,444
2025-02-03 13:40:00+05:30,61563.4,61565.1,61544.1,61549.2,442
2025-02-03 13:45:00+05:30,61563.4,61564.4,61549.3,61553.4,286
2025-02-03 13:50:00+05:30,61557.2,61569.1,61553.2,61567.5,468
2025-02-03 13:55:00+05:30,61569.0,61571.6,61568.6,61571.2,389
2025-02-03 14:00:00+05:30,61584.6,61586.0,61583.5,61586.0,332
2025-02-03 14:05:00+05:30,61588.7,61592.3,61585.2,61585.3,294
2025-02-03 14:10:00+05:30,61586.7,61597.7,61586.3,61594.4,354
2025-02-03 14:15:00+05:30,61596.6,61601.6,61596.2,61600.4,530
2025-02-03 14:20:00+05:30,61615.3,61625.9,61614.6,61621.4,503
2025-02-03 14:25:00+05:30,61612.5,61614.6,61597.1,61604.1,237
2025-02-03 14:30:00+05:30,61602.8,61604.8,61591.4,61597.2,469
2025-02-03 14:35:00+05:30,61594.0,61597.8,61591.2,61596.8,172
2025-02-03 14:40:00+05:30,61597.3,61601.4,61593.1,61593.1,468
2025-02-03 14:45:00+05:30,61603.0,61609.0,61600.0,61608.6,416
2025-02-03 14:50:00+05:30,61616.4,61616.5,61604.4,61609.2,448
2025-02-03 14:55:00+05:30,61599.0,61607.3,61579.6,61580.8,340
2025-02-03 15:00:00+05:30,61575.1,61578.9,61566.8,61572.5,158
2025-02-03 15:05:00+05:30,61578.6,61580.7,61566.9,61570.7,412
2025-02-03 15:10:00+05:30,61571.5,61576.3,61560.6,61568.2,584
2025-02-03 15:15:00+05:30,61565.5,61567.4,61558.6,61565.6,201
2025-02-03 15:20:00+05:30,61562.2,61566.6,61548.8,61550.3,312
2025-02-03 15:25:00+05:30,61544.4,61550.1,61528.9,61530.5,370
2025-02-03 15:30:00+05:30,61539.3,61548.6,61536.9,61544.0,417
2025-02-03 15:35:00+05:30,61540.7,61543.0,61538.3,61539.9,252
2025-02-03 15:40:00+05:30,61541.8,61543.6,61538.7,61540.2,330
2025-02-03 15:45:00+05:30,61543.7,61546.1,61538.9,61539.6,344
2025-02-03 15:50:00+05:30,61541.5,61545.4,61538.6,61541.7,337
2025-02-03 15:55:00+05:30,61546.3,61559.4,61545.7,61549.4,426
2025-02-03 16:00:00+05:30,61550.4,61561.7,61532.0,61535.9,444
2025-02-03 16:05:00+05:30,61530.8,61531.8,61507.6,61515.4,384
2025-02-03 16:10:00+05:30,61520.5,61521.5,61516.8,61520.6,467
2025-02-03 16:15:00+05:30,61519.8,61523.5,61515.7,61517.0,558
2025-02-03 16:20:00+05:30,61525.6,61533.3,61523.6,61529.4,332
2025-02-03 16:25:00+05:30,61526.5,61530.3,61523.4,61525.4,275
2025-02-03 16:30:00+05:30,61527.1,61532.5,61520.7,61529.8,508
2025-02-03 16:35:00+05:30,61525.5,61526.8,61518.6,61523.7,529
2025-02-03 16:40:00+05:30,61527.7,61529.8,61509.7,61514.2,1176
2025-02-03 16:45:00+05:30,61518.2,61526.3,61517.3,61521.0,388
2025-02-03 16:50:00+05:30,61514.5,61516.6,61497.5,61503.7,383
2025-02-03 16:55:00+05:30,61502.9,61511.3,61496.5,61504.9,516
2025-02-03 17:00:00+05:30,61513.3,61523.1,61495.4,61497.0,565
2025-02-04 09:00:00+05:30,61494.8,61498.0,61486.4,61488.1,796
2025-02-04 09:05:00+05:30,61482.7,61483.2,61477.5,61480.1,836
2025-02-04 09:10:00+05:30,61478.9,61479.6,61474.2,61476.0,770
2025-02-04 09:15:00+05:30,61477.5,61484.7,61457.4,61463.2,798
2025-02-04 09:20:00+05:30,61464.6,61470.0,61451.3,61453.2,1089
2025-02-04 09:25:00+05:30,61452.5,61463.9,61451.4,61462.6,1026
2025-02-04 09:30:00+05:30,61455.1,61457.4,61441.8,61443.4,1022
2025-02-04 09:35:00+05:30,61434.8,61446.3,61413.9,61416.0,911
2025-02-04 09:40:00+05:30,61407.4,61414.4,61398.4,61401.1,803
2025-02-04 09:45:00+05:30,61398.0,61406.2,61394.7,61395.4,752
2025-02-04 09:50:00+05:30,61397.0,61398.6,61381.9,61386.8,911
2025-02-04 09:55:00+05:30,61383.6,61384.1,61369.1,61370.3,787
2025-02-04 10:00:00+05:30,61375.1,61382.2,61356.8,61360.7,1083
2025-02-04 10:05:00+05:30,61370.5,61371.4,61365.5,61370.6,936
2025-02-04 10:10:00+05:30,61369.2,61382.6,61363.8,61382.1,704
2025-02-04 10:15:00+05:30,61379.9,61389.0,61377.9,61385.5,993
2025-02-04 10:20:00+05:30,61381.2,61381.4,61375.2,61375.6,1062
2025-02-04 10:25:00+05:30,61375.2,61388.2,61372.7,61380.1,929
2025-02-04 10:30:00+05:30,61381.3,61396.4,61379.3,61392.9,878
2025-02-04 10:35:00+05:30,61390.2,61406.9,61389.0,61402.5,983
2025-02-04 10:40:00+05:30,61399.2,61402.5,61396.6,61398.6,766
2025-02-04 10:45:00+05:30,61401.0,61412.1,61392.3,61409.1,1028
2025-02-04 10:50:00+05:30,61411.9,61413.7,61401.8,61407.5,860
2025-02-04 10:55:00+05:30,61407.1,61413.2,61389.8,61398.3,934
2025-02-04 11:00:00+05:30,61401.0,61421.0,61389.9,61418.6,1213
2025-02-04 11:05:00+05:30,61417.3,61420.3,61407.1,61408.2,646
2025-02-04 11:10:00+05:30,61415.1,61420.7,61407.8,61408.4,854
2025-02-04 11:15:00+05:30,61401.3,61407.8,61397.0,61405.4,783
2025-02-04 11:20:00+05:30,61399.6,61406.9,61399.4,61401.1,749
2025-02-04 11:25:00+05:30,61400.0,61401.9,61396.0,61398.8,899
2025-02-04 11:30:00+05:30,61400.7,61422.0,61397.4,61417.2,910
2025-02-04 11:35:00+05:30,61424.0,61427.4,61423.0,61425.1,779
2025-02-04 11:40:00+05:30,61429.2,61430.9,61426.5,61430.7,639
2025-02-04 11:45:00+05:30,61426.2,61427.4,61415.8,61419.1,879
2025-02-04 11:50:00+05:30,61414.4,61414.6,61408.9,61413.3,907
2025-02-04 11:55:00+05:30,61403.4,61407.8,61387.9,61396.2,1056
2025-02-04 12:00:00+05:30,61391.7,61391.9,61374.6,61380.1,2521
2025-02-04 12:05:00+05:30,61379.5,61385.0,61370.6,61371.1,803
2025-02-04 12:10:00+05:30,61361.4,61371.1,61361.2,61366.9,854
2025-02-04 12:15:00+05:30,61367.9,61385.7,61362.2,61383.5,869
2025-02-04 12:20:00+05:30,61390.8,61400.2,61389.5,61398.1,875
2025-02-04 12:25:00+05:30,61406.1,61409.1,61397.8,61401.4,994
2025-02-04 12:30:00+05:30,61406.3,61412.8,61400.0,61410.7,719
2025-02-04 12:35:00+05:30,61412.6,61418.9,61392.1,61396.0,843
2025-02-04 12:40:00+05:30,61386.6,61409.6,61381.5,61405.9,927
2025-02-04 12:45:00+05:30,61400.0,61409.8,61398.5,61408.0,897
2025-02-04 12:50:00+05:30,61407.6,61409.9,61399.1,61401.5,807
2025-02-04 12:55:00+05:30,61406.1,61410.9,61398.0,61398.7,1153
2025-02-04 13:00:00+05:30,61397.7,61398.8,61395.9,61398.4,1033
2025-02-04 13:05:00+05:30,61403.5,61411.8,61397.1,61408.2,1054
2025-02-04 13:10:00+05:30,61415.5,61418.9,61407.3,61410.1,1125
2025-02-04 13:15:00+05:30,61413.5,61415.5,61407.2,61408.0,952
2025-02-04 13:20:00+05:30,61412.8,61415.1,61405.0,61414.4,849
2025-02-04 13:25:00+05:30,61415.0,61425.5,61414.8,61416.6,826
2025-02-04 13:30:00+05:30,61414.8,61417.7,61397.0,61401.9,679
2025-02-04 13:35:00+05:30,61401.5,61413.5,61399.2,61411.0,787
2025-02-04 13:40:00+05:30,61419.3,61424.2,61414.3,61422.5,1021
2025-02-04 13:45:00+05:30,61424.4,61425.1,61418.0,61419.7,851
2025-02-04 13:50:00+05:30,61421.3,61430.8,61417.9,61429.4,834
2025-02-04 13:55:00+05:30,61428.2,61450.4,61424.9,61442.6,909
2025-02-04 14:00:00+05:30,61443.9,61450.4,61431.2,61437.6,941
2025-02-04 14:05:00+05:30,61437.5,61447.0,61437.3,61442.9,986
2025-02-04 14:10:00+05:30,61444.3,61453.7,61442.2,61452.4,861
2025-02-04 14:15:00+05:30,61445.8,61448.2,61436.5,61438.3,720
2025-02-04 14:20:00+05:30,61431.9,61432.7,61420.7,61423.1,859
2025-02-04 14:25:00+05:30,61427.4,61432.2,61425.0,61428.3,1150
2025-02-04 14:30:00+05:30,61418.8,61434.7,61417.4,61432.8,946
2025-02-04 14:35:00+05:30,61434.6,61437.9,61424.3,61426.9,1066
2025-02-04 14:40:00+05:30,61428.9,61436.0,61415.0,61419.1,935
2025-02-04 14:45:00+05:30,61416.5,61423.6,61414.4,61422.6,797
2025-02-04 14:50:00+05:30,61418.0,61418.4,61409.0,61416.4,863
2025-02-04 14:55:00+05:30,61424.7,61428.9,61423.0,61428.3,781
2025-02-04 15:00:00+05:30,61428.7,61430.0,61409.9,61414.8,913
2025-02-04 15:05:00+05:30,61408.8,61414.9,61401.2,61401.5,693
2025-02-04 15:10:00+05:30,61402.3,61406.4,61394.5,61398.7,1025
2025-02-04 15:15:00+05:30,61401.6,61404.9,61399.7,61403.6,870
2025-02-04 15:20:00+05:30,61412.0,61412.9,61398.9,61402.3,1120
2025-02-04 15:25:00+05:30,61397.5,61407.9,61393.3,61407.7,989
2025-02-04 15:30:00+05:30,61411.0,61419.1,61410.0,61419.0,706
2025-02-04 15:35:00+05:30,61420.3,61421.6,61412.3,61412.9,827
2025-02-04 15:40:00+05:30,61418.0,61425.0,61412.6,61418.0,896
2025-02-04 15:45:00+05:30,61403.3,61413.7,61402.4,61411.5,998
2025-02-04 15:50:00+05:30,61412.7,61414.4,61409.0,61410.7,1062
2025-02-04 15:55:00+05:30,61419.5,61424.0,61409.9,61422.5,1093
2025-02-04 16:00:00+05:30,61417.7,61432.3,61416.1,61426.9,1677
2025-02-04 16:05:00+05:30,61440.6,61446.8,61425.2,61432.4,919
2025-02-04 16:10:00+05:30,61429.7,61433.4,61420.5,61425.6,841
2025-02-04 16:15:00+05:30,61432.6,61439.6,61426.6,61434.9,843
2025-02-04 16:20:00+05:30,61437.0,61440.7,61428.0,61430.1,801
2025-02-04 16:25:00+05:30,61430.1,61432.4,61421.7,61425.9,847
2025-02-04 16:30:00+05:30,61427.4,61437.1,61425.0,61435.1,697
2025-02-04 16:35:00+05:30,61431.1,61435.0,61421.2,61425.1,1160
2025-02-04 16:40:00+05:30,61434.6,61448.3,61432.8,61447.4,1043
2025-02-04 16:45:00+05:30,61446.6,61456.0,61441.3,61441.5,809
2025-02-04 16:50:00+05:30,61444.1,61447.3,61430.5,61432.5,846
2025-02-04 16:55:00+05:30,61425.3,61432.1,61424.3,61431.3,955
2025-02-04 17:00:00+05:30,61422.2,61432.6,61420.1,61429.9,944
2025-02-05 09:00:00+05:30,61436.7,61442.7,61426.9,61432.2,500
2025-02-05 09:05:00+05:30,61427.8,61430.3,61420.9,61423.0,536
2025-02-05 09:10:00+05:30,61429.6,61439.5,61423.7,61428.4,728
2025-02-05 09:15:00+05:30,61424.9,61437.6,61423.3,61436.0,427
2025-02-05 09:20:00+05:30,61436.0,61442.6,61426.8,61436.2,506
2025-02-05 09:25:00+05:30,61432.4,61433.8,61430.2,61430.3,536
2025-02-05 09:30:00+05:30,61431.6,61437.3,61430.7,61437.3,509
2025-02-05 09:35:00+05:30,61439.2,61439.9,61437.5,61437.9,541
2025-02-05 09:40:00+05:30,61434.6,61444.0,61427.4,61440.7,465
2025-02-05 09:45:00+05:30,61429.2,61441.7,61425.3,61435.9,577
2025-02-05 09:50:00+05:30,61431.3,61434.2,61423.7,61427.4,531
2025-02-05 09:55:00+05:30,61432.4,61446.5,61428.2,61439.1,464
2025-02-05 10:00:00+05:30,61433.5,61436.7,61413.9,61416.9,1227
2025-02-05 10:05:00+05:30,61417.0,61429.1,61412.6,61424.5,527
2025-02-05 10:10:00+05:30,61421.7,61441.2,61418.8,61435.7,652
2025-02-05 10:15:00+05:30,61430.9,61442.7,61429.6,61438.6,464
2025-02-05 10:20:00+05:30,61440.4,61445.7,61423.1,61429.9,509
2025-02-05 10:25:00+05:30,61437.0,61458.8,61430.0,61452.6,500
2025-02-05 10:30:00+05:30,61456.6,61463.7,61446.1,61452.6,440
2025-02-05 10:35:00+05:30,61448.1,61449.0,61442.7,61446.5,431
2025-02-05 10:40:00+05:30,61436.9,61439.5,61427.9,61428.7,408
2025-02-05 10:45:00+05:30,61423.1,61425.3,61411.8,61414.2,620
2025-02-05 10:50:00+05:30,61412.0,61415.3,61407.1,61407.7,664
2025-02-05 10:55:00+05:30,61407.4,61412.3,61402.5,61402.8,745
2025-02-05 11:00:00+05:30,61402.0,61407.8,61388.4,61391.5,484
2025-02-05 11:05:00+05:30,61390.2,61392.7,61375.0,61377.0,375
2025-02-05 11:10:00+05:30,61378.7,61380.1,61366.4,61372.5,644
2025-02-05 11:15:00+05:30,61372.8,61383.1,61370.3,61381.8,702
2025-02-05 11:20:00+05:30,61377.6,61381.8,61376.4,61376.7,609
2025-02-05 11:25:00+05:30,61373.4,61376.7,61368.5,61376.7,419
2025-02-05 11:30:00+05:30,61382.3,61393.0,61380.5,61390.0,587
2025-02-05 11:35:00+05:30,61392.4,61401.8,61389.3,61396.2,414
2025-02-05 11:40:00+05:30,61406.1,61412.4,61388.4,61388.8,659
2025-02-05 11:45:00+05:30,61397.4,61404.6,61397.0,61399.1,599
2025-02-05 11:50:00+05:30,61403.1,61405.4,61398.2,61402.5,490
2025-02-05 11:55:00+05:30,61390.8,61398.8,61382.1,61384.5,681
2025-02-05 12:00:00+05:30,61388.8,61417.4,61388.2,61411.5,641
2025-02-05 12:05:00+05:30,61402.1,61404.7,61386.6,61387.5,1295
2025-02-05 12:10:00+05:30,61388.6,61391.3,61381.0,61385.1,619
2025-02-05 12:15:00+05:30,61385.7,61386.1,61374.8,61378.4,691
2025-02-05 12:20:00+05:30,61385.3,61394.8,61383.6,61393.8,747
2025-02-05 12:25:00+05:30,61385.6,61394.3,61379.6,61393.7,567
2025-02-05 12:30:00+05:30,61388.2,61406.6,61385.9,61400.5,431
2025-02-05 12:35:00+05:30,61405.7,61409.3,61399.7,61401.2,610
2025-02-05 12:40:00+05:30,61396.7,61401.0,61396.5,61397.4,453
2025-02-05 12:45:00+05:30,61398.6,61398.9,61393.2,61394.2,484
2025-02-05 12:50:00+05:30,61397.5,61416.2,61391.1,61413.2,439
2025-02-05 12:55:00+05:30,61413.1,61422.8,61408.3,61420.0,233
2025-02-05 13:00:00+05:30,61422.0,61424.9,61409.0,61409.7,583
2025-02-05 13:05:00+05:30,61412.2,61412.8,61394.0,61400.4,615
2025-02-05 13:10:00+05:30,61393.0,61396.5,61385.8,61387.6,587
2025-02-05 13:15:00+05:30,61391.5,61404.5,61387.1,61400.1,704
2025-02-05 13:20:00+05:30,61409.4,61412.4,61404.2,61408.1,405
2025-02-05 13:25:00+05:30,61413.2,61425.6,61413.1,61423.7,525
2025-02-05 13:30:00+05:30,61428.1,61431.5,61426.6,61431.0,611
2025-02-05 13:35:00+05:30,61425.9,61434.1,61424.2,61433.1,566
2025-02-05 13:40:00+05:30,61439.6,61444.9,61431.1,61431.2,477
2025-02-05 13:45:00+05:30,61425.2,61427.9,61403.4,61411.3,343
2025-02-05 13:50:00+05:30,61415.8,61419.2,61415.0,61415.4,468
2025-02-05 13:55:00+05:30,61401.2,61404.9,61387.2,61392.0,706
2025-02-05 14:00:00+05:30,61378.5,61383.8,61366.9,61373.4,701
2025-02-05 14:05:00+05:30,61365.6,61365.6,61359.0,61365.2,565
2025-02-05 14:10:00+05:30,61365.7,61371.4,61362.8,61368.9,411
2025-02-05 14:15:00+05:30,61359.0,61379.8,61356.7,61372.1,654
2025-02-05 14:20:00+05:30,61364.2,61365.3,61348.8,61350.4,1303
2025-02-05 14:25:00+05:30,61361.1,61362.5,61347.0,61348.0,367
2025-02-05 14:30:00+05:30,61349.9,61350.9,61336.0,61343.0,558
2025-02-05 14:35:00+05:30,61337.9,61339.3,61335.0,61335.6,575
2025-02-05 14:40:00+05:30,61335.6,61340.2,61321.3,61326.4,565
2025-02-05 14:45:00+05:30,61330.1,61338.3,61326.1,61328.4,645
2025-02-05 14:50:00+05:30,61324.0,61326.8,61323.7,61325.8,551
2025-02-05 14:55:00+05:30,61327.1,61337.9,61324.1,61333.0,517
2025-02-05 15:00:00+05:30,61329.6,61329.7,61314.8,61316.7,519
2025-02-05 15:05:00+05:30,61319.2,61332.2,61314.5,61330.5,527
2025-02-05 15:10:00+05:30,61323.5,61333.4,61314.1,61328.7,587
2025-02-05 15:15:00+05:30,61327.1,61329.5,61320.6,61322.0,501
2025-02-05 15:20:00+05:30,61319.9,61334.3,61312.9,61329.4,682
2025-02-05 15:25:00+05:30,61327.1,61327.9,61324.1,61326.2,598
2025-02-05 15:30:00+05:30,61324.4,61327.3,61303.9,61307.4,1979
2025-02-05 15:35:00+05:30,61306.8,61312.5,61299.9,61301.4,452
2025-02-05 15:40:00+05:30,61302.2,61303.3,61301.4,61301.7,371
2025-02-05 15:45:00+05:30,61299.4,61305.3,61294.5,61303.9,532
2025-02-05 15:50:00+05:30,61310.8,61324.0,61310.7,61319.2,684
2025-02-05 15:55:00+05:30,61322.5,61330.2,61308.3,61311.4,298
2025-02-05 16:00:00+05:30,61296.8,61307.0,61286.6,61288.1,366
2025-02-05 16:05:00+05:30,61282.7,61293.2,61281.6,61289.6,400
2025-02-05 16:10:00+05:30,61292.6,61293.8,61289.3,61291.5,446
2025-02-05 16:15:00+05:30,61301.5,61310.1,61292.5,61297.1,649
2025-02-05 16:20:00+05:30,61296.3,61308.8,61293.8,61305.7,457
2025-02-05 16:25:00+05:30,61303.3,61306.6,61298.4,61301.4,518
2025-02-05 16:30:00+05:30,61311.0,61317.3,61308.4,61315.7,660
2025-02-05 16:35:00+05:30,61314.7,61317.0,61314.5,61315.6,682
2025-02-05 16:40:00+05:30,61318.8,61329.9,61316.1,61329.8,658
2025-02-05 16:45:00+05:30,61335.3,61348.2,61333.2,61340.4,519
2025-02-05 16:50:00+05:30,61338.2,61343.7,61318.1,61322.3,558
2025-02-05 16:55:00+05:30,61328.7,61336.8,61324.1,61333.6,561
2025-02-05 17:00:00+05:30,61330.2,61334.8,61326.9,61331.6,419
2025-02-06 09:00:00+05:30,61340.3,61341.6,61327.1,61331.8,745
2025-02-06 09:05:00+05:30,61327.3,61332.7,61324.3,61330.4,538
2025-02-06 09:10:00+05:30,61322.5,61336.8,61321.1,61334.5,699
2025-02-06 09:15:00+05:30,61332.7,61339.2,61330.6,61338.5,484
2025-02-06 09:20:00+05:30,61330.1,61335.7,61321.8,61322.0,325
2025-02-06 09:25:00+05:30,61315.3,61331.1,61310.2,61327.2,538
2025-02-06 09:30:00+05:30,61326.5,61331.6,61322.7,61326.2,560
2025-02-06 09:35:00+05:30,61328.9,61331.4,61312.3,61318.0,665
2025-02-06 09:40:00+05:30,61306.5,61309.2,61296.1,61296.8,358
2025-02-06 09:45:00+05:30,61307.4,61311.5,61303.3,61310.6,312
2025-02-06 09:50:00+05:30,61300.5,61302.7,61296.7,61301.1,526
2025-02-06 09:55:00+05:30,61312.9,61319.7,61309.9,61319.0,671
2025-02-06 10:00:00+05:30,61327.9,61330.1,61322.1,61323.6,547
2025-02-06 10:05:00+05:30,61321.9,61326.9,61320.3,61326.1,470
2025-02-06 10:10:00+05:30,61332.4,61342.1,61328.6,61340.4,613
2025-02-06 10:15:00+05:30,61347.7,61351.3,61345.9,61347.0,469
2025-02-06 10:20:00+05:30,61342.8,61357.9,61336.2,61352.3,492
2025-02-06 10:25:00+05:30,61344.8,61347.8,61339.6,61339.7,434
2025-02-06 10:30:00+05:30,61339.6,61353.6,61339.0,61347.7,536
2025-02-06 10:35:00+05:30,61350.6,61359.1,61343.1,61353.7,480
2025-02-06 10:40:00+05:30,61353.6,61358.8,61342.9,61346.1,418
2025-02-06 10:45:00+05:30,61351.2,61355.4,61347.6,61354.9,495
2025-02-06 10:50:00+05:30,61345.2,61347.7,61332.6,61332.7,449
2025-02-06 10:55:00+05:30,61339.2,61343.7,61338.1,61341.5,510
2025-02-06 11:00:00+05:30,61335.3,61335.9,61323.5,61324.5,335
2025-02-06 11:05:00+05:30,61319.2,61321.7,61306.2,61310.7,581
2025-02-06 11:10:00+05:30,61315.6,61317.2,61304.5,61312.0,314
2025-02-06 11:15:00+05:30,61321.9,61329.4,61316.2,61328.1,470
2025-02-06 11:20:00+05:30,61325.7,61329.5,61316.7,61321.2,416
2025-02-06 11:25:00+05:30,61312.5,61317.4,61307.8,61312.8,495
2025-02-06 11:30:00+05:30,61315.4,61320.0,61314.1,61319.5,603
2025-02-06 11:35:00+05:30,61324.5,61337.7,61321.7,61334.4,443
2025-02-06 11:40:00+05:30,61331.6,61346.1,61326.3,61342.0,456
2025-02-06 11:45:00+05:30,61337.9,61341.5,61334.0,61336.7,669
2025-02-06 11:50:00+05:30,61342.9,61345.5,61328.5,61332.4,348
2025-02-06 11:55:00+05:30,61333.7,61337.0,61330.2,61334.2,685
2025-02-06 12:00:00+05:30,61343.2,61359.7,61336.5,61358.2,342
2025-02-06 12:05:00+05:30,61370.3,61372.9,61367.6,61370.5,350
2025-02-06 12:10:00+05:30,61369.9,61389.2,61366.6,61386.7,479
2025-02-06 12:15:00+05:30,61381.5,61385.1,61369.0,61370.5,623
2025-02-06 12:20:00+05:30,61368.8,61370.0,61358.5,61359.4,617
2025-02-06 12:25:00+05:30,61363.1,61377.3,61360.0,61376.2,577
2025-02-06 12:30:00+05:30,61378.5,61384.2,61375.4,61384.1,364
2025-02-06 12:35:00+05:30,61378.0,61383.8,61366.8,61369.2,921
2025-02-06 12:40:00+05:30,61363.2,61368.2,61352.6,61361.3,649
2025-02-06 12:45:00+05:30,61362.8,61370.8,61356.9,61357.4,424
2025-02-06 12:50:00+05:30,61358.0,61361.2,61358.0,61359.4,343
2025-02-06 12:55:00+05:30,61363.0,61365.7,61357.6,61357.7,482
2025-02-06 13:00:00+05:30,61347.2,61352.2,61334.5,61341.8,783
2025-02-06 13:05:00+05:30,61344.6,61356.2,61343.3,61351.1,620
2025-02-06 13:10:00+05:30,61354.3,61355.6,61344.8,61346.9,366
2025-02-06 13:15:00+05:30,61344.4,61344.8,61340.0,61342.3,531
2025-02-06 13:20:00+05:30,61336.8,61344.2,61335.0,61343.8,486
2025-02-06 13:25:00+05:30,61340.6,61341.8,61333.5,61336.1,557
2025-02-06 13:30:00+05:30,61343.4,61361.3,61341.2,61359.0,450
2025-02-06 13:35:00+05:30,61355.1,61361.2,61338.3,61343.3,561
2025-02-06 13:40:00+05:30,61350.1,61362.3,61345.1,61360.2,509
2025-02-06 13:45:00+05:30,61364.7,61364.9,61356.9,61357.5,478
2025-02-06 13:50:00+05:30,61359.8,61369.9,61347.3,61348.7,418
2025-02-06 13:55:00+05:30,61330.1,61330.8,61320.7,61323.3,555
2025-02-06 14:00:00+05:30,61326.4,61339.0,61322.3,61334.6,561
2025-02-06 14:05:00+05:30,61332.0,61334.1,61319.7,61325.6,378
2025-02-06 14:10:00+05:30,61328.3,61334.2,61324.7,61330.1,391
2025-02-06 14:15:00+05:30,61325.3,61332.7,61319.3,61320.5,693
2025-02-06 14:20:00+05:30,61326.6,61333.7,61322.6,61326.1,394
2025-02-06 14:25:00+05:30,61328.7,61349.2,61326.7,61343.4,401
2025-02-06 14:30:00+05:30,61344.0,61361.5,61343.8,61359.9,1113
2025-02-06 14:35:00+05:30,61363.3,61367.4,61362.4,61367.0,351
2025-02-06 14:40:00+05:30,61371.2,61378.4,61365.3,61378.0,569
2025-02-06 14:45:00+05:30,61370.7,61385.3,61363.5,61382.2,769
2025-02-06 14:50:00+05:30,61374.5,61378.1,61348.9,61351.6,520
2025-02-06 14:55:00+05:30,61351.0,61355.6,61349.9,61352.5,588
2025-02-06 15:00:00+05:30,61359.6,61369.4,61354.0,61364.6,656
2025-02-06 15:05:00+05:30,61366.3,61386.1,61361.4,61379.6,451
2025-02-06 15:10:00+05:30,61380.3,61382.3,61366.3,61370.4,483
2025-02-06 15:15:00+05:30,61366.6,61378.7,61358.0,61371.7,845
2025-02-06 15:20:00+05:30,61375.2,61375.2,61371.0,61371.7,383
2025-02-06 15:25:00+05:30,61378.8,61380.6,61364.9,61366.4,393
2025-02-06 15:30:00+05:30,61360.7,61361.4,61348.6,61351.7,509
2025-02-06 15:35:00+05:30,61355.0,61357.4,61352.2,61356.9,586
2025-02-06 15:40:00+05:30,61353.9,61366.2,61349.5,61365.7,656
2025-02-06 15:45:00+05:30,61369.9,61370.1,61368.9,61369.9,248
2025-02-06 15:50:00+05:30,61371.3,61378.4,61368.7,61377.9,343
2025-02-06 15:55:00+05:30,61363.1,61366.2,61358.4,61362.0,549
2025-02-06 16:00:00+05:30,61353.4,61373.9,61349.1,61373.8,428
2025-02-06 16:05:00+05:30,61372.7,61383.5,61365.3,61383.1,457
2025-02-06 16:10:00+05:30,61389.3,61404.1,61388.2,61398.8,508
2025-02-06 16:15:00+05:30,61397.7,61410.0,61397.3,61406.4,712
2025-02-06 16:20:00+05:30,61402.1,61406.6,61395.9,61398.3,543
2025-02-06 16:25:00+05:30,61395.9,61404.6,61393.9,61395.4,520
2025-02-06 16:30:00+05:30,61394.8,61401.8,61388.5,61392.7,548
2025-02-06 16:35:00+05:30,61389.4,61392.4,61389.3,61391.6,548
2025-02-06 16:40:00+05:30,61396.9,61397.3,61393.0,61394.4,536
2025-02-06 16:45:00+05:30,61396.3,61401.4,61392.1,61400.1,337
2025-02-06 16:50:00+05:30,61410.7,61415.4,61389.7,61393.0,651
2025-02-06 16:55:00+05:30,61391.5,61406.0,61390.2,61403.2,275
2025-02-06 17:00:00+05:30,61411.5,61411.8,61407.6,61408.7,352
2025-02-07 09:00:00+05:30,61406.2,61410.9,61399.9,61408.6,805
2025-02-07 09:05:00+05:30,61410.9,61414.8,61410.1,61411.2,863
2025-02-07 09:10:00+05:30,61416.9,61421.5,61411.0,61419.2,989
2025-02-07 09:15:00+05:30,61419.7,61441.7,61413.2,61438.5,792
2025-02-07 09:20:00+05:30,61438.7,61449.7,61437.5,61441.6,859
2025-02-07 09:25:00+05:30,61446.9,61451.0,61435.8,61442.4,922
2025-02-07 09:30:00+05:30,61446.8,61449.0,61445.2,61446.7,754
2025-02-07 09:35:00+05:30,61440.4,61441.8,61431.8,61438.3,855
2025-02-07 09:40:00+05:30,61439.9,61444.7,61421.8,61423.3,771
2025-02-07 09:45:00+05:30,61428.5,61431.1,61425.7,61430.6,866
2025-02-07 09:50:00+05:30,61429.0,61435.7,61428.6,61432.5,994
2025-02-07 09:55:00+05:30,61440.5,61442.9,61438.7,61442.8,640
2025-02-07 10:00:00+05:30,61441.8,61447.4,61435.6,61440.9,774
2025-02-07 10:05:00+05:30,61438.0,61446.7,61433.1,61443.5,797
2025-02-07 10:10:00+05:30,61432.3,61442.7,61432.2,61442.6,612
2025-02-07 10:15:00+05:30,61450.8,61453.6,61447.2,61447.3,984
2025-02-07 10:20:00+05:30,61441.8,61448.6,61439.8,61442.2,843
2025-02-07 10:25:00+05:30,61449.2,61457.0,61446.2,61455.7,948
2025-02-07 10:30:00+05:30,61458.1,61460.1,61456.0,61456.8,670
2025-02-07 10:35:00+05:30,61464.3,61477.6,61462.0,61468.0,962
2025-02-07 10:40:00+05:30,61475.4,61489.3,61474.9,61483.8,803
2025-02-07 10:45:00+05:30,61475.1,61477.7,61467.5,61468.7,982
2025-02-07 10:50:00+05:30,61473.2,61475.6,61470.4,61471.0,804
2025-02-07 10:55:00+05:30,61457.0,61458.6,61441.0,61442.1,684
2025-02-07 11:00:00+05:30,61436.5,61448.5,61429.9,61443.6,666
2025-02-07 11:05:00+05:30,61435.0,61447.0,61434.7,61445.3,884
2025-02-07 11:10:00+05:30,61438.6,61443.5,61433.8,61442.7,925
2025-02-07 11:15:00+05:30,61444.1,61447.7,61442.2,61443.1,750
2025-02-07 11:20:00+05:30,61445.2,61453.4,61442.8,61449.3,937
2025-02-07 11:25:00+05:30,61448.6,61454.4,61445.8,61446.4,929
2025-02-07 11:30:00+05:30,61444.3,61454.2,61434.8,61437.5,865
2025-02-07 11:35:00+05:30,61428.0,61429.6,61423.4,61423.8,580
2025-02-07 11:40:00+05:30,61429.9,61439.5,61425.9,61434.6,1010
2025-02-07 11:45:00+05:30,61444.1,61448.9,61430.5,61431.8,2636
2025-02-07 11:50:00+05:30,61426.2,61437.0,61425.9,61436.7,703
2025-02-07 11:55:00+05:30,61439.3,61441.5,61427.2,61428.9,864
2025-02-07 12:00:00+05:30,61427.1,61438.1,61419.9,61421.6,834
2025-02-07 12:05:00+05:30,61419.9,61424.2,61418.3,61420.6,986
2025-02-07 12:10:00+05:30,61421.8,61429.3,61417.4,61424.8,1156
2025-02-07 12:15:00+05:30,61422.7,61427.4,61409.1,61413.0,1129
2025-02-07 12:20:00+05:30,61415.1,61420.9,61406.2,61416.9,1039
2025-02-07 12:25:00+05:30,61420.0,61425.1,61415.7,61425.1,761
2025-02-07 12:30:00+05:30,61432.6,61433.6,61426.1,61430.9,652
2025-02-07 12:35:00+05:30,61443.0,61449.9,61442.5,61445.4,979
2025-02-07 12:40:00+05:30,61446.5,61453.0,61443.2,61443.5,840
2025-02-07 12:45:00+05:30,61441.4,61447.2,61430.5,61433.2,960
2025-02-07 12:50:00+05:30,61432.8,61434.3,61421.5,61424.5,917
2025-02-07 12:55:00+05:30,61408.8,61410.8,61399.8,61403.4,807
2025-02-07 13:00:00+05:30,61403.2,61417.2,61402.0,61411.1,624
2025-02-07 13:05:00+05:30,61404.8,61416.7,61400.8,61415.1,805
2025-02-07 13:10:00+05:30,61408.8,61418.2,61407.1,61410.9,812
2025-02-07 13:15:00+05:30,61410.7,61431.9,61409.7,61426.9,870
2025-02-07 13:20:00+05:30,61429.9,61433.3,61422.5,61426.6,859
2025-02-07 13:25:00+05:30,61436.5,61442.1,61423.7,61440.6,881
2025-02-07 13:30:00+05:30,61439.0,61456.5,61435.9,61451.4,989
2025-02-07 13:35:00+05:30,61450.7,61462.2,61444.8,61459.3,690
2025-02-07 13:40:00+05:30,61460.8,61465.5,61454.2,61455.3,990
2025-02-07 13:45:00+05:30,61451.3,61452.8,61440.5,61441.8,1110
2025-02-07 13:50:00+05:30,61441.5,61451.2,61439.2,61448.4,1133
2025-02-07 13:55:00+05:30,61449.8,61455.6,61443.7,61454.2,786
2025-02-07 14:00:00+05:30,61455.2,61463.9,61453.8,61463.1,944
2025-02-07 14:05:00+05:30,61458.1,61471.8,61457.8,61468.9,800
2025-02-07 14:10:00+05:30,61472.9,61474.4,61457.5,61460.1,574
2025-02-07 14:15:00+05:30,61464.3,61472.1,61463.0,61468.9,732
2025-02-07 14:20:00+05:30,61475.5,61485.8,61472.6,61481.1,953
2025-02-07 14:25:00+05:30,61475.9,61479.6,61469.2,61476.9,828
2025-02-07 14:30:00+05:30,61471.4,61480.3,61462.9,61465.9,990
2025-02-07 14:35:00+05:30,61465.9,61473.5,61464.7,61471.5,776
2025-02-07 14:40:00+05:30,61466.5,61483.6,61466.4,61482.1,2801
2025-02-07 14:45:00+05:30,61488.7,61497.4,61478.3,61478.6,906
2025-02-07 14:50:00+05:30,61485.5,61487.1,61482.2,61484.5,824
2025-02-07 14:55:00+05:30,61485.5,61488.4,61482.1,61485.2,801
2025-02-07 15:00:00+05:30,61489.2,61495.6,61487.6,61495.6,836
2025-02-07 15:05:00+05:30,61494.3,61498.4,61489.0,61491.3,873
2025-02-07 15:10:00+05:30,61487.0,61505.8,61486.3,61499.4,717
2025-02-07 15:15:00+05:30,61498.2,61500.5,61484.9,61490.3,958
2025-02-07 15:20:00+05:30,61482.0,61483.9,61476.6,61480.1,1067
2025-02-07 15:25:00+05:30,61485.4,61506.9,61484.3,61506.5,878
2025-02-07 15:30:00+05:30,61506.9,61509.0,61492.6,61493.1,970
2025-02-07 15:35:00+05:30,61487.3,61504.5,61486.4,61503.9,662
2025-02-07 15:40:00+05:30,61510.2,61512.0,61509.3,61511.6,683
2025-02-07 15:45:00+05:30,61520.0,61529.2,61513.8,61528.7,705
2025-02-07 15:50:00+05:30,61539.9,61545.7,61539.7,61544.5,760
2025-02-07 15:55:00+05:30,61545.7,61550.5,61544.7,61545.9,793
2025-02-07 16:00:00+05:30,61553.5,61578.6,61550.9,61570.8,825
2025-02-07 16:05:00+05:30,61573.3,61578.5,61561.8,61569.9,821
2025-02-07 16:10:00+05:30,61564.8,61567.2,61556.8,61562.9,701
2025-02-07 16:15:00+05:30,61557.2,61563.1,61541.1,61544.9,1005
2025-02-07 16:20:00+05:30,61545.1,61547.7,61530.0,61537.5,750
2025-02-07 16:25:00+05:30,61539.7,61541.4,61538.1,61539.8,1079
2025-02-07 16:30:00+05:30,61543.1,61546.4,61535.9,61539.7,870
2025-02-07 16:35:00+05:30,61524.7,61527.6,61523.7,61526.5,832
2025-02-07 16:40:00+05:30,61525.0,61528.7,61516.9,61526.8,826
2025-02-07 16:45:00+05:30,61522.8,61533.2,61521.1,61530.2,733
2025-02-07 16:50:00+05:30,61540.4,61542.9,61530.5,61534.2,978
2025-02-07 16:55:00+05:30,61528.5,61530.7,61521.1,61522.8,865
2025-02-07 17:00:00+05:30,61522.6,61525.2,61510.1,61513.5,854
2025-02-10 09:00:00+05:30,61512.5,61514.8,61500.4,61505.0,415
2025-02-10 09:05:00+05:30,61500.7,61507.6,61478.1,61483.9,1737
2025-02-10 09:10:00+05:30,61482.9,61486.9,61476.8,61485.1,496
2025-02-10 09:15:00+05:30,61493.4,61507.9,61490.3,61505.9,374
2025-02-10 09:20:00+05:30,61505.6,61507.0,61496.2,61497.2,202
2025-02-10 09:25:00+05:30,61494.2,61496.2,61492.7,61493.8,356
2025-02-10 09:30:00+05:30,61490.6,61491.8,61488.4,61488.9,491
2025-02-10 09:35:00+05:30,61485.1,61490.1,61470.9,61472.5,326
2025-02-10 09:40:00+05:30,61478.9,61493.7,61474.6,61492.7,295
2025-02-10 09:45:00+05:30,61490.7,61499.9,61489.7,61493.4,328
2025-02-10 09:50:00+05:30,61503.3,61509.2,61501.9,61507.4,473
2025-02-10 09:55:00+05:30,61509.7,61511.2,61497.8,61500.3,50
2025-02-10 10:00:00+05:30,61494.9,61494.9,61486.2,61493.3,477
2025-02-10 10:05:00+05:30,61496.2,61505.0,61495.1,61503.2,526
2025-02-10 10:10:00+05:30,61515.7,61529.3,61510.1,61528.5,586
2025-02-10 10:15:00+05:30,61531.7,61540.6,61515.6,61521.4,449
2025-02-10 10:20:00+05:30,61521.1,61525.7,61516.0,61517.7,577
2025-02-10 10:25:00+05:30,61516.1,61518.0,61512.5,61514.0,527
2025-02-10 10:30:00+05:30,61517.9,61519.5,61504.3,61510.7,239
2025-02-10 10:35:00+05:30,61514.8,61529.4,61514.4,61526.5,492
2025-02-10 10:40:00+05:30,61524.2,61530.1,61511.7,61513.5,331
2025-02-10 10:45:00+05:30,61520.4,61532.1,61507.9,61528.4,488
2025-02-10 10:50:00+05:30,61532.1,61544.2,61525.1,61539.7,589
2025-02-10 10:55:00+05:30,61548.0,61559.9,61542.8,61559.7,738
2025-02-10 11:00:00+05:30,61567.1,61570.9,61552.9,61562.7,391
2025-02-10 11:05:00+05:30,61565.5,61578.4,61562.8,61574.0,588
2025-02-10 11:10:00+05:30,61578.3,61583.4,61567.3,61574.6,529
2025-02-10 11:15:00+05:30,61564.9,61567.4,61556.0,61557.4,207
2025-02-10 11:20:00+05:30,61548.0,61559.7,61546.2,61558.9,559
2025-02-10 11:25:00+05:30,61566.8,61568.0,61565.7,61567.5,472
2025-02-10 11:30:00+05:30,61564.4,61573.1,61556.2,61569.6,465
2025-02-10 11:35:00+05:30,61569.0,61570.2,61555.9,61557.0,334
2025-02-10 11:40:00+05:30,61555.5,61562.4,61552.0,61560.7,457
2025-02-10 11:45:00+05:30,61553.7,61559.5,61548.6,61554.2,579
2025-02-10 11:50:00+05:30,61552.8,61557.0,61549.3,61550.1,158
2025-02-10 11:55:00+05:30,61552.9,61562.4,61551.8,61558.8,558
2025-02-10 12:00:00+05:30,61549.7,61560.4,61545.3,61559.6,273
2025-02-10 12:05:00+05:30,61562.6,61567.4,61552.4,61561.9,623
2025-02-10 12:10:00+05:30,61568.9,61578.7,61567.6,61576.4,499
2025-02-10 12:15:00+05:30,61576.9,61598.1,61570.4,61592.1,559
2025-02-10 12:20:00+05:30,61604.3,61621.4,61600.8,61615.0,330
2025-02-10 12:25:00+05:30,61624.0,61630.3,61609.3,61612.0,431
2025-02-10 12:30:00+05:30,61614.8,61620.5,61607.6,61613.2,459
2025-02-10 12:35:00+05:30,61608.7,61614.0,61595.9,61603.9,494
2025-02-10 12:40:00+05:30,61599.0,61606.9,61596.8,61606.8,556
2025-02-10 12:45:00+05:30,61612.0,61613.1,61595.9,61596.1,376
2025-02-10 12:50:00+05:30,61590.1,61594.4,61587.3,61589.5,495
2025-02-10 12:55:00+05:30,61586.7,61587.7,61583.6,61584.3,574
2025-02-10 13:00:00+05:30,61586.5,61590.3,61573.0,61575.3,315
2025-02-10 13:05:00+05:30,61579.5,61589.1,61579.1,61587.3,407
2025-02-10 13:10:00+05:30,61594.1,61602.4,61592.8,61593.6,273
2025-02-10 13:15:00+05:30,61583.4,61584.4,61577.4,61580.1,437
2025-02-10 13:20:00+05:30,61580.4,61595.3,61579.6,61595.3,833
2025-02-10 13:25:00+05:30,61603.6,61611.5,61602.6,61603.7,443
2025-02-10 13:30:00+05:30,61607.0,61607.6,61602.3,61602.3,480
2025-02-10 13:35:00+05:30,61604.7,61611.8,61603.1,61605.5,753
2025-02-10 13:40:00+05:30,61611.3,61616.9,61602.6,61605.5,495
2025-02-10 13:45:00+05:30,61608.2,61611.3,61605.2,61606.3,625
2025-02-10 13:50:00+05:30,61598.6,61610.9,61595.6,61607.3,507
2025-02-10 13:55:00+05:30,61618.4,61620.9,61606.8,61611.8,363
2025-02-10 14:00:00+05:30,61610.1,61618.3,61607.9,61612.7,271
2025-02-10 14:05:00+05:30,61615.8,61633.7,61614.5,61631.1,345
2025-02-10 14:10:00+05:30,61630.9,61644.1,61622.8,61640.4,593
2025-02-10 14:15:00+05:30,61651.2,61652.0,61639.8,61644.9,662
2025-02-10 14:20:00+05:30,61636.3,61641.5,61627.4,61631.2,455
2025-02-10 14:25:00+05:30,61630.5,61640.5,61629.5,61633.9,349
2025-02-10 14:30:00+05:30,61638.3,61643.2,61637.5,61639.2,456
2025-02-10 14:35:00+05:30,61640.9,61655.3,61639.7,61653.8,504
2025-02-10 14:40:00+05:30,61658.5,61670.2,61648.5,61664.2,594
2025-02-10 14:45:00+05:30,61664.1,61677.4,61658.4,61669.6,556
2025-02-10 14:50:00+05:30,61665.1,61667.6,61641.6,61646.0,583
2025-02-10 14:55:00+05:30,61645.1,61648.4,61639.9,61640.6,323
2025-02-10 15:00:00+05:30,61632.8,61640.5,61630.0,61631.2,440
2025-02-10 15:05:00+05:30,61625.6,61627.8,61625.0,61625.6,675
2025-02-10 15:10:00+05:30,61628.8,61631.9,61625.0,61625.1,741
2025-02-10 15:15:00+05:30,61627.3,61638.3,61617.5,61620.6,726
2025-02-10 15:20:00+05:30,61630.5,61639.9,61623.3,61627.7,488
2025-02-10 15:25:00+05:30,61627.6,61631.4,61621.4,61623.4,477
2025-02-10 15:30:00+05:30,61621.2,61622.9,61606.6,61614.1,574
2025-02-10 15:35:00+05:30,61609.4,61613.8,61594.3,61597.9,457
2025-02-10 15:40:00+05:30,61589.1,61600.8,61586.4,61596.1,349
2025-02-10 15:45:00+05:30,61592.2,61606.9,61590.7,61606.4,446
2025-02-10 15:50:00+05:30,61608.9,61613.4,61602.2,61605.8,571
2025-02-10 15:55:00+05:30,61603.0,61604.7,61597.1,61603.0,561
2025-02-10 16:00:00+05:30,61597.4,61610.3,61596.9,61609.7,626
2025-02-10 16:05:00+05:30,61607.8,61613.1,61604.7,61606.0,349
2025-02-10 16:10:00+05:30,61601.7,61605.1,61596.1,61597.0,422
2025-02-10 16:15:00+05:30,61611.2,61613.6,61607.0,61609.9,433
2025-02-10 16:20:00+05:30,61610.0,61614.0,61608.1,61611.7,443
2025-02-10 16:25:00+05:30,61620.6,61638.6,61618.0,61637.9,570
2025-02-10 16:30:00+05:30,61643.5,61645.4,61621.5,61622.7,1605
2025-02-10 16:35:00+05:30,61624.1,61634.4,61614.4,61618.7,382
2025-02-10 16:40:00+05:30,61620.8,61633.6,61611.0,61630.4,514
2025-02-10 16:45:00+05:30,61637.4,61644.6,61636.3,61642.1,331
2025-02-10 16:50:00+05:30,61631.3,61637.2,61620.9,61626.6,454
2025-02-10 16:55:00+05:30,61626.4,61630.2,61621.2,61622.4,342
2025-02-10 17:00:00+05:30,61613.3,61621.2,61611.8,61618.9,547
2025-02-11 09:00:00+05:30,61623.7,61625.7,61602.8,61607.2,939
2025-02-11 09:05:00+05:30,61617.4,61620.8,61613.6,61619.8,820
2025-02-11 09:10:00+05:30,61616.2,61617.9,61602.1,61608.9,989
2025-02-11 09:15:00+05:30,61615.0,61617.9,61614.6,61617.8,854
2025-02-11 09:20:00+05:30,61618.6,61621.7,61611.5,61612.8,929
2025-02-11 09:25:00+05:30,61606.0,61620.1,61598.0,61616.0,1038
2025-02-11 09:30:00+05:30,61617.1,61632.8,61613.1,61626.2,906
2025-02-11 09:35:00+05:30,61614.1,61626.5,61610.8,61621.1,845
2025-02-11 09:40:00+05:30,61617.6,61627.1,61616.7,61626.2,1196
2025-02-11 09:45:00+05:30,61629.5,61630.1,61620.5,61621.1,979
2025-02-11 09:50:00+05:30,61618.9,61623.2,61614.1,61616.7,911
2025-02-11 09:55:00+05:30,61611.8,61615.6,61611.0,61615.3,1019
2025-02-11 10:00:00+05:30,61623.8,61632.2,61622.1,61626.8,853
2025-02-11 10:05:00+05:30,61631.8,61636.0,61628.7,61629.5,795
2025-02-11 10:10:00+05:30,61634.1,61638.2,61624.8,61627.9,810
2025-02-11 10:15:00+05:30,61634.6,61643.8,61623.1,61626.9,708
2025-02-11 10:20:00+05:30,61634.8,61636.3,61631.7,61633.4,894
2025-02-11 10:25:00+05:30,61618.5,61625.7,61604.3,61611.7,846
2025-02-11 10:30:00+05:30,61613.4,61619.3,61603.3,61616.9,1256
2025-02-11 10:35:00+05:30,61615.7,61619.6,61608.0,61610.0,889
2025-02-11 10:40:00+05:30,61609.3,61615.4,61607.9,61612.5,912
2025-02-11 10:45:00+05:30,61602.9,61603.0,61593.6,61596.5,830
2025-02-11 10:50:00+05:30,61595.6,61597.3,61580.8,61581.0,882
2025-02-11 10:55:00+05:30,61583.8,61588.6,61581.0,61582.7,803
2025-02-11 11:00:00+05:30,61586.9,61593.4,61585.3,61590.1,1059
2025-02-11 11:05:00+05:30,61590.8,61598.3,61582.4,61595.6,805
2025-02-11 11:10:00+05:30,61596.1,61599.5,61587.2,61595.0,1048
2025-02-11 11:15:00+05:30,61592.4,61597.4,61583.5,61587.1,761
2025-02-11 11:20:00+05:30,61586.2,61587.4,61578.2,61581.3,719
2025-02-11 11:25:00+05:30,61580.0,61586.1,61577.8,61584.9,632
2025-02-11 11:30:00+05:30,61588.3,61589.8,61572.6,61578.1,879
2025-02-11 11:35:00+05:30,61582.8,61586.2,61560.7,61568.0,1213
2025-02-11 11:40:00+05:30,61559.8,61569.6,61559.0,61563.3,1003
2025-02-11 11:45:00+05:30,61565.5,61569.3,61545.6,61545.6,834
2025-02-11 11:50:00+05:30,61542.6,61545.9,61516.9,61517.9,2591
2025-02-11 11:55:00+05:30,61516.2,61520.3,61511.8,61517.9,717
2025-02-11 12:00:00+05:30,61505.2,61511.0,61498.1,61503.7,686
2025-02-11 12:05:00+05:30,61512.1,61522.3,61505.3,61514.7,889
2025-02-11 12:10:00+05:30,61515.5,61519.0,61508.2,61517.1,948
2025-02-11 12:15:00+05:30,61522.6,61523.4,61520.2,61521.4,959
2025-02-11 12:20:00+05:30,61531.7,61532.6,61524.8,61525.8,823
2025-02-11 12:25:00+05:30,61523.1,61525.8,61520.5,61520.7,865
2025-02-11 12:30:00+05:30,61518.1,61527.1,61518.0,61523.0,885
2025-02-11 12:35:00+05:30,61520.0,61526.2,61509.8,61512.6,986
2025-02-11 12:40:00+05:30,61510.6,61528.2,61510.5,61525.9,2680
2025-02-11 12:45:00+05:30,61536.3,61543.5,61533.8,61536.7,925
2025-02-11 12:50:00+05:30,61535.1,61542.9,61511.6,61518.2,807
2025-02-11 12:55:00+05:30,61508.6,61511.3,61499.8,61500.2,942
2025-02-11 13:00:00+05:30,61501.1,61503.8,61494.7,61499.4,1046
2025-02-11 13:05:00+05:30,61493.2,61494.6,61483.0,61484.4,856
2025-02-11 13:10:00+05:30,61484.1,61493.7,61481.1,61483.2,1074
2025-02-11 13:15:00+05:30,61486.2,61486.3,61468.7,61470.8,880
2025-02-11 13:20:00+05:30,61475.3,61487.9,61473.8,61483.2,750
2025-02-11 13:25:00+05:30,61493.7,61496.1,61492.8,61494.3,817
2025-02-11 13:30:00+05:30,61493.7,61498.9,61492.3,61496.9,944
2025-02-11 13:35:00+05:30,61491.4,61491.5,61489.0,61491.1,906
2025-02-11 13:40:00+05:30,61498.2,61514.7,61493.5,61509.5,843
2025-02-11 13:45:00+05:30,61508.0,61509.3,61501.7,61503.6,718
2025-02-11 13:50:00+05:30,61503.8,61514.5,61501.5,61512.2,890
2025-02-11 13:55:00+05:30,61511.0,61529.3,61507.2,61523.4,892
2025-02-11 14:00:00+05:30,61535.1,61558.2,61534.4,61549.9,962
2025-02-11 14:05:00+05:30,61559.0,61570.5,61549.9,61569.4,990
2025-02-11 14:10:00+05:30,61566.1,61579.2,61564.5,61576.1,849
2025-02-11 14:15:00+05:30,61574.9,61579.6,61562.8,61564.4,1120
2025-02-11 14:20:00+05:30,61572.0,61582.3,61569.7,61577.0,906
2025-02-11 14:25:00+05:30,61591.9,61595.1,61589.8,61589.8,938
2025-02-11 14:30:00+05:30,61576.8,61580.8,61572.2,61575.2,988
2025-02-11 14:35:00+05:30,61574.1,61584.1,61572.4,61581.3,999
2025-02-11 14:40:00+05:30,61571.5,61578.7,61565.8,61568.4,985
2025-02-11 14:45:00+05:30,61571.4,61585.4,61570.9,61579.1,708
2025-02-11 14:50:00+05:30,61588.8,61600.2,61588.1,61597.6,758
2025-02-11 14:55:00+05:30,61604.2,61613.8,61603.8,61607.5,648
2025-02-11 15:00:00+05:30,61603.3,61606.6,61591.3,61593.6,905
2025-02-11 15:05:00+05:30,61597.4,61599.4,61591.1,61592.2,1030
2025-02-11 15:10:00+05:30,61594.5,61594.7,61582.7,61582.9,755
2025-02-11 15:15:00+05:30,61585.6,61591.2,61584.4,61585.5,821
2025-02-11 15:20:00+05:30,61586.0,61587.8,61582.5,61582.7,993
2025-02-11 15:25:00+05:30,61591.3,61606.3,61585.8,61600.4,1065
2025-02-11 15:30:00+05:30,61604.2,61619.6,61601.2,61614.0,956
2025-02-11 15:35:00+05:30,61625.1,61628.1,61606.7,61614.0,895
2025-02-11 15:40:00+05:30,61613.7,61616.7,61613.2,61614.5,921
2025-02-11 15:45:00+05:30,61609.4,61612.4,61605.0,61608.7,1033
2025-02-11 15:50:00+05:30,61610.8,61619.2,61608.3,61616.8,863
2025-02-11 15:55:00+05:30,61619.3,61630.5,61617.5,61627.7,802
2025-02-11 16:00:00+05:30,61640.0,61645.1,61631.1,61632.0,910
2025-02-11 16:05:00+05:30,61644.0,61646.3,61631.3,61637.8,990
2025-02-11 16:10:00+05:30,61634.2,61647.1,61633.0,61645.2,2785
2025-02-11 16:15:00+05:30,61645.1,61654.6,61644.9,61652.8,911
2025-02-11 16:20:00+05:30,61642.7,61654.6,61640.9,61651.3,918
2025-02-11 16:25:00+05:30,61654.2,61656.5,61648.1,61655.3,962
2025-02-11 16:30:00+05:30,61659.5,61668.2,61649.5,61653.8,891
2025-02-11 16:35:00+05:30,61651.9,61655.0,61643.5,61648.3,733
2025-02-11 16:40:00+05:30,61652.2,61654.3,61648.5,61649.1,745
2025-02-11 16:45:00+05:30,61653.0,61658.8,61651.5,61657.9,855
2025-02-11 16:50:00+05:30,61647.4,61650.0,61647.1,61647.9,1090
2025-02-11 16:55:00+05:30,61643.9,61646.0,61636.3,61645.0,950
2025-02-11 17:00:00+05:30,61632.3,61635.5,61629.5,61631.3,717
2025-02-12 09:00:00+05:30,61632.9,61639.0,61624.1,61626.1,1600
2025-02-12 09:05:00+05:30,61625.2,61627.9,61618.8,61621.1,789
2025-02-12 09:10:00+05:30,61626.0,61630.4,61618.6,61620.7,663
2025-02-12 09:15:00+05:30,61617.5,61629.5,61615.4,61626.3,749
2025-02-12 09:20:00+05:30,61619.9,61624.4,61612.1,61612.2,653
2025-02-12 09:25:00+05:30,61609.6,61613.0,61601.6,61602.9,758
2025-02-12 09:30:00+05:30,61601.1,61606.9,61594.7,61598.7,751
2025-02-12 09:35:00+05:30,61593.8,61594.0,61583.3,61585.4,926
2025-02-12 09:40:00+05:30,61578.4,61582.5,61568.1,61580.4,525
2025-02-12 09:45:00+05:30,61588.5,61605.3,61587.8,61603.6,633
2025-02-12 09:50:00+05:30,61612.8,61622.9,61609.4,61622.8,734
2025-02-12 09:55:00+05:30,61620.4,61621.9,61604.8,61605.9,515
2025-02-12 10:00:00+05:30,61608.9,61609.2,61591.8,61593.4,2937
2025-02-12 10:05:00+05:30,61601.2,61608.8,61597.1,61598.0,791
2025-02-12 10:10:00+05:30,61600.0,61616.4,61598.3,61611.9,919
2025-02-12 10:15:00+05:30,61611.6,61626.3,61609.0,61621.5,816
2025-02-12 10:20:00+05:30,61629.7,61634.3,61618.5,61620.1,674
2025-02-12 10:25:00+05:30,61622.7,61638.6,61620.2,61636.9,815
2025-02-12 10:30:00+05:30,61642.4,61644.5,61635.3,61642.9,463
2025-02-12 10:35:00+05:30,61653.4,61656.3,61641.6,61644.2,705
2025-02-12 10:40:00+05:30,61654.1,61660.3,61648.9,61658.7,658
2025-02-12 10:45:00+05:30,61664.1,61671.9,61662.4,61671.3,629
2025-02-12 10:50:00+05:30,61665.8,61669.6,61664.0,61668.7,792
2025-02-12 10:55:00+05:30,61662.2,61665.3,61656.8,61660.3,937
2025-02-12 11:00:00+05:30,61672.5,61678.7,61669.0,61674.8,808
2025-02-12 11:05:00+05:30,61668.3,61671.7,61660.2,61667.0,654
2025-02-12 11:10:00+05:30,61666.0,61690.2,61654.0,61681.9,962
2025-02-12 11:15:00+05:30,61683.8,61686.8,61683.8,61685.6,751
2025-02-12 11:20:00+05:30,61682.8,61684.3,61669.0,61671.8,663
2025-02-12 11:25:00+05:30,61669.6,61679.1,61664.9,61678.5,758
2025-02-12 11:30:00+05:30,61679.4,61680.8,61665.7,61669.1,852
2025-02-12 11:35:00+05:30,61660.0,61665.5,61654.8,61655.7,641
2025-02-12 11:40:00+05:30,61651.6,61655.3,61641.5,61645.6,608
2025-02-12 11:45:00+05:30,61649.5,61649.8,61638.7,61640.0,753
2025-02-12 11:50:00+05:30,61640.8,61652.2,61638.1,61645.9,668
2025-02-12 11:55:00+05:30,61647.6,61650.8,61643.1,61648.4,781
2025-02-12 12:00:00+05:30,61647.6,61666.8,61646.4,61661.2,581
2025-02-12 12:05:00+05:30,61667.5,61669.3,61662.2,61668.9,773
2025-02-12 12:10:00+05:30,61673.2,61673.5,61645.8,61650.2,634
2025-02-12 12:15:00+05:30,61647.9,61668.7,61643.6,61663.0,825
2025-02-12 12:20:00+05:30,61664.9,61665.5,61662.8,61664.0,755
2025-02-12 12:25:00+05:30,61673.7,61675.3,61670.0,61672.1,910
2025-02-12 12:30:00+05:30,61660.7,61664.0,61644.2,61645.1,729
2025-02-12 12:35:00+05:30,61644.1,61658.3,61643.8,61655.2,871
2025-02-12 12:40:00+05:30,61654.7,61658.2,61647.9,61655.8,702
2025-02-12 12:45:00+05:30,61658.7,61671.2,61658.5,61668.2,814
2025-02-12 12:50:00+05:30,61669.1,61675.6,61667.6,61675.4,849
2025-02-12 12:55:00+05:30,61682.8,61704.3,61681.0,61701.5,795
2025-02-12 13:00:00+05:30,61705.1,61723.8,61699.1,61717.1,956
2025-02-12 13:05:00+05:30,61720.6,61720.7,61715.9,61718.7,810
2025-02-12 13:10:00+05:30,61722.5,61732.8,61718.4,61729.7,833
2025-02-12 13:15:00+05:30,61729.5,61745.2,61729.4,61741.5,657
2025-02-12 13:20:00+05:30,61751.3,61756.0,61743.9,61750.5,730
2025-02-12 13:25:00+05:30,61755.0,61755.4,61739.6,61748.2,673
2025-02-12 13:30:00+05:30,61751.4,61752.2,61743.0,61750.0,800
2025-02-12 13:35:00+05:30,61759.6,61763.8,61750.3,61757.3,750
2025-02-12 13:40:00+05:30,61752.8,61760.3,61752.5,61755.9,656
2025-02-12 13:45:00+05:30,61754.0,61758.7,61732.6,61735.7,775
2025-02-12 13:50:00+05:30,61739.0,61741.9,61731.5,61732.0,694
2025-02-12 13:55:00+05:30,61747.3,61748.2,61738.1,61741.2,618
2025-02-12 14:00:00+05:30,61737.6,61745.1,61736.7,61743.7,843
2025-02-12 14:05:00+05:30,61743.2,61744.5,61730.2,61731.1,829
2025-02-12 14:10:00+05:30,61729.9,61730.9,61713.8,61719.7,695
2025-02-12 14:15:00+05:30,61715.6,61720.8,61700.0,61702.7,560
2025-02-12 14:20:00+05:30,61702.9,61703.8,61694.9,61698.6,834
2025-02-12 14:25:00+05:30,61696.3,61699.1,61690.1,61692.3,419
2025-02-12 14:30:00+05:30,61681.8,61682.2,61677.7,61679.1,794
2025-02-12 14:35:00+05:30,61674.4,61674.6,61661.8,61668.0,676
2025-02-12 14:40:00+05:30,61658.9,61661.3,61648.2,61656.2,669
2025-02-12 14:45:00+05:30,61650.0,61651.2,61646.5,61650.1,852
2025-02-12 14:50:00+05:30,61655.2,61655.9,61640.3,61642.8,2669
2025-02-12 14:55:00+05:30,61638.7,61640.4,61637.2,61639.7,529
2025-02-12 15:00:00+05:30,61631.5,61635.4,61629.5,61631.7,590
2025-02-12 15:05:00+05:30,61625.0,61633.0,61624.4,61631.1,697
2025-02-12 15:10:00+05:30,61628.3,61629.3,61619.7,61622.2,772
2025-02-12 15:15:00+05:30,61618.8,61623.0,61613.3,61613.9,704
2025-02-12 15:20:00+05:30,61617.4,61620.1,61610.6,61615.9,758
2025-02-12 15:25:00+05:30,61619.9,61629.2,61616.4,61627.0,788
2025-02-12 15:30:00+05:30,61622.6,61642.0,61621.4,61637.1,573
2025-02-12 15:35:00+05:30,61634.1,61636.3,61632.7,61633.3,775
2025-02-12 15:40:00+05:30,61633.1,61649.5,61629.7,61644.2,837
2025-02-12 15:45:00+05:30,61645.1,61656.5,61643.1,61653.3,656
2025-02-12 15:50:00+05:30,61661.4,61666.1,61642.3,61647.8,902
2025-02-12 15:55:00+05:30,61645.8,61646.8,61629.4,61632.9,764
2025-02-12 16:00:00+05:30,61623.5,61624.1,61616.9,61620.9,812
2025-02-12 16:05:00+05:30,61617.7,61623.9,61613.1,61623.5,978
2025-02-12 16:10:00+05:30,61628.1,61642.4,61625.8,61638.6,663
2025-02-12 16:15:00+05:30,61636.4,61639.8,61627.2,61634.8,617
2025-02-12 16:20:00+05:30,61638.1,61640.4,61624.4,61629.7,728
2025-02-12 16:25:00+05:30,61634.9,61652.3,61634.8,61648.7,864
2025-02-12 16:30:00+05:30,61638.2,61645.7,61633.1,61641.8,526
2025-02-12 16:35:00+05:30,61636.8,61641.8,61636.1,61639.4,769
2025-02-12 16:40:00+05:30,61640.3,61643.7,61633.8,61634.2,718
2025-02-12 16:45:00+05:30,61640.8,61646.8,61632.1,61643.5,641
2025-02-12 16:50:00+05:30,61639.2,61641.4,61631.7,61641.1,791
2025-02-12 16:55:00+05:30,61645.4,61655.5,61641.1,61654.1,680
2025-02-12 17:00:00+05:30,61650.3,61652.0,61638.3,61642.3,549
2025-02-13 09:00:00+05:30,61640.9,61641.8,61630.6,61633.0,842
2025-02-13 09:05:00+05:30,61625.1,61627.8,61617.0,61620.5,816
2025-02-13 09:10:00+05:30,61630.9,61636.9,61626.0,61627.0,896
2025-02-13 09:15:00+05:30,61615.2,61620.1,61600.3,61607.5,879
2025-02-13 09:20:00+05:30,61605.9,61618.7,61605.1,61612.7,770
2025-02-13 09:25:00+05:30,61616.0,61624.8,61614.3,61623.0,767
2025-02-13 09:30:00+05:30,61628.3,61630.8,61615.0,61618.1,637
2025-02-13 09:35:00+05:30,61630.8,61635.7,61627.0,61630.2,681
2025-02-13 09:40:00+05:30,61633.3,61634.6,61622.7,61626.0,858
2025-02-13 09:45:00+05:30,61610.4,61614.6,61604.7,61613.5,821
2025-02-13 09:50:00+05:30,61609.2,61609.3,61601.4,61602.9,934
2025-02-13 09:55:00+05:30,61595.5,61599.4,61588.2,61588.9,747
2025-02-13 10:00:00+05:30,61583.4,61586.8,61564.6,61565.5,744
2025-02-13 10:05:00+05:30,61571.6,61574.5,61570.0,61573.0,618
2025-02-13 10:10:00+05:30,61578.4,61590.4,61576.3,61587.5,565
2025-02-13 10:15:00+05:30,61581.8,61596.6,61578.0,61592.0,768
2025-02-13 10:20:00+05:30,61597.4,61606.3,61583.9,61584.0,470
2025-02-13 10:25:00+05:30,61587.6,61600.0,61586.9,61597.5,852
2025-02-13 10:30:00+05:30,61603.0,61607.6,61602.4,61605.2,757
2025-02-13 10:35:00+05:30,61603.0,61607.3,61599.3,61604.8,794
2025-02-13 10:40:00+05:30,61609.6,61617.4,61608.8,61614.4,681
2025-02-13 10:45:00+05:30,61610.8,61612.9,61609.8,61610.4,882
2025-02-13 10:50:00+05:30,61608.1,61629.0,61606.3,61621.3,645
2025-02-13 10:55:00+05:30,61618.7,61621.7,61599.9,61600.1,2267
2025-02-13 11:00:00+05:30,61601.2,61603.1,61588.0,61597.1,840
2025-02-13 11:05:00+05:30,61596.4,61611.9,61595.5,61610.4,3018
2025-02-13 11:10:00+05:30,61608.1,61608.7,61596.2,61598.6,854
2025-02-13 11:15:00+05:30,61608.3,61611.5,61600.7,61606.6,1037
2025-02-13 11:20:00+05:30,61602.5,61621.4,61597.1,61616.0,683
2025-02-13 11:25:00+05:30,61609.6,61612.4,61603.3,61608.8,809
2025-02-13 11:30:00+05:30,61611.2,61613.9,61607.3,61610.6,632
2025-02-13 11:35:00+05:30,61610.8,61622.1,61608.8,61619.8,624
2025-02-13 11:40:00+05:30,61617.2,61620.3,61608.2,61610.3,641
2025-02-13 11:45:00+05:30,61615.7,61619.5,61612.9,61614.4,773
2025-02-13 11:50:00+05:30,61622.7,61637.8,61620.2,61633.1,655
2025-02-13 11:55:00+05:30,61641.4,61650.8,61638.5,61650.7,863
2025-02-13 12:00:00+05:30,61651.9,61655.8,61649.1,61652.6,689
2025-02-13 12:05:00+05:30,61653.5,61656.6,61648.1,61653.2,932
2025-02-13 12:10:00+05:30,61648.6,61652.4,61631.7,61637.2,960
2025-02-13 12:15:00+05:30,61625.2,61630.3,61620.2,61628.1,945
2025-02-13 12:20:00+05:30,61624.6,61626.7,61613.2,61616.4,951
2025-02-13 12:25:00+05:30,61619.8,61623.2,61616.1,61622.3,526
2025-02-13 12:30:00+05:30,61619.2,61631.3,61617.4,61628.1,618
2025-02-13 12:35:00+05:30,61614.7,61632.0,61603.5,61631.5,687
2025-02-13 12:40:00+05:30,61627.5,61630.2,61621.4,61624.6,634
2025-02-13 12:45:00+05:30,61631.8,61631.9,61625.3,61629.8,782
2025-02-13 12:50:00+05:30,61628.5,61632.9,61624.3,61631.6,917
2025-02-13 12:55:00+05:30,61641.7,61652.9,61637.0,61645.1,801
2025-02-13 13:00:00+05:30,61640.9,61645.7,61638.5,61645.1,873
2025-02-13 13:05:00+05:30,61650.1,61654.1,61640.3,61642.3,917
2025-02-13 13:10:00+05:30,61641.8,61649.0,61639.4,61640.5,863
2025-02-13 13:15:00+05:30,61629.3,61631.0,61616.7,61619.5,823
2025-02-13 13:20:00+05:30,61612.6,61623.3,61609.5,61621.8,845
2025-02-13 13:25:00+05:30,61618.3,61622.4,61615.9,61622.1,752
2025-02-13 13:30:00+05:30,61630.4,61632.1,61624.7,61631.9,980
2025-02-13 13:35:00+05:30,61636.4,61636.6,61617.7,61618.2,855
2025-02-13 13:40:00+05:30,61616.8,61624.9,61614.5,61621.8,797
2025-02-13 13:45:00+05:30,61626.6,61635.5,61620.6,61635.2,565
2025-02-13 13:50:00+05:30,61648.1,61655.1,61648.0,61651.8,748
2025-02-13 13:55:00+05:30,61651.5,61657.6,61643.5,61655.9,786
2025-02-13 14:00:00+05:30,61665.8,61668.0,61655.0,61656.0,824
2025-02-13 14:05:00+05:30,61651.6,61654.0,61635.0,61639.7,627
2025-02-13 14:10:00+05:30,61645.3,61653.2,61635.7,61640.0,702
2025-02-13 14:15:00+05:30,61639.3,61639.9,61626.1,61631.3,835
2025-02-13 14:20:00+05:30,61626.3,61636.3,61617.5,61629.3,649
2025-02-13 14:25:00+05:30,61632.4,61650.4,61632.0,61641.7,715
2025-02-13 14:30:00+05:30,61633.7,61633.9,61625.1,61629.1,816
2025-02-13 14:35:00+05:30,61629.3,61630.0,61620.9,61623.7,897
2025-02-13 14:40:00+05:30,61618.1,61622.7,61613.2,61620.8,692
2025-02-13 14:45:00+05:30,61625.3,61627.1,61617.0,61622.1,609
2025-02-13 14:50:00+05:30,61618.4,61625.7,61617.3,61625.3,742
2025-02-13 14:55:00+05:30,61623.2,61630.5,61618.5,61618.6,692
2025-02-13 15:00:00+05:30,61629.8,61638.1,61623.8,61625.4,791
2025-02-13 15:05:00+05:30,61638.7,61639.6,61620.1,61621.2,748
2025-02-13 15:10:00+05:30,61619.6,61621.2,61614.3,61621.1,819
2025-02-13 15:15:00+05:30,61617.8,61638.1,61614.5,61632.8,873
2025-02-13 15:20:00+05:30,61639.6,61655.4,61637.3,61652.2,769
2025-02-13 15:25:00+05:30,61657.2,61659.5,61650.3,61656.6,645
2025-02-13 15:30:00+05:30,61648.6,61653.6,61636.0,61641.1,765
2025-02-13 15:35:00+05:30,61641.0,61649.9,61626.0,61631.5,816
2025-02-13 15:40:00+05:30,61630.1,61630.5,61623.4,61624.6,733
2025-02-13 15:45:00+05:30,61637.4,61641.1,61635.7,61639.3,586
2025-02-13 15:50:00+05:30,61637.4,61646.7,61634.3,61643.0,892
2025-02-13 15:55:00+05:30,61645.4,61656.1,61637.8,61654.2,755
2025-02-13 16:00:00+05:30,61655.6,61658.0,61645.3,61649.2,918
2025-02-13 16:05:00+05:30,61639.2,61650.9,61625.5,61629.6,800
2025-02-13 16:10:00+05:30,61629.2,61632.3,61613.3,61613.8,688
2025-02-13 16:15:00+05:30,61629.1,61630.2,61626.1,61627.1,844
2025-02-13 16:20:00+05:30,61634.6,61643.3,61634.2,61638.1,753
2025-02-13 16:25:00+05:30,61641.2,61648.3,61639.8,61646.3,784
2025-02-13 16:30:00+05:30,61650.9,61658.8,61649.8,61654.8,851
2025-02-13 16:35:00+05:30,61657.9,61664.3,61656.7,61660.5,823
2025-02-13 16:40:00+05:30,61667.1,61670.4,61654.2,61654.3,889
2025-02-13 16:45:00+05:30,61654.8,61657.0,61650.6,61655.3,850
2025-02-13 16:50:00+05:30,61651.3,61654.6,61637.2,61638.8,828
2025-02-13 16:55:00+05:30,61636.9,61642.0,61636.5,61641.8,930
2025-02-13 17:00:00+05:30,61639.2,61647.1,61637.8,61645.8,803
2025-02-14 09:00:00+05:30,61655.0,61656.0,61648.6,61649.5,391
2025-02-14 09:05:00+05:30,61649.2,61649.8,61643.4,61643.5,597
2025-02-14 09:10:00+05:30,61638.7,61647.0,61635.0,61644.5,415
2025-02-14 09:15:00+05:30,61643.9,61648.0,61639.1,61642.2,645
2025-02-14 09:20:00+05:30,61632.9,61647.2,61624.4,61640.9,583
2025-02-14 09:25:00+05:30,61635.7,61649.1,61634.5,61648.4,399
2025-02-14 09:30:00+05:30,61653.4,61672.9,61653.3,61667.2,859
2025-02-14 09:35:00+05:30,61670.4,61676.5,61656.7,61662.4,373
2025-02-14 09:40:00+05:30,61665.4,61665.9,61659.4,61660.5,582
2025-02-14 09:45:00+05:30,61662.5,61668.3,61656.2,61665.0,450
2025-02-14 09:50:00+05:30,61670.1,61672.1,61665.3,61670.5,583
2025-02-14 09:55:00+05:30,61662.9,61668.9,61652.2,61665.8,634
2025-02-14 10:00:00+05:30,61658.4,61661.4,61645.1,61650.5,326
2025-02-14 10:05:00+05:30,61651.3,61656.1,61647.6,61654.3,382
2025-02-14 10:10:00+05:30,61655.6,61665.2,61653.8,61660.4,406
2025-02-14 10:15:00+05:30,61648.3,61648.8,61642.6,61646.9,381
2025-02-14 10:20:00+05:30,61652.2,61653.9,61640.5,61642.1,410
2025-02-14 10:25:00+05:30,61640.0,61653.5,61637.1,61648.8,541
2025-02-14 10:30:00+05:30,61642.7,61647.8,61635.7,61640.3,672
2025-02-14 10:35:00+05:30,61636.5,61649.8,61632.0,61644.9,468
2025-02-14 10:40:00+05:30,61640.3,61646.2,61638.1,61643.4,473
2025-02-14 10:45:00+05:30,61631.0,61641.3,61622.5,61638.4,722
2025-02-14 10:50:00+05:30,61652.4,61662.5,61642.1,61659.9,568
2025-02-14 10:55:00+05:30,61662.5,61667.1,61658.9,61660.7,570
2025-02-14 11:00:00+05:30,61658.5,61658.9,61641.9,61646.3,596
2025-02-14 11:05:00+05:30,61644.6,61663.1,61642.8,61661.9,556
2025-02-14 11:10:00+05:30,61669.4,61679.4,61655.9,61677.3,454
2025-02-14 11:15:00+05:30,61684.1,61694.0,61679.3,61692.5,665
2025-02-14 11:20:00+05:30,61703.3,61707.5,61701.5,61705.4,654
2025-02-14 11:25:00+05:30,61714.1,61715.7,61711.7,61715.5,659
2025-02-14 11:30:00+05:30,61716.4,61719.6,61695.7,61701.5,490
2025-02-14 11:35:00+05:30,61693.0,61704.6,61691.7,61696.0,577
2025-02-14 11:40:00+05:30,61701.1,61702.1,61694.1,61696.0,658
2025-02-14 11:45:00+05:30,61679.4,61679.6,61668.5,61672.5,41
2025-02-14 11:50:00+05:30,61672.5,61676.5,61668.1,61668.3,527
2025-02-14 11:55:00+05:30,61676.5,61680.5,61672.0,61677.0,460
2025-02-14 12:00:00+05:30,61672.0,61677.2,61664.1,61676.8,532
2025-02-14 12:05:00+05:30,61681.2,61689.0,61676.6,61687.4,550
2025-02-14 12:10:00+05:30,61678.3,61682.9,61672.2,61680.3,443
2025-02-14 12:15:00+05:30,61687.6,61696.2,61685.2,61695.1,497
2025-02-14 12:20:00+05:30,61689.7,61695.3,61680.6,61684.9,356
2025-02-14 12:25:00+05:30,61682.4,61684.6,61675.6,61681.2,483
2025-02-14 12:30:00+05:30,61682.5,61683.0,61670.1,61674.3,662
2025-02-14 12:35:00+05:30,61665.2,61670.1,61663.8,61665.7,567
2025-02-14 12:40:00+05:30,61662.3,61662.8,61636.1,61644.7,645
2025-02-14 12:45:00+05:30,61645.6,61647.1,61626.0,61633.5,543
2025-02-14 12:50:00+05:30,61630.5,61630.8,61615.9,61623.6,757
2025-02-14 12:55:00+05:30,61628.8,61634.9,61619.4,61625.1,351
2025-02-14 13:00:00+05:30,61627.7,61631.5,61627.1,61628.3,371
2025-02-14 13:05:00+05:30,61631.8,61634.0,61623.2,61631.6,329
2025-02-14 13:10:00+05:30,61631.1,61635.5,61626.4,61629.0,489
2025-02-14 13:15:00+05:30,61631.9,61649.8,61629.2,61648.8,509
2025-02-14 13:20:00+05:30,61648.6,61659.7,61647.4,61657.3,563
2025-02-14 13:25:00+05:30,61665.9,61670.7,61656.6,61669.4,603
2025-02-14 13:30:00+05:30,61670.3,61672.5,61650.5,61652.5,1078
2025-02-14 13:35:00+05:30,61657.8,61661.4,61649.5,61649.9,288
2025-02-14 13:40:00+05:30,61651.7,61658.9,61645.8,61654.9,510
2025-02-14 13:45:00+05:30,61657.1,61663.5,61653.5,61654.4,651
2025-02-14 13:50:00+05:30,61648.0,61658.0,61639.6,61656.8,608
2025-02-14 13:55:00+05:30,61667.4,61677.5,61665.6,61676.6,776
2025-02-14 14:00:00+05:30,61678.1,61701.6,61675.7,61701.2,373
2025-02-14 14:05:00+05:30,61699.4,61701.1,61693.8,61699.8,565
2025-02-14 14:10:00+05:30,61703.4,61712.5,61699.5,61710.9,671
2025-02-14 14:15:00+05:30,61711.8,61723.9,61709.3,61723.5,365
2025-02-14 14:20:00+05:30,61728.2,61739.4,61723.3,61739.3,460
2025-02-14 14:25:00+05:30,61731.5,61736.5,61719.4,61727.4,538
2025-02-14 14:30:00+05:30,61737.7,61738.3,61719.3,61727.3,468
2025-02-14 14:35:00+05:30,61732.0,61747.8,61732.0,61742.5,427
2025-02-14 14:40:00+05:30,61736.6,61736.6,61729.3,61736.0,557
2025-02-14 14:45:00+05:30,61723.1,61724.5,61707.4,61713.3,472
2025-02-14 14:50:00+05:30,61711.9,61717.4,61694.3,61702.3,443
2025-02-14 14:55:00+05:30,61701.7,61705.1,61698.5,61699.7,526
2025-02-14 15:00:00+05:30,61705.4,61709.4,61693.7,61695.6,411
2025-02-14 15:05:00+05:30,61699.1,61701.4,61695.6,61699.5,725
2025-02-14 15:10:00+05:30,61702.9,61708.4,61700.1,61705.9,626
2025-02-14 15:15:00+05:30,61698.7,61699.2,61683.6,61690.0,702
2025-02-14 15:20:00+05:30,61700.9,61716.1,61697.5,61714.7,164
2025-02-14 15:25:00+05:30,61725.3,61726.1,61716.5,61718.7,530
2025-02-14 15:30:00+05:30,61709.5,61715.4,61695.7,61698.7,454
2025-02-14 15:35:00+05:30,61690.5,61698.2,61688.1,61697.9,199
2025-02-14 15:40:00+05:30,61702.3,61707.4,61697.0,61701.8,370
2025-02-14 15:45:00+05:30,61695.9,61698.9,61692.5,61696.3,580
2025-02-14 15:50:00+05:30,61692.8,61701.8,61689.3,61698.5,610
2025-02-14 15:55:00+05:30,61689.8,61698.2,61684.1,61696.6,185
2025-02-14 16:00:00+05:30,61691.4,61694.0,61678.3,61681.5,391
2025-02-14 16:05:00+05:30,61693.8,61698.1,61682.0,61682.7,1310
2025-02-14 16:10:00+05:30,61683.2,61686.5,61673.8,61677.9,403
2025-02-14 16:15:00+05:30,61683.5,61684.5,61674.0,61677.2,462
2025-02-14 16:20:00+05:30,61680.5,61684.2,61676.2,61683.1,532
2025-02-14 16:25:00+05:30,61687.2,61690.9,61676.2,61681.4,434
2025-02-14 16:30:00+05:30,61673.9,61674.7,61664.2,61671.5,438
2025-02-14 16:35:00+05:30,61683.8,61686.0,61682.9,61685.5,558
2025-02-14 16:40:00+05:30,61676.1,61691.6,61675.8,61686.6,471
2025-02-14 16:45:00+05:30,61679.1,61688.1,61676.2,61683.3,476
2025-02-14 16:50:00+05:30,61689.3,61698.0,61681.8,61686.2,309
2025-02-14 16:55:00+05:30,61681.6,61684.8,61678.5,61678.7,485
2025-02-14 17:00:00+05:30,61664.8,61666.3,61649.3,61652.7,458
2025-02-17 09:00:00+05:30,61652.2,61655.4,61634.8,61641.7,890
2025-02-17 09:05:00+05:30,61632.3,61636.3,61632.2,61634.7,638
2025-02-17 09:10:00+05:30,61630.9,61636.4,61618.2,61621.7,672
2025-02-17 09:15:00+05:30,61624.1,61634.9,61622.7,61632.4,1903
2025-02-17 09:20:00+05:30,61637.4,61641.1,61619.2,61620.7,476
2025-02-17 09:25:00+05:30,61619.0,61625.1,61612.7,61623.0,716
2025-02-17 09:30:00+05:30,61615.1,61618.0,61609.0,61612.0,738
2025-02-17 09:35:00+05:30,61619.7,61625.8,61616.8,61620.3,698
2025-02-17 09:40:00+05:30,61625.1,61626.3,61609.5,61616.9,778
2025-02-17 09:45:00+05:30,61622.4,61632.3,61619.6,61628.9,780
2025-02-17 09:50:00+05:30,61625.0,61625.3,61622.0,61623.4,519
2025-02-17 09:55:00+05:30,61624.8,61632.0,61613.7,61632.0,596
2025-02-17 10:00:00+05:30,61639.7,61650.9,61635.5,61648.3,713
2025-02-17 10:05:00+05:30,61656.0,61657.3,61643.0,61649.2,889
2025-02-17 10:10:00+05:30,61657.2,61664.7,61645.8,61656.4,722
2025-02-17 10:15:00+05:30,61663.2,61680.3,61662.8,61679.5,735
2025-02-17 10:20:00+05:30,61675.4,61690.2,61672.0,61689.6,652
2025-02-17 10:25:00+05:30,61677.8,61689.7,61669.7,61679.8,775
2025-02-17 10:30:00+05:30,61687.7,61691.4,61679.5,61686.7,555
2025-02-17 10:35:00+05:30,61688.8,61689.7,61687.9,61689.7,744
2025-02-17 10:40:00+05:30,61692.5,61695.9,61689.2,61691.1,738
2025-02-17 10:45:00+05:30,61696.8,61704.8,61694.2,61700.2,607
2025-02-17 10:50:00+05:30,61701.0,61703.8,61696.7,61699.4,556
2025-02-17 10:55:00+05:30,61696.9,61715.8,61695.6,61710.5,684
2025-02-17 11:00:00+05:30,61714.5,61715.6,61694.6,61699.1,643
2025-02-17 11:05:00+05:30,61703.9,61705.5,61696.8,61701.9,566
2025-02-17 11:10:00+05:30,61707.1,61714.2,61696.3,61697.2,811
2025-02-17 11:15:00+05:30,61696.3,61696.5,61689.6,61692.5,588
2025-02-17 11:20:00+05:30,61701.4,61702.8,61694.7,61695.5,688
2025-02-17 11:25:00+05:30,61695.0,61696.1,61690.1,61692.1,626
2025-02-17 11:30:00+05:30,61702.1,61709.2,61698.2,61707.8,516
2025-02-17 11:35:00+05:30,61715.6,61737.5,61713.8,61733.5,861
2025-02-17 11:40:00+05:30,61731.1,61736.6,61727.1,61730.6,591
2025-02-17 11:45:00+05:30,61734.9,61737.6,61723.8,61729.3,851
2025-02-17 11:50:00+05:30,61728.7,61742.7,61724.9,61742.6,941
2025-02-17 11:55:00+05:30,61736.6,61737.8,61723.9,61726.7,760
2025-02-17 12:00:00+05:30,61729.3,61733.8,61722.0,61726.7,706
2025-02-17 12:05:00+05:30,61726.8,61728.5,61718.8,61718.9,598
2025-02-17 12:10:00+05:30,61714.4,61718.4,61706.7,61708.7,599
2025-02-17 12:15:00+05:30,61709.9,61727.0,61707.1,61719.4,760
2025-02-17 12:20:00+05:30,61722.2,61722.7,61718.1,61722.6,807
2025-02-17 12:25:00+05:30,61731.3,61741.1,61726.3,61738.6,399
2025-02-17 12:30:00+05:30,61730.6,61736.3,61726.1,61734.6,667
2025-02-17 12:35:00+05:30,61732.6,61740.8,61730.7,61730.8,577
2025-02-17 12:40:00+05:30,61729.4,61746.1,61727.7,61745.1,681
2025-02-17 12:45:00+05:30,61743.8,61752.3,61742.7,61749.9,532
2025-02-17 12:50:00+05:30,61752.4,61760.2,61745.6,61759.1,771
2025-02-17 12:55:00+05:30,61767.5,61767.9,61765.8,61767.7,635
2025-02-17 13:00:00+05:30,61767.1,61768.0,61752.0,61759.8,832
2025-02-17 13:05:00+05:30,61769.1,61779.0,61760.6,61762.5,947
2025-02-17 13:10:00+05:30,61751.9,61764.8,61749.7,61763.7,769
2025-02-17 13:15:00+05:30,61766.7,61767.4,61753.8,61759.2,753
2025-02-17 13:20:00+05:30,61762.4,61765.8,61749.4,61751.2,801
2025-02-17 13:25:00+05:30,61754.4,61757.5,61748.2,61754.2,623
2025-02-17 13:30:00+05:30,61753.5,61760.4,61749.3,61758.0,872
2025-02-17 13:35:00+05:30,61758.9,61770.2,61751.5,61755.5,812
2025-02-17 13:40:00+05:30,61755.1,61758.6,61753.4,61756.6,745
2025-02-17 13:45:00+05:30,61763.0,61769.4,61755.6,61767.1,590
2025-02-17 13:50:00+05:30,61755.7,61763.5,61751.7,61760.1,879
2025-02-17 13:55:00+05:30,61758.1,61765.4,61754.7,61759.0,741
2025-02-17 14:00:00+05:30,61765.6,61772.5,61762.5,61770.1,640
2025-02-17 14:05:00+05:30,61769.4,61774.8,61765.0,61767.5,745
2025-02-17 14:10:00+05:30,61782.6,61801.5,61780.5,61801.1,707
2025-02-17 14:15:00+05:30,61801.8,61822.8,61797.6,61821.2,2327
2025-02-17 14:20:00+05:30,61824.1,61826.6,61814.6,61822.6,959
2025-02-17 14:25:00+05:30,61835.7,61840.1,61827.2,61828.7,750
2025-02-17 14:30:00+05:30,61829.8,61835.8,61823.7,61824.8,553
2025-02-17 14:35:00+05:30,61822.5,61833.9,61818.6,61826.0,878
2025-02-17 14:40:00+05:30,61828.2,61853.5,61826.5,61848.2,666
2025-02-17 14:45:00+05:30,61842.3,61850.8,61839.1,61848.4,802
2025-02-17 14:50:00+05:30,61848.1,61855.3,61844.3,61852.4,918
2025-02-17 14:55:00+05:30,61856.2,61865.2,61849.6,61860.5,813
2025-02-17 15:00:00+05:30,61856.9,61861.0,61852.0,61854.9,691
2025-02-17 15:05:00+05:30,61848.5,61859.6,61848.0,61854.5,1028
2025-02-17 15:10:00+05:30,61858.9,61863.9,61847.3,61850.5,673
2025-02-17 15:15:00+05:30,61851.3,61881.7,61849.8,61879.8,611
2025-02-17 15:20:00+05:30,61883.0,61883.9,61870.2,61876.1,869
2025-02-17 15:25:00+05:30,61873.9,61889.6,61872.8,61889.3,842
2025-02-17 15:30:00+05:30,61884.3,61889.5,61878.0,61882.5,805
2025-02-17 15:35:00+05:30,61889.8,61892.6,61885.4,61889.4,922
2025-02-17 15:40:00+05:30,61887.9,61904.9,61886.1,61899.0,586
2025-02-17 15:45:00+05:30,61889.8,61890.4,61876.6,61877.0,579
2025-02-17 15:50:00+05:30,61878.6,61886.8,61873.1,61874.8,842
2025-02-17 15:55:00+05:30,61866.0,61877.1,61861.9,61869.7,724
2025-02-17 16:00:00+05:30,61865.4,61868.9,61860.1,61866.9,547
2025-02-17 16:05:00+05:30,61869.8,61876.9,61866.1,61874.5,827
2025-02-17 16:10:00+05:30,61874.6,61877.2,61872.6,61873.3,901
2025-02-17 16:15:00+05:30,61871.8,61880.5,61868.9,61876.1,607
2025-02-17 16:20:00+05:30,61893.9,61905.6,61887.4,61889.4,617
2025-02-17 16:25:00+05:30,61903.5,61905.5,61894.0,61894.2,2540
2025-02-17 16:30:00+05:30,61891.2,61905.6,61881.7,61899.8,733
2025-02-17 16:35:00+05:30,61891.6,61899.4,61876.1,61878.0,709
2025-02-17 16:40:00+05:30,61884.1,61905.6,61881.3,61902.6,1651
2025-02-17 16:45:00+05:30,61900.2,61907.4,61899.0,61904.3,581
2025-02-17 16:50:00+05:30,61902.9,61905.9,61893.8,61899.0,942
2025-02-17 16:55:00+05:30,61900.9,61906.4,61886.2,61886.9,653
2025-02-17 17:00:00+05:30,61892.1,61895.4,61868.0,61868.5,691
2025-02-18 09:00:00+05:30,61874.4,61891.6,61871.7,61888.9,733
2025-02-18 09:05:00+05:30,61898.8,61908.1,61888.4,61903.1,988
2025-02-18 09:10:00+05:30,61903.4,61915.4,61897.4,61914.4,879
2025-02-18 09:15:00+05:30,61912.3,61914.4,61905.9,61913.6,835
2025-02-18 09:20:00+05:30,61911.1,61915.2,61900.7,61904.8,955
2025-02-18 09:25:00+05:30,61904.2,61904.8,61890.8,61893.4,1007
2025-02-18 09:30:00+05:30,61900.9,61904.0,61897.4,61903.0,996
2025-02-18 09:35:00+05:30,61905.3,61913.3,61901.2,61902.9,732
2025-02-18 09:40:00+05:30,61893.7,61895.5,61883.2,61888.0,823
2025-02-18 09:45:00+05:30,61890.2,61893.3,61884.4,61888.4,913
2025-02-18 09:50:00+05:30,61887.0,61895.1,61883.6,61888.5,943
2025-02-18 09:55:00+05:30,61892.2,61900.8,61888.1,61895.6,738
2025-02-18 10:00:00+05:30,61896.9,61913.5,61896.4,61909.5,906
2025-02-18 10:05:00+05:30,61916.6,61920.6,61908.0,61913.4,1102
2025-02-18 10:10:00+05:30,61914.3,61920.1,61909.4,61910.5,901
2025-02-18 10:15:00+05:30,61914.1,61914.8,61894.5,61902.5,1007
2025-02-18 10:20:00+05:30,61904.8,61911.8,61900.0,61901.9,594
2025-02-18 10:25:00+05:30,61901.9,61910.5,61891.0,61898.3,1011
2025-02-18 10:30:00+05:30,61909.8,61918.5,61909.7,61914.8,1003
2025-02-18 10:35:00+05:30,61915.6,61922.5,61914.5,61918.1,764
2025-02-18 10:40:00+05:30,61912.7,61920.6,61908.1,61915.0,746
2025-02-18 10:45:00+05:30,61916.1,61926.1,61915.4,61919.0,797
2025-02-18 10:50:00+05:30,61917.4,61920.4,61909.9,61916.8,733
2025-02-18 10:55:00+05:30,61917.4,61920.5,61908.2,61915.4,805
2025-02-18 11:00:00+05:30,61925.5,61943.8,61919.9,61943.6,976
2025-02-18 11:05:00+05:30,61940.3,61942.3,61933.8,61935.3,730
2025-02-18 11:10:00+05:30,61928.5,61932.5,61922.7,61922.8,903
2025-02-18 11:15:00+05:30,61928.5,61933.0,61922.4,61923.0,820
2025-02-18 11:20:00+05:30,61936.1,61946.0,61928.8,61942.5,914
2025-02-18 11:25:00+05:30,61939.6,61948.1,61937.6,61945.5,899
2025-02-18 11:30:00+05:30,61947.5,61955.5,61943.2,61945.0,846
2025-02-18 11:35:00+05:30,61946.7,61960.4,61944.5,61958.3,880
2025-02-18 11:40:00+05:30,61961.2,61964.2,61961.2,61961.7,943
2025-02-18 11:45:00+05:30,61963.6,61968.0,61948.9,61951.0,1083
2025-02-18 11:50:00+05:30,61957.8,61966.0,61956.3,61965.3,757
2025-02-18 11:55:00+05:30,61960.8,61967.2,61944.7,61950.7,905
2025-02-18 12:00:00+05:30,61952.9,61960.2,61951.1,61956.4,898
2025-02-18 12:05:00+05:30,61964.3,61985.8,61956.1,61981.0,956
2025-02-18 12:10:00+05:30,61992.8,62004.3,61986.2,61998.7,1063
2025-02-18 12:15:00+05:30,61991.0,61992.2,61990.5,61990.9,883
2025-02-18 12:20:00+05:30,61986.4,61994.1,61983.0,61992.8,758
2025-02-18 12:25:00+05:30,61995.7,61999.0,61987.7,61995.2,939
2025-02-18 12:30:00+05:30,61990.9,61991.9,61981.3,61983.2,848
2025-02-18 12:35:00+05:30,61982.8,61991.4,61982.6,61991.2,848
2025-02-18 12:40:00+05:30,61985.7,61990.4,61970.5,61972.4,897
2025-02-18 12:45:00+05:30,61974.4,61975.7,61966.6,61968.5,1189
2025-02-18 12:50:00+05:30,61969.6,61985.4,61964.0,61980.5,861
2025-02-18 12:55:00+05:30,61984.1,61984.5,61980.5,61982.4,1013
2025-02-18 13:00:00+05:30,61979.8,61983.9,61963.8,61965.0,928
2025-02-18 13:05:00+05:30,61971.8,61982.9,61970.8,61982.6,833
2025-02-18 13:10:00+05:30,61975.5,61994.4,61970.7,61989.8,793
2025-02-18 13:15:00+05:30,61987.8,61993.6,61981.7,61992.1,888
2025-02-18 13:20:00+05:30,61995.8,62004.1,61980.6,61985.0,933
2025-02-18 13:25:00+05:30,61977.8,61978.0,61957.9,61963.4,935
2025-02-18 13:30:00+05:30,61971.3,61976.2,61965.2,61971.5,878
2025-02-18 13:35:00+05:30,61972.3,61973.5,61950.2,61953.0,905
2025-02-18 13:40:00+05:30,61952.8,61959.4,61935.3,61936.8,813
2025-02-18 13:45:00+05:30,61942.7,61947.9,61938.1,61944.9,878
2025-02-18 13:50:00+05:30,61940.8,61941.1,61932.4,61932.8,965
2025-02-18 13:55:00+05:30,61917.5,61929.2,61915.1,61924.9,626
2025-02-18 14:00:00+05:30,61927.0,61930.7,61918.7,61929.5,769
2025-02-18 14:05:00+05:30,61925.0,61926.0,61918.8,61922.8,710
2025-02-18 14:10:00+05:30,61927.1,61927.8,61917.8,61919.7,889
2025-02-18 14:15:00+05:30,61920.2,61924.9,61916.8,61917.8,899
2025-02-18 14:20:00+05:30,61921.2,61934.0,61918.3,61931.4,796
2025-02-18 14:25:00+05:30,61943.4,61946.8,61935.3,61939.8,841
2025-02-18 14:30:00+05:30,61948.5,61954.6,61936.3,61938.5,875
2025-02-18 14:35:00+05:30,61941.8,61943.1,61936.2,61942.9,687
2025-02-18 14:40:00+05:30,61936.4,61945.8,61934.6,61938.6,867
2025-02-18 14:45:00+05:30,61941.0,61943.6,61933.4,61938.3,849
2025-02-18 14:50:00+05:30,61936.4,61936.9,61935.3,61936.3,837
2025-02-18 14:55:00+05:30,61945.4,61958.1,61940.1,61953.8,746
2025-02-18 15:00:00+05:30,61958.5,61961.3,61948.7,61954.3,970
2025-02-18 15:05:00+05:30,61951.7,61955.5,61946.4,61947.5,814
2025-02-18 15:10:00+05:30,61944.4,61957.5,61941.9,61951.4,803
2025-02-18 15:15:00+05:30,61950.6,61951.7,61947.0,61948.8,819
2025-02-18 15:20:00+05:30,61948.9,61951.5,61946.3,61947.9,811
2025-02-18 15:25:00+05:30,61943.4,61943.6,61924.3,61925.4,817
2025-02-18 15:30:00+05:30,61909.0,61925.9,61906.5,61921.6,833
2025-02-18 15:35:00+05:30,61924.8,61949.8,61923.8,61943.5,2778
2025-02-18 15:40:00+05:30,61940.8,61943.9,61932.4,61939.5,726
2025-02-18 15:45:00+05:30,61940.4,61953.6,61939.3,61947.1,987
2025-02-18 15:50:00+05:30,61950.4,61952.0,61945.9,61950.2,752
2025-02-18 15:55:00+05:30,61949.8,61966.0,61947.6,61965.9,2507
2025-02-18 16:00:00+05:30,61964.1,61964.6,61946.1,61951.5,1016
2025-02-18 16:05:00+05:30,61948.1,61961.5,61945.1,61957.4,668
2025-02-18 16:10:00+05:30,61968.6,61979.4,61965.3,61978.8,2629
2025-02-18 16:15:00+05:30,61976.4,61978.0,61960.2,61962.5,1001
2025-02-18 16:20:00+05:30,61963.2,61971.7,61955.0,61963.0,849
2025-02-18 16:25:00+05:30,61961.6,61962.6,61953.4,61954.7,981
2025-02-18 16:30:00+05:30,61951.4,61952.5,61949.3,61951.0,1086
2025-02-18 16:35:00+05:30,61958.0,61960.5,61940.2,61948.7,906
2025-02-18 16:40:00+05:30,61933.4,61937.3,61931.2,61934.9,744
2025-02-18 16:45:00+05:30,61934.9,61940.2,61933.4,61939.7,1021
2025-02-18 16:50:00+05:30,61941.4,61951.9,61936.9,61951.4,969
2025-02-18 16:55:00+05:30,61959.1,61974.2,61956.6,61964.8,817
2025-02-18 17:00:00+05:30,61975.0,61983.9,61964.8,61966.3,795
2025-02-19 09:00:00+05:30,61971.9,61980.1,61969.8,61977.1,664
2025-02-19 09:05:00+05:30,61976.5,61980.7,61967.6,61969.9,762
2025-02-19 09:10:00+05:30,61976.2,61980.7,61966.5,61970.8,735
2025-02-19 09:15:00+05:30,61968.0,61973.1,61966.3,61972.3,794
2025-02-19 09:20:00+05:30,61971.9,61977.6,61968.1,61977.1,743
2025-02-19 09:25:00+05:30,61970.4,61978.2,61966.0,61967.1,718
2025-02-19 09:30:00+05:30,61957.5,61960.6,61949.2,61950.9,674
2025-02-19 09:35:00+05:30,61954.8,61957.3,61952.9,61954.2,1053
2025-02-19 09:40:00+05:30,61963.0,61963.6,61946.4,61948.9,854
2025-02-19 09:45:00+05:30,61950.9,61953.5,61941.4,61943.9,875
2025-02-19 09:50:00+05:30,61944.7,61946.2,61941.8,61945.1,864
2025-02-19 09:55:00+05:30,61944.8,61947.9,61940.9,61944.1,854
2025-02-19 10:00:00+05:30,61949.0,61952.3,61946.0,61948.6,890
2025-02-19 10:05:00+05:30,61951.0,61963.1,61944.2,61956.9,1060
2025-02-19 10:10:00+05:30,61961.8,61967.8,61961.3,61966.5,904
2025-02-19 10:15:00+05:30,61960.1,61962.7,61953.5,61956.9,761
2025-02-19 10:20:00+05:30,61950.9,61955.0,61930.3,61931.4,847
2025-02-19 10:25:00+05:30,61935.0,61938.4,61928.5,61930.0,763
2025-02-19 10:30:00+05:30,61932.3,61944.4,61928.0,61942.6,1033
2025-02-19 10:35:00+05:30,61945.6,61949.1,61933.6,61938.1,729
2025-02-19 10:40:00+05:30,61939.8,61946.2,61937.7,61942.9,772
2025-02-19 10:45:00+05:30,61949.6,61949.6,61938.1,61945.2,859
2025-02-19 10:50:00+05:30,61943.6,61945.6,61942.1,61944.7,816
2025-02-19 10:55:00+05:30,61943.3,61945.6,61935.1,61936.0,737
2025-02-19 11:00:00+05:30,61934.7,61945.6,61932.2,61943.9,704
2025-02-19 11:05:00+05:30,61950.1,61964.6,61948.9,61958.8,937
2025-02-19 11:10:00+05:30,61952.0,61958.0,61943.0,61947.2,607
2025-02-19 11:15:00+05:30,61940.6,61941.7,61922.4,61926.7,586
2025-02-19 11:20:00+05:30,61926.8,61929.7,61911.6,61911.9,746
2025-02-19 11:25:00+05:30,61918.9,61937.4,61913.6,61936.1,760
2025-02-19 11:30:00+05:30,61935.8,61949.5,61928.9,61940.7,728
2025-02-19 11:35:00+05:30,61937.5,61946.4,61932.6,61943.9,1018
2025-02-19 11:40:00+05:30,61933.4,61942.1,61922.1,61927.8,848
2025-02-19 11:45:00+05:30,61919.7,61926.9,61918.2,61926.8,691
2025-02-19 11:50:00+05:30,61930.9,61937.0,61928.5,61928.7,858
2025-02-19 11:55:00+05:30,61929.4,61932.5,61929.1,61929.7,877
2025-02-19 12:00:00+05:30,61934.4,61936.9,61927.1,61929.0,703
2025-02-19 12:05:00+05:30,61933.1,61951.3,61926.5,61944.1,928
2025-02-19 12:10:00+05:30,61942.7,61948.3,61941.9,61945.8,611
2025-02-19 12:15:00+05:30,61959.8,61961.1,61959.6,61960.3,689
2025-02-19 12:20:00+05:30,61960.8,61963.8,61957.3,61959.2,811
2025-02-19 12:25:00+05:30,61963.5,61964.2,61956.2,61962.1,675
2025-02-19 12:30:00+05:30,61965.4,61969.8,61956.9,61960.4,771
2025-02-19 12:35:00+05:30,61972.0,61972.4,61951.6,61959.1,821
2025-02-19 12:40:00+05:30,61964.1,61969.5,61962.2,61963.9,596
2025-02-19 12:45:00+05:30,61962.4,61966.6,61944.9,61947.8,975
2025-02-19 12:50:00+05:30,61945.8,61957.7,61943.5,61949.5,837
2025-02-19 12:55:00+05:30,61946.3,61947.6,61945.9,61946.0,892
2025-02-19 13:00:00+05:30,61953.0,61963.9,61949.7,61957.1,997
2025-02-19 13:05:00+05:30,61947.5,61948.4,61940.6,61946.4,653
2025-02-19 13:10:00+05:30,61948.8,61950.3,61947.4,61949.6,918
2025-02-19 13:15:00+05:30,61949.8,61956.0,61939.0,61943.3,1003
2025-02-19 13:20:00+05:30,61952.3,61966.2,61948.1,61957.7,825
2025-02-19 13:25:00+05:30,61955.8,61961.4,61951.0,61960.7,895
2025-02-19 13:30:00+05:30,61959.3,61965.3,61953.9,61964.9,807
2025-02-19 13:35:00+05:30,61953.7,61959.0,61950.3,61957.4,928
2025-02-19 13:40:00+05:30,61945.3,61953.4,61942.4,61951.1,688
2025-02-19 13:45:00+05:30,61949.0,61952.2,61946.5,61947.6,661
2025-02-19 13:50:00+05:30,61946.1,61952.4,61936.1,61938.6,842
2025-02-19 13:55:00+05:30,61934.2,61941.1,61930.3,61935.6,793
2025-02-19 14:00:00+05:30,61925.8,61927.3,61913.5,61917.4,691
2025-02-19 14:05:00+05:30,61918.8,61919.9,61911.5,61916.9,710
2025-02-19 14:10:00+05:30,61925.9,61937.0,61918.6,61932.6,675
2025-02-19 14:15:00+05:30,61947.1,61950.1,61943.1,61944.6,831
2025-02-19 14:20:00+05:30,61947.2,61952.0,61936.2,61947.0,942
2025-02-19 14:25:00+05:30,61935.8,61940.9,61932.7,61939.3,922
2025-02-19 14:30:00+05:30,61934.0,61937.3,61923.1,61931.5,804
2025-02-19 14:35:00+05:30,61936.8,61946.7,61925.8,61942.5,982
2025-02-19 14:40:00+05:30,61950.5,61957.5,61934.0,61941.1,677
2025-02-19 14:45:00+05:30,61944.3,61954.8,61943.4,61950.4,662
2025-02-19 14:50:00+05:30,61954.8,61960.5,61930.3,61940.3,913
2025-02-19 14:55:00+05:30,61944.5,61948.7,61942.7,61948.6,778
2025-02-19 15:00:00+05:30,61961.7,61974.4,61949.3,61951.0,730
2025-02-19 15:05:00+05:30,61945.4,61957.9,61943.6,61952.4,865
2025-02-19 15:10:00+05:30,61955.3,61963.1,61953.9,61962.9,847
2025-02-19 15:15:00+05:30,61968.2,61969.0,61950.3,61954.5,856
2025-02-19 15:20:00+05:30,61952.9,61955.3,61946.5,61947.1,960
2025-02-19 15:25:00+05:30,61953.1,61962.2,61952.1,61954.9,731
2025-02-19 15:30:00+05:30,61950.7,61952.6,61945.0,61950.6,735
2025-02-19 15:35:00+05:30,61954.5,61955.5,61949.3,61954.3,679
2025-02-19 15:40:00+05:30,61957.4,61962.6,61956.4,61959.2,970
2025-02-19 15:45:00+05:30,61958.2,61961.1,61950.0,61950.0,822
2025-02-19 15:50:00+05:30,61952.4,61954.4,61941.2,61949.4,722
2025-02-19 15:55:00+05:30,61939.6,61951.1,61938.1,61950.9,2588
2025-02-19 16:00:00+05:30,61949.8,61954.5,61944.1,61952.1,748
2025-02-19 16:05:00+05:30,61949.3,61954.6,61941.3,61952.6,760
2025-02-19 16:10:00+05:30,61955.5,61970.7,61952.4,61962.0,831
2025-02-19 16:15:00+05:30,61966.7,61975.7,61963.6,61975.1,511
2025-02-19 16:20:00+05:30,61987.1,62002.2,61982.7,62001.5,889
2025-02-19 16:25:00+05:30,62004.3,62007.1,62000.2,62006.7,916
2025-02-19 16:30:00+05:30,62001.2,62002.6,61976.8,61981.2,839
2025-02-19 16:35:00+05:30,61979.8,61987.9,61979.4,61986.3,991
2025-02-19 16:40:00+05:30,61983.8,61987.0,61980.1,61980.9,654
2025-02-19 16:45:00+05:30,61988.4,62004.0,61980.1,61997.9,996
2025-02-19 16:50:00+05:30,62003.0,62010.3,62001.3,62001.3,851
2025-02-19 16:55:00+05:30,61990.0,61992.6,61983.6,61987.7,808
2025-02-19 17:00:00+05:30,61994.4,62009.6,61993.7,62008.1,814
2025-02-20 09:00:00+05:30,62016.6,62018.3,61996.0,61998.0,824
2025-02-20 09:05:00+05:30,61997.6,62004.3,61990.4,61991.9,757
2025-02-20 09:10:00+05:30,61995.5,62001.9,61993.1,62001.1,811
2025-02-20 09:15:00+05:30,62007.0,62012.6,61985.8,61993.9,964
2025-02-20 09:20:00+05:30,61984.5,61990.7,61983.2,61986.1,847
2025-02-20 09:25:00+05:30,61992.9,62009.5,61988.4,62007.6,899
2025-02-20 09:30:00+05:30,62005.2,62015.3,62005.1,62012.0,713
2025-02-20 09:35:00+05:30,62011.3,62023.2,62009.7,62016.1,613
2025-02-20 09:40:00+05:30,62017.9,62020.2,62012.0,62019.5,869
2025-02-20 09:45:00+05:30,62014.9,62016.2,61999.9,62000.9,725
2025-02-20 09:50:00+05:30,62000.0,62003.2,61993.4,61995.0,825
2025-02-20 09:55:00+05:30,61989.9,61993.6,61988.0,61988.8,824
2025-02-20 10:00:00+05:30,61997.0,62014.8,61996.1,62013.7,2362
2025-02-20 10:05:00+05:30,62019.9,62027.0,62011.4,62014.2,668
2025-02-20 10:10:00+05:30,62009.7,62021.4,62006.0,62017.5,756
2025-02-20 10:15:00+05:30,62023.4,62024.5,61998.5,62007.3,787
2025-02-20 10:20:00+05:30,62025.4,62030.4,62021.4,62023.5,860
2025-02-20 10:25:00+05:30,62017.9,62019.5,62013.8,62014.5,747
2025-02-20 10:30:00+05:30,62012.0,62014.8,62001.4,62004.0,825
2025-02-20 10:35:00+05:30,62010.2,62019.0,62008.7,62013.5,757
2025-02-20 10:40:00+05:30,62011.3,62012.0,62004.8,62010.7,1021
2025-02-20 10:45:00+05:30,62006.2,62011.6,62006.0,62007.7,1039
2025-02-20 10:50:00+05:30,62007.0,62019.4,62001.7,62016.6,3013
2025-02-20 10:55:00+05:30,62016.2,62020.3,62010.3,62010.9,1033
2025-02-20 11:00:00+05:30,62012.0,62032.2,62010.6,62031.5,2480
2025-02-20 11:05:00+05:30,62045.8,62055.3,62042.7,62053.4,875
2025-02-20 11:10:00+05:30,62058.8,62066.4,62052.1,62065.7,1035
2025-02-20 11:15:00+05:30,62069.0,62069.1,62040.8,62048.9,2602
2025-02-20 11:20:00+05:30,62047.4,62049.9,62030.5,62036.3,560
2025-02-20 11:25:00+05:30,62041.2,62044.4,62027.5,62035.6,898
2025-02-20 11:30:00+05:30,62038.6,62044.9,62031.0,62039.9,650
2025-02-20 11:35:00+05:30,62039.6,62043.6,62035.2,62036.2,1084
2025-02-20 11:40:00+05:30,62044.4,62047.6,62031.9,62034.8,1011
2025-02-20 11:45:00+05:30,62029.2,62040.2,62019.6,62020.2,916
2025-02-20 11:50:00+05:30,62026.0,62029.9,62008.8,62011.8,879
2025-02-20 11:55:00+05:30,62020.9,62027.7,62016.9,62024.9,805
2025-02-20 12:00:00+05:30,62030.3,62033.2,62007.8,62010.7,767
2025-02-20 12:05:00+05:30,62007.5,62016.3,62006.0,62015.1,822
2025-02-20 12:10:00+05:30,62024.3,62033.8,62020.1,62031.8,782
2025-02-20 12:15:00+05:30,62038.8,62049.7,62035.8,62043.3,1009
2025-02-20 12:20:00+05:30,62055.1,62057.9,62040.5,62044.6,980
2025-02-20 12:25:00+05:30,62055.4,62061.0,62053.4,62059.4,822
2025-02-20 12:30:00+05:30,62067.5,62083.7,62067.3,62077.7,860
2025-02-20 12:35:00+05:30,62080.3,62095.6,62074.9,62092.0,766
2025-02-20 12:40:00+05:30,62087.4,62090.6,62083.6,62089.3,1010
2025-02-20 12:45:00+05:30,62084.1,62086.2,62067.3,62073.3,850
2025-02-20 12:50:00+05:30,62085.8,62090.4,62081.2,62089.8,854
2025-02-20 12:55:00+05:30,62092.8,62093.0,62084.9,62087.3,1052
2025-02-20 13:00:00+05:30,62084.2,62085.3,62072.9,62074.8,802
2025-02-20 13:05:00+05:30,62068.8,62071.1,62058.8,62070.1,924
2025-02-20 13:10:00+05:30,62060.9,62065.6,62055.5,62064.0,886
2025-02-20 13:15:00+05:30,62057.9,62059.7,62048.3,62052.5,871
2025-02-20 13:20:00+05:30,62052.6,62061.4,62051.6,62055.5,754
2025-02-20 13:25:00+05:30,62054.4,62063.1,62054.1,62060.6,756
2025-02-20 13:30:00+05:30,62065.4,62067.6,62060.0,62061.5,753
2025-02-20 13:35:00+05:30,62063.6,62064.1,62060.6,62062.7,932
2025-02-20 13:40:00+05:30,62056.0,62058.3,62050.3,62050.9,787
2025-02-20 13:45:00+05:30,62054.6,62057.6,62049.3,62052.8,815
2025-02-20 13:50:00+05:30,62053.7,62064.6,62049.8,62055.8,742
2025-02-20 13:55:00+05:30,62056.5,62058.9,62053.7,62057.7,935
2025-02-20 14:00:00+05:30,62055.6,62058.3,62050.0,62050.3,789
2025-02-20 14:05:00+05:30,62041.6,62054.8,62035.2,62049.7,880
2025-02-20 14:10:00+05:30,62047.1,62053.2,62034.1,62035.2,917
2025-02-20 14:15:00+05:30,62034.7,62035.1,62022.7,62023.8,794
2025-02-20 14:20:00+05:30,62016.5,62020.2,62010.8,62017.6,890
2025-02-20 14:25:00+05:30,62014.9,62020.3,62007.0,62012.5,804
2025-02-20 14:30:00+05:30,62011.2,62012.3,62008.4,62008.9,983
2025-02-20 14:35:00+05:30,62009.0,62019.1,62005.5,62017.7,729
2025-02-20 14:40:00+05:30,62019.0,62025.7,61997.0,61997.0,805
2025-02-20 14:45:00+05:30,61999.7,62002.0,61990.4,61992.6,817
2025-02-20 14:50:00+05:30,61997.7,62001.4,61995.3,61999.9,841
2025-02-20 14:55:00+05:30,62010.7,62024.6,62006.6,62018.1,797
2025-02-20 15:00:00+05:30,62010.7,62016.2,62009.1,62015.8,553
2025-02-20 15:05:00+05:30,62009.3,62012.7,61999.4,62003.5,740
2025-02-20 15:10:00+05:30,62008.8,62014.6,62000.4,62005.6,678
2025-02-20 15:15:00+05:30,61995.6,62002.2,61990.0,61998.3,898
2025-02-20 15:20:00+05:30,62004.6,62015.3,62003.5,62011.6,912
2025-02-20 15:25:00+05:30,62012.6,62015.1,62001.1,62002.6,1033
2025-02-20 15:30:00+05:30,62006.6,62007.5,62000.8,62007.2,752
2025-02-20 15:35:00+05:30,62010.7,62021.2,62005.9,62018.2,861
2025-02-20 15:40:00+05:30,62017.9,62020.6,62010.7,62012.1,841
2025-02-20 15:45:00+05:30,62007.7,62020.8,62006.5,62015.4,842
2025-02-20 15:50:00+05:30,62007.2,62010.2,61993.3,61994.9,842
2025-02-20 15:55:00+05:30,62000.4,62003.7,61995.7,62002.8,913
2025-02-20 16:00:00+05:30,61998.8,61999.5,61983.6,61987.9,880
2025-02-20 16:05:00+05:30,61988.6,61989.7,61987.8,61989.4,728
2025-02-20 16:10:00+05:30,61978.9,61987.9,61974.1,61983.5,559
2025-02-20 16:15:00+05:30,61973.6,61974.8,61961.6,61964.0,818
2025-02-20 16:20:00+05:30,61959.2,61960.5,61953.9,61956.0,620
2025-02-20 16:25:00+05:30,61955.4,61969.1,61952.8,61964.0,997
2025-02-20 16:30:00+05:30,61967.3,61972.7,61960.0,61970.9,863
2025-02-20 16:35:00+05:30,61974.7,61975.2,61968.7,61970.2,754
2025-02-20 16:40:00+05:30,61973.1,61977.0,61964.7,61968.7,734
2025-02-20 16:45:00+05:30,61959.5,61966.9,61959.2,61959.3,1014
2025-02-20 16:50:00+05:30,61959.2,61967.7,61956.9,61958.2,880
2025-02-20 16:55:00+05:30,61973.0,61977.8,61968.3,61975.2,917
2025-02-20 17:00:00+05:30,61974.7,61976.5,61971.3,61971.9,927
2025-02-21 09:00:00+05:30,61972.8,61986.1,61965.4,61985.2,747
2025-02-21 09:05:00+05:30,61985.9,61993.9,61979.9,61983.4,991
2025-02-21 09:10:00+05:30,61986.7,61991.3,61985.1,61985.2,760
2025-02-21 09:15:00+05:30,61982.1,61988.6,61978.3,61985.0,538
2025-02-21 09:20:00+05:30,61988.5,61992.1,61976.0,61982.5,716
2025-02-21 09:25:00+05:30,61985.4,61993.3,61976.5,61977.2,791
2025-02-21 09:30:00+05:30,61975.0,61983.2,61969.7,61981.2,721
2025-02-21 09:35:00+05:30,61980.8,61983.6,61974.7,61981.5,690
2025-02-21 09:40:00+05:30,61980.9,61988.5,61974.2,61978.4,875
2025-02-21 09:45:00+05:30,61977.1,61977.2,61976.1,61976.8,656
2025-02-21 09:50:00+05:30,61974.7,61975.9,61963.2,61972.1,739
2025-02-21 09:55:00+05:30,61960.9,61962.4,61953.0,61958.1,663
2025-02-21 10:00:00+05:30,61966.4,61966.6,61954.5,61961.4,755
2025-02-21 10:05:00+05:30,61958.9,61964.6,61951.6,61964.4,685
2025-02-21 10:10:00+05:30,61965.1,61967.0,61957.6,61957.8,578
2025-02-21 10:15:00+05:30,61961.5,61974.3,61957.1,61970.7,962
2025-02-21 10:20:00+05:30,61971.2,61972.1,61958.5,61965.3,758
2025-02-21 10:25:00+05:30,61965.5,61968.2,61952.8,61957.3,754
2025-02-21 10:30:00+05:30,61958.3,61961.4,61954.4,61955.8,579
2025-02-21 10:35:00+05:30,61961.2,61976.1,61961.1,61975.2,2757
2025-02-21 10:40:00+05:30,61974.5,61975.0,61971.3,61974.8,860
2025-02-21 10:45:00+05:30,61975.6,61976.5,61954.7,61959.1,610
2025-02-21 10:50:00+05:30,61960.6,61973.9,61956.7,61970.4,704
2025-02-21 10:55:00+05:30,61975.5,61978.9,61965.4,61966.5,1927
2025-02-21 11:00:00+05:30,61974.2,61975.8,61970.9,61971.5,520
2025-02-21 11:05:00+05:30,61965.8,61970.7,61960.5,61966.5,703
2025-02-21 11:10:00+05:30,61959.5,61965.4,61958.7,61959.2,712
2025-02-21 11:15:00+05:30,61956.1,61964.1,61954.0,61959.8,779
2025-02-21 11:20:00+05:30,61959.7,61969.9,61958.9,61966.3,866
2025-02-21 11:25:00+05:30,61969.1,61969.7,61958.7,61960.5,439
2025-02-21 11:30:00+05:30,61963.0,61966.9,61958.6,61964.8,803
2025-02-21 11:35:00+05:30,61968.1,61973.0,61963.8,61971.2,656
2025-02-21 11:40:00+05:30,61979.1,61988.2,61968.9,61987.5,746
2025-02-21 11:45:00+05:30,61987.4,61992.5,61976.0,61978.3,838
2025-02-21 11:50:00+05:30,61981.9,61983.3,61965.7,61976.4,714
2025-02-21 11:55:00+05:30,61975.0,61976.2,61965.4,61970.3,721
2025-02-21 12:00:00+05:30,61966.8,61970.3,61958.5,61968.6,749
2025-02-21 12:05:00+05:30,61966.1,61978.7,61962.7,61978.3,581
2025-02-21 12:10:00+05:30,61971.9,61980.0,61971.5,61973.9,859
2025-02-21 12:15:00+05:30,61966.5,61968.5,61945.0,61951.3,612
2025-02-21 12:20:00+05:30,61951.3,61957.5,61932.5,61935.6,743
2025-02-21 12:25:00+05:30,61928.4,61929.4,61927.9,61929.4,682
2025-02-21 12:30:00+05:30,61930.4,61933.9,61925.6,61932.8,583
2025-02-21 12:35:00+05:30,61938.9,61940.5,61928.9,61931.4,651
2025-02-21 12:40:00+05:30,61928.0,61933.2,61926.0,61933.2,668
2025-02-21 12:45:00+05:30,61930.1,61939.3,61921.6,61937.3,765
2025-02-21 12:50:00+05:30,61933.9,61946.9,61931.2,61943.5,937
2025-02-21 12:55:00+05:30,61942.2,61948.7,61939.7,61941.3,985
2025-02-21 13:00:00+05:30,61937.4,61937.6,61924.6,61932.7,671
2025-02-21 13:05:00+05:30,61934.2,61949.9,61926.5,61949.7,618
2025-02-21 13:10:00+05:30,61950.3,61967.1,61946.5,61963.3,701
2025-02-21 13:15:00+05:30,61957.9,61966.8,61952.1,61965.6,799
2025-02-21 13:20:00+05:30,61963.2,61982.3,61958.4,61975.7,710
2025-02-21 13:25:00+05:30,61971.7,61974.9,61970.2,61972.8,761
2025-02-21 13:30:00+05:30,61972.1,61976.9,61963.9,61967.0,932
2025-02-21 13:35:00+05:30,61968.9,61970.1,61959.6,61963.8,454
2025-02-21 13:40:00+05:30,61968.2,61969.9,61957.6,61959.1,553
2025-02-21 13:45:00+05:30,61961.6,61968.6,61961.3,61967.0,762
2025-02-21 13:50:00+05:30,61966.8,61970.9,61957.7,61960.4,809
2025-02-21 13:55:00+05:30,61958.4,61959.8,61947.6,61954.0,545
2025-02-21 14:00:00+05:30,61945.7,61946.1,61935.4,61937.1,834
2025-02-21 14:05:00+05:30,61932.3,61943.0,61926.6,61940.0,758
2025-02-21 14:10:00+05:30,61935.6,61951.1,61934.7,61950.6,738
2025-02-21 14:15:00+05:30,61946.3,61949.0,61936.0,61942.1,846
2025-02-21 14:20:00+05:30,61940.6,61944.8,61922.6,61927.8,853
2025-02-21 14:25:00+05:30,61919.1,61920.5,61907.9,61910.7,632
2025-02-21 14:30:00+05:30,61903.9,61919.1,61903.8,61917.2,738
2025-02-21 14:35:00+05:30,61911.5,61926.0,61906.8,61920.8,522
2025-02-21 14:40:00+05:30,61930.6,61937.9,61926.4,61936.2,639
2025-02-21 14:45:00+05:30,61939.0,61946.4,61937.9,61946.1,819
2025-02-21 14:50:00+05:30,61945.1,61948.9,61932.0,61933.8,655
2025-02-21 14:55:00+05:30,61935.3,61940.9,61932.6,61937.4,763
2025-02-21 15:00:00+05:30,61949.3,61952.3,61943.1,61943.4,782
2025-02-21 15:05:00+05:30,61941.5,61947.4,61939.0,61946.3,878
2025-02-21 15:10:00+05:30,61943.7,61955.9,61943.6,61952.6,676
2025-02-21 15:15:00+05:30,61949.7,61958.1,61948.2,61955.8,947
2025-02-21 15:20:00+05:30,61947.3,61962.7,61941.3,61954.1,740
2025-02-21 15:25:00+05:30,61948.5,61950.0,61930.1,61935.4,788
2025-02-21 15:30:00+05:30,61932.5,61939.1,61927.9,61936.6,651
2025-02-21 15:35:00+05:30,61932.8,61937.2,61931.1,61934.1,677
2025-02-21 15:40:00+05:30,61934.1,61938.6,61931.8,61938.2,750
2025-02-21 15:45:00+05:30,61941.6,61942.4,61938.4,61939.3,920
2025-02-21 15:50:00+05:30,61939.7,61942.9,61933.1,61934.2,544
2025-02-21 15:55:00+05:30,61935.3,61935.8,61928.5,61928.8,721
2025-02-21 16:00:00+05:30,61920.9,61937.3,61918.6,61937.2,743
2025-02-21 16:05:00+05:30,61930.9,61934.8,61921.1,61926.7,625
2025-02-21 16:10:00+05:30,61929.5,61937.0,61923.1,61933.0,792
2025-02-21 16:15:00+05:30,61931.0,61932.7,61920.2,61921.8,700
2025-02-21 16:20:00+05:30,61927.4,61936.7,61924.6,61928.8,662
2025-02-21 16:25:00+05:30,61930.0,61938.4,61926.8,61931.7,729
2025-02-21 16:30:00+05:30,61936.1,61941.2,61929.4,61930.0,909
2025-02-21 16:35:00+05:30,61938.6,61948.8,61927.6,61931.4,854
2025-02-21 16:40:00+05:30,61935.7,61940.1,61924.2,61935.4,1028
2025-02-21 16:45:00+05:30,61917.7,61922.9,61914.9,61920.1,642
2025-02-21 16:50:00+05:30,61927.3,61934.0,61922.8,61928.1,700
2025-02-21 16:55:00+05:30,61926.8,61931.2,61924.3,61931.0,831
2025-02-21 17:00:00+05:30,61929.3,61942.4,61923.4,61933.5,786
2025-02-24 09:00:00+05:30,61939.5,61954.5,61936.7,61948.6,564
2025-02-24 09:05:00+05:30,61946.6,61957.6,61944.8,61957.1,543
2025-02-24 09:10:00+05:30,61950.7,61951.1,61945.3,61946.9,741
2025-02-24 09:15:00+05:30,61944.0,61945.2,61935.5,61936.0,586
2025-02-24 09:20:00+05:30,61939.1,61941.9,61935.9,61941.2,523
2025-02-24 09:25:00+05:30,61938.7,61943.3,61924.1,61927.9,601
2025-02-24 09:30:00+05:30,61927.9,61929.5,61902.8,61908.1,691
2025-02-24 09:35:00+05:30,61920.9,61925.2,61907.1,61910.3,651
2025-02-24 09:40:00+05:30,61906.9,61917.7,61900.6,61917.5,744
2025-02-24 09:45:00+05:30,61924.2,61938.3,61923.0,61928.8,598
2025-02-24 09:50:00+05:30,61939.0,61946.0,61935.8,61944.7,243
2025-02-24 09:55:00+05:30,61944.1,61947.6,61939.4,61943.0,536
2025-02-24 10:00:00+05:30,61942.8,61952.5,61942.0,61946.8,697
2025-02-24 10:05:00+05:30,61943.8,61944.9,61940.3,61942.6,609
2025-02-24 10:10:00+05:30,61941.3,61942.0,61929.1,61929.1,814
2025-02-24 10:15:00+05:30,61922.9,61947.2,61920.4,61939.6,1453
2025-02-24 10:20:00+05:30,61946.7,61948.7,61936.5,61938.3,599
2025-02-24 10:25:00+05:30,61936.5,61954.1,61925.8,61951.5,746
2025-02-24 10:30:00+05:30,61945.2,61954.9,61936.7,61952.5,428
2025-02-24 10:35:00+05:30,61951.7,61956.0,61944.0,61947.6,542
2025-02-24 10:40:00+05:30,61950.6,61952.6,61930.0,61936.9,559
2025-02-24 10:45:00+05:30,61941.3,61943.4,61934.7,61935.5,760
2025-02-24 10:50:00+05:30,61917.6,61926.6,61916.6,61924.8,637
2025-02-24 10:55:00+05:30,61925.3,61931.0,61922.9,61929.5,716
2025-02-24 11:00:00+05:30,61925.8,61927.0,61923.4,61924.7,744
2025-02-24 11:05:00+05:30,61925.1,61930.2,61924.2,61927.2,379
2025-02-24 11:10:00+05:30,61927.9,61935.0,61920.6,61933.4,323
2025-02-24 11:15:00+05:30,61936.5,61948.1,61932.3,61946.9,502
2025-02-24 11:20:00+05:30,61939.0,61963.4,61930.5,61955.9,642
2025-02-24 11:25:00+05:30,61958.0,61967.9,61953.6,61965.3,562
2025-02-24 11:30:00+05:30,61972.7,61973.1,61963.8,61967.8,750
2025-02-24 11:35:00+05:30,61970.1,61974.2,61956.9,61961.9,372
2025-02-24 11:40:00+05:30,61957.7,61962.8,61957.5,61962.5,572
2025-02-24 11:45:00+05:30,61965.6,61970.9,61959.2,61963.4,441
2025-02-24 11:50:00+05:30,61966.3,61970.2,61960.1,61960.6,562
2025-02-24 11:55:00+05:30,61968.9,61975.6,61954.1,61958.0,594
2025-02-24 12:00:00+05:30,61956.0,61960.5,61952.2,61958.3,512
2025-02-24 12:05:00+05:30,61962.4,61974.1,61959.4,61970.8,479
2025-02-24 12:10:00+05:30,61966.3,61973.0,61964.2,61973.0,603
2025-02-24 12:15:00+05:30,61976.7,61977.1,61963.3,61963.8,433
2025-02-24 12:20:00+05:30,61961.6,61961.7,61959.4,61961.7,525
2025-02-24 12:25:00+05:30,61963.5,61982.3,61961.0,61973.4,583
2025-02-24 12:30:00+05:30,61980.6,61984.3,61969.5,61974.5,612
2025-02-24 12:35:00+05:30,61974.8,61976.5,61960.5,61966.9,480
2025-02-24 12:40:00+05:30,61972.0,61977.5,61967.9,61969.6,583
2025-02-24 12:45:00+05:30,61970.4,61973.0,61967.9,61970.4,515
2025-02-24 12:50:00+05:30,61978.8,61991.2,61976.6,61983.8,659
2025-02-24 12:55:00+05:30,61992.8,62007.0,61989.6,62002.7,628
2025-02-24 13:00:00+05:30,61992.0,61993.5,61973.9,61979.7,555
2025-02-24 13:05:00+05:30,61976.2,61981.2,61975.0,61976.9,657
2025-02-24 13:10:00+05:30,61972.4,61986.8,61972.2,61984.9,1425
2025-02-24 13:15:00+05:30,61983.8,62001.8,61982.6,62000.3,652
2025-02-24 13:20:00+05:30,61995.4,62006.7,61985.4,62006.1,640
2025-02-24 13:25:00+05:30,62004.9,62015.9,62004.7,62015.6,683
2025-02-24 13:30:00+05:30,62014.3,62021.3,62001.9,62006.8,617
2025-02-24 13:35:00+05:30,62006.7,62010.7,61994.6,61996.7,503
2025-02-24 13:40:00+05:30,61999.0,62001.5,61991.2,61992.0,567
2025-02-24 13:45:00+05:30,61985.2,61986.2,61974.0,61978.6,682
2025-02-24 13:50:00+05:30,61969.9,61970.3,61963.6,61965.4,644
2025-02-24 13:55:00+05:30,61979.8,61995.6,61978.4,61989.0,565
2025-02-24 14:00:00+05:30,61983.4,61988.4,61976.8,61979.2,529
2025-02-24 14:05:00+05:30,61972.1,61981.8,61966.3,61979.9,600
2025-02-24 14:10:00+05:30,61988.0,62001.1,61984.6,62000.9,517
2025-02-24 14:15:00+05:30,62000.2,62015.0,61996.4,62011.2,617
2025-02-24 14:20:00+05:30,62006.6,62011.9,62005.4,62007.1,693
2025-02-24 14:25:00+05:30,62010.1,62015.4,61988.9,61995.2,578
2025-02-24 14:30:00+05:30,61997.3,62001.7,61986.0,61987.1,658
2025-02-24 14:35:00+05:30,61989.5,61992.0,61973.8,61977.3,606
2025-02-24 14:40:00+05:30,61984.3,61988.6,61982.9,61986.2,854
2025-02-24 14:45:00+05:30,61985.9,61992.4,61971.0,61976.3,1244
2025-02-24 14:50:00+05:30,61979.3,61990.6,61976.4,61989.5,546
2025-02-24 14:55:00+05:30,61989.0,62015.4,61987.8,62009.8,631
2025-02-24 15:00:00+05:30,62009.2,62009.8,62006.7,62008.6,596
2025-02-24 15:05:00+05:30,62000.7,62018.9,61999.8,62016.8,522
2025-02-24 15:10:00+05:30,62021.9,62024.4,62015.2,62020.6,782
2025-02-24 15:15:00+05:30,62020.2,62026.9,62014.8,62023.9,798
2025-02-24 15:20:00+05:30,62019.7,62023.6,62010.1,62010.9,654
2025-02-24 15:25:00+05:30,62004.9,62009.7,62004.8,62009.0,882
2025-02-24 15:30:00+05:30,62014.5,62037.8,62014.0,62036.3,515
2025-02-24 15:35:00+05:30,62024.0,62024.1,62000.3,62003.0,1405
2025-02-24 15:40:00+05:30,62008.5,62014.7,61998.7,62000.7,743
2025-02-24 15:45:00+05:30,62003.1,62006.0,61995.4,61999.8,565
2025-02-24 15:50:00+05:30,61991.1,62003.0,61989.6,61998.5,690
2025-02-24 15:55:00+05:30,61997.5,62008.7,61993.8,62005.5,568
2025-02-24 16:00:00+05:30,62015.1,62018.0,62010.1,62014.3,396
2025-02-24 16:05:00+05:30,62014.1,62030.0,62010.3,62024.4,617
2025-02-24 16:10:00+05:30,62022.7,62028.9,62021.9,62027.6,711
2025-02-24 16:15:00+05:30,62029.3,62034.7,62023.0,62030.3,656
2025-02-24 16:20:00+05:30,62030.8,62036.8,62027.2,62033.7,790
2025-02-24 16:25:00+05:30,62044.2,62052.9,62037.5,62052.7,607
2025-02-24 16:30:00+05:30,62048.0,62049.3,62044.2,62048.7,550
2025-02-24 16:35:00+05:30,62050.4,62052.7,62040.5,62043.4,376
2025-02-24 16:40:00+05:30,62049.0,62067.6,62046.3,62064.1,641
2025-02-24 16:45:00+05:30,62067.1,62071.4,62061.4,62062.7,751
2025-02-24 16:50:00+05:30,62055.4,62061.8,62053.5,62060.1,715
2025-02-24 16:55:00+05:30,62056.3,62069.6,62056.2,62066.6,594
2025-02-24 17:00:00+05:30,62064.7,62067.7,62048.9,62051.7,320
2025-02-25 09:00:00+05:30,62062.2,62062.5,62052.5,62053.2,703
2025-02-25 09:05:00+05:30,62047.9,62059.9,62045.4,62050.7,502
2025-02-25 09:10:00+05:30,62047.0,62063.0,62041.5,62061.1,441
2025-02-25 09:15:00+05:30,62056.3,62061.0,62051.5,62058.7,436
2025-02-25 09:20:00+05:30,62063.0,62063.6,62057.5,62058.6,591
2025-02-25 09:25:00+05:30,62056.4,62061.9,62054.6,62060.2,560
2025-02-25 09:30:00+05:30,62058.2,62060.8,62053.0,62057.1,449
2025-02-25 09:35:00+05:30,62061.5,62065.1,62059.5,62063.9,393
2025-02-25 09:40:00+05:30,62056.1,62074.3,62048.4,62067.0,538
2025-02-25 09:45:00+05:30,62068.2,62072.3,62061.8,62063.5,628
2025-02-25 09:50:00+05:30,62055.2,62062.5,62051.0,62058.7,248
2025-02-25 09:55:00+05:30,62055.0,62056.0,62050.7,62052.3,580
2025-02-25 10:00:00+05:30,62051.3,62073.7,62050.0,62068.1,487
2025-02-25 10:05:00+05:30,62070.3,62073.5,62053.9,62062.5,456
2025-02-25 10:10:00+05:30,62061.6,62062.7,62056.9,62060.9,507
2025-02-25 10:15:00+05:30,62062.7,62075.6,62060.1,62070.5,418
2025-02-25 10:20:00+05:30,62082.1,62085.4,62078.7,62084.6,493
2025-02-25 10:25:00+05:30,62084.7,62085.9,62075.8,62080.6,584
2025-02-25 10:30:00+05:30,62083.2,62084.3,62069.5,62073.7,472
2025-02-25 10:35:00+05:30,62077.0,62083.8,62073.5,62083.6,328
2025-02-25 10:40:00+05:30,62087.9,62094.7,62087.3,62090.3,438
2025-02-25 10:45:00+05:30,62088.7,62095.8,62083.1,62092.8,645
2025-02-25 10:50:00+05:30,62092.1,62093.7,62087.1,62087.5,585
2025-02-25 10:55:00+05:30,62089.9,62091.7,62077.5,62085.3,582
2025-02-25 11:00:00+05:30,62075.7,62079.9,62073.0,62078.8,501
2025-02-25 11:05:00+05:30,62075.1,62077.3,62072.3,62076.6,531
2025-02-25 11:10:00+05:30,62082.5,62086.9,62074.1,62086.9,565
2025-02-25 11:15:00+05:30,62086.4,62094.7,62079.0,62089.3,393
2025-02-25 11:20:00+05:30,62091.3,62098.0,62091.2,62093.2,575
2025-02-25 11:25:00+05:30,62087.3,62088.1,62079.3,62082.1,464
2025-02-25 11:30:00+05:30,62095.6,62098.2,62085.2,62087.9,622
2025-02-25 11:35:00+05:30,62098.8,62109.2,62098.4,62101.3,435
2025-02-25 11:40:00+05:30,62107.1,62112.5,62090.7,62094.4,465
2025-02-25 11:45:00+05:30,62102.8,62104.5,62082.6,62087.0,493
2025-02-25 11:50:00+05:30,62087.6,62090.8,62078.5,62081.3,427
2025-02-25 11:55:00+05:30,62082.1,62086.9,62077.7,62078.0,596
2025-02-25 12:00:00+05:30,62071.6,62079.6,62062.7,62075.4,677
2025-02-25 12:05:00+05:30,62080.6,62087.2,62079.4,62082.6,734
2025-02-25 12:10:00+05:30,62076.5,62078.6,62069.6,62076.7,300
2025-02-25 12:15:00+05:30,62077.7,62079.2,62058.6,62062.9,477
2025-02-25 12:20:00+05:30,62066.4,62076.6,62062.8,62069.9,456
2025-02-25 12:25:00+05:30,62078.7,62088.2,62077.8,62083.8,639
2025-02-25 12:30:00+05:30,62088.9,62104.8,62088.2,62099.9,654
2025-02-25 12:35:00+05:30,62114.9,62121.4,62113.4,62116.8,563
2025-02-25 12:40:00+05:30,62111.2,62112.0,62099.1,62103.5,284
2025-02-25 12:45:00+05:30,62111.4,62116.4,62097.0,62101.5,394
2025-02-25 12:50:00+05:30,62112.8,62119.7,62102.1,62107.7,615
2025-02-25 12:55:00+05:30,62114.8,62115.5,62113.6,62115.4,407
2025-02-25 13:00:00+05:30,62108.2,62123.1,62106.4,62119.0,379
2025-02-25 13:05:00+05:30,62116.7,62140.7,62113.5,62140.6,450
2025-02-25 13:10:00+05:30,62139.6,62155.8,62136.0,62154.4,394
2025-02-25 13:15:00+05:30,62155.6,62157.2,62147.4,62149.8,569
2025-02-25 13:20:00+05:30,62156.4,62157.8,62148.6,62154.3,371
2025-02-25 13:25:00+05:30,62149.1,62157.4,62146.5,62152.2,721
2025-02-25 13:30:00+05:30,62151.5,62159.3,62144.1,62144.7,344
2025-02-25 13:35:00+05:30,62147.1,62160.2,62144.6,62153.5,620
2025-02-25 13:40:00+05:30,62157.9,62158.0,62157.1,62157.6,456
2025-02-25 13:45:00+05:30,62160.6,62169.7,62152.6,62167.2,630
2025-02-25 13:50:00+05:30,62169.9,62185.0,62161.8,62181.2,411
2025-02-25 13:55:00+05:30,62181.2,62186.4,62177.2,62180.8,349
2025-02-25 14:00:00+05:30,62187.8,62191.5,62166.6,62170.2,1849
2025-02-25 14:05:00+05:30,62177.2,62182.2,62169.6,62181.6,731
2025-02-25 14:10:00+05:30,62172.9,62176.2,62171.6,62172.0,391
2025-02-25 14:15:00+05:30,62158.4,62169.0,62157.1,62159.8,587
2025-02-25 14:20:00+05:30,62153.2,62156.6,62152.0,62152.7,380
2025-02-25 14:25:00+05:30,62150.6,62157.2,62149.7,62150.5,564
2025-02-25 14:30:00+05:30,62151.9,62152.0,62147.1,62149.7,443
2025-02-25 14:35:00+05:30,62146.8,62147.4,62141.3,62142.7,683
2025-02-25 14:40:00+05:30,62139.3,62145.8,62138.2,62141.7,384
2025-02-25 14:45:00+05:30,62145.8,62154.1,62142.7,62148.3,498
2025-02-25 14:50:00+05:30,62145.4,62157.7,62144.6,62155.0,715
2025-02-25 14:55:00+05:30,62160.9,62161.9,62151.2,62152.8,1689
2025-02-25 15:00:00+05:30,62149.5,62149.7,62148.8,62148.8,712
2025-02-25 15:05:00+05:30,62161.5,62164.6,62156.4,62158.0,436
2025-02-25 15:10:00+05:30,62153.4,62156.2,62127.5,62135.5,389
2025-02-25 15:15:00+05:30,62135.7,62140.5,62111.8,62119.3,488
2025-02-25 15:20:00+05:30,62124.3,62131.8,62122.8,62127.1,448
2025-02-25 15:25:00+05:30,62133.3,62141.1,62132.3,62139.9,499
2025-02-25 15:30:00+05:30,62152.1,62153.5,62148.4,62150.1,550
2025-02-25 15:35:00+05:30,62149.3,62158.5,62148.6,62156.4,757
2025-02-25 15:40:00+05:30,62142.9,62143.9,62128.4,62131.6,516
2025-02-25 15:45:00+05:30,62138.6,62139.5,62129.0,62129.9,544
2025-02-25 15:50:00+05:30,62115.4,62116.7,62112.0,62116.1,590
2025-02-25 15:55:00+05:30,62108.3,62116.2,62103.7,62110.8,537
2025-02-25 16:00:00+05:30,62107.0,62107.1,62096.1,62097.6,208
2025-02-25 16:05:00+05:30,62099.6,62102.7,62099.0,62099.2,518
2025-02-25 16:10:00+05:30,62095.3,62106.7,62093.3,62102.3,707
2025-02-25 16:15:00+05:30,62098.3,62101.6,62087.8,62088.3,588
2025-02-25 16:20:00+05:30,62086.4,62089.3,62070.2,62076.4,592
2025-02-25 16:25:00+05:30,62076.2,62083.2,62075.8,62079.7,671
2025-02-25 16:30:00+05:30,62077.6,62080.2,62068.1,62073.9,677
2025-02-25 16:35:00+05:30,62084.4,62086.6,62081.4,62084.1,627
2025-02-25 16:40:00+05:30,62072.1,62073.1,62051.3,62057.5,347
2025-02-25 16:45:00+05:30,62055.4,62079.8,62053.7,62070.7,611
2025-02-25 16:50:00+05:30,62063.1,62072.7,62062.4,62068.6,640
2025-02-25 16:55:00+05:30,62075.3,62092.7,62066.5,62085.6,643
2025-02-25 17:00:00+05:30,62087.2,62093.9,62083.7,62090.3,467
2025-02-26 09:00:00+05:30,62091.8,62096.8,62088.8,62093.4,894
2025-02-26 09:05:00+05:30,62095.6,62100.5,62092.9,62100.2,665
2025-02-26 09:10:00+05:30,62103.5,62110.4,62097.4,62099.1,541
2025-02-26 09:15:00+05:30,62093.6,62096.5,62090.3,62095.6,525
2025-02-26 09:20:00+05:30,62099.9,62102.4,62097.5,62100.7,682
2025-02-26 09:25:00+05:30,62094.1,62094.3,62092.2,62093.8,519
2025-02-26 09:30:00+05:30,62091.0,62092.1,62077.2,62086.1,785
2025-02-26 09:35:00+05:30,62082.7,62097.0,62078.8,62096.1,680
2025-02-26 09:40:00+05:30,62100.5,62111.4,62100.0,62104.3,730
2025-02-26 09:45:00+05:30,62107.2,62108.2,62100.8,62101.1,601
2025-02-26 09:50:00+05:30,62106.6,62110.4,62098.4,62109.4,682
2025-02-26 09:55:00+05:30,62111.0,62115.3,62107.2,62108.2,306
2025-02-26 10:00:00+05:30,62110.1,62110.5,62103.4,62108.4,792
2025-02-26 10:05:00+05:30,62102.5,62107.3,62101.1,62106.9,570
2025-02-26 10:10:00+05:30,62115.0,62118.9,62111.5,62118.7,629
2025-02-26 10:15:00+05:30,62119.6,62126.1,62115.1,62124.3,734
2025-02-26 10:20:00+05:30,62117.8,62121.0,62114.3,62119.2,655
2025-02-26 10:25:00+05:30,62117.4,62128.5,62116.6,62128.1,1969
2025-02-26 10:30:00+05:30,62117.7,62128.8,62115.2,62124.6,749
2025-02-26 10:35:00+05:30,62124.7,62125.1,62123.4,62123.7,616
2025-02-26 10:40:00+05:30,62123.0,62136.3,62114.0,62134.0,549
2025-02-26 10:45:00+05:30,62137.4,62142.9,62132.9,62135.0,601
2025-02-26 10:50:00+05:30,62129.0,62131.2,62121.2,62124.4,664
2025-02-26 10:55:00+05:30,62122.9,62132.9,62119.4,62132.0,514
2025-02-26 11:00:00+05:30,62127.7,62135.2,62125.5,62129.8,535
2025-02-26 11:05:00+05:30,62141.1,62143.3,62131.2,62132.7,599
2025-02-26 11:10:00+05:30,62123.9,62126.6,62119.5,62122.2,557
2025-02-26 11:15:00+05:30,62123.5,62128.7,62112.4,62113.0,542
2025-02-26 11:20:00+05:30,62109.2,62111.2,62093.5,62096.7,673
2025-02-26 11:25:00+05:30,62102.5,62109.0,62097.0,62104.5,656
2025-02-26 11:30:00+05:30,62101.2,62106.3,62090.9,62093.3,708
2025-02-26 11:35:00+05:30,62103.0,62106.2,62098.9,62101.2,814
2025-02-26 11:40:00+05:30,62096.7,62123.7,62093.8,62119.9,496
2025-02-26 11:45:00+05:30,62120.5,62132.4,62112.9,62126.3,466
2025-02-26 11:50:00+05:30,62143.0,62151.6,62138.1,62150.1,371
2025-02-26 11:55:00+05:30,62149.5,62151.0,62144.4,62147.4,508
2025-02-26 12:00:00+05:30,62142.1,62142.2,62137.0,62139.8,523
2025-02-26 12:05:00+05:30,62136.4,62142.9,62131.2,62135.1,712
2025-02-26 12:10:00+05:30,62136.9,62145.4,62135.9,62136.0,650
2025-02-26 12:15:00+05:30,62136.9,62145.7,62128.5,62144.6,687
2025-02-26 12:20:00+05:30,62149.1,62152.8,62145.3,62149.1,561
2025-02-26 12:25:00+05:30,62140.2,62155.5,62135.8,62149.0,676
2025-02-26 12:30:00+05:30,62151.1,62155.3,62149.9,62153.7,713
2025-02-26 12:35:00+05:30,62155.7,62163.5,62132.5,62134.7,575
2025-02-26 12:40:00+05:30,62134.4,62138.4,62124.7,62131.2,389
2025-02-26 12:45:00+05:30,62128.7,62138.2,62127.3,62136.5,610
2025-02-26 12:50:00+05:30,62137.0,62141.9,62130.4,62133.5,817
2025-02-26 12:55:00+05:30,62130.1,62132.4,62123.6,62124.3,619
2025-02-26 13:00:00+05:30,62115.4,62129.9,62115.0,62115.8,512
2025-02-26 13:05:00+05:30,62122.1,62132.0,62117.5,62130.6,528
2025-02-26 13:10:00+05:30,62120.8,62133.2,62118.8,62131.9,412
2025-02-26 13:15:00+05:30,62120.5,62129.3,62118.2,62128.7,633
2025-02-26 13:20:00+05:30,62126.6,62127.0,62123.4,62125.0,677
2025-02-26 13:25:00+05:30,62135.1,62135.7,62119.2,62120.9,779
2025-02-26 13:30:00+05:30,62123.6,62129.7,62096.6,62105.0,632
2025-02-26 13:35:00+05:30,62106.4,62107.5,62092.2,62098.0,531
2025-02-26 13:40:00+05:30,62104.7,62111.0,62104.6,62108.4,724
2025-02-26 13:45:00+05:30,62104.0,62108.4,62104.0,62107.3,606
2025-02-26 13:50:00+05:30,62115.1,62122.2,62107.3,62110.1,518
2025-02-26 13:55:00+05:30,62115.6,62118.7,62101.5,62107.4,642
2025-02-26 14:00:00+05:30,62112.1,62118.5,62106.0,62116.1,550
2025-02-26 14:05:00+05:30,62112.9,62116.1,62097.5,62099.8,753
2025-02-26 14:10:00+05:30,62098.2,62114.3,62092.4,62109.1,549
2025-02-26 14:15:00+05:30,62110.1,62113.2,62105.2,62106.7,504
2025-02-26 14:20:00+05:30,62103.8,62117.2,62102.4,62113.1,609
2025-02-26 14:25:00+05:30,62116.5,62123.6,62109.2,62117.3,807
2025-02-26 14:30:00+05:30,62118.5,62123.0,62093.7,62096.8,2062
2025-02-26 14:35:00+05:30,62098.1,62101.4,62091.3,62100.3,656
2025-02-26 14:40:00+05:30,62096.6,62104.9,62090.5,62103.1,687
2025-02-26 14:45:00+05:30,62105.7,62106.9,62097.1,62099.3,808
2025-02-26 14:50:00+05:30,62106.9,62130.2,62100.9,62130.0,542
2025-02-26 14:55:00+05:30,62125.2,62127.3,62122.3,62125.0,473
2025-02-26 15:00:00+05:30,62128.7,62134.3,62125.5,62125.8,611
2025-02-26 15:05:00+05:30,62128.9,62135.7,62127.3,62132.7,737
2025-02-26 15:10:00+05:30,62130.3,62130.4,62116.9,62118.3,388
2025-02-26 15:15:00+05:30,62109.7,62123.7,62109.4,62116.0,712
2025-02-26 15:20:00+05:30,62113.4,62120.3,62113.0,62116.2,357
2025-02-26 15:25:00+05:30,62118.6,62126.5,62117.1,62118.3,520
2025-02-26 15:30:00+05:30,62117.5,62119.4,62110.2,62113.2,656
2025-02-26 15:35:00+05:30,62109.5,62110.4,62103.5,62105.8,500
2025-02-26 15:40:00+05:30,62109.3,62109.7,62083.3,62087.4,672
2025-02-26 15:45:00+05:30,62087.1,62091.6,62081.4,62088.5,553
2025-02-26 15:50:00+05:30,62088.7,62112.8,62086.7,62100.9,482
2025-02-26 15:55:00+05:30,62107.5,62126.5,62107.4,62117.4,684
2025-02-26 16:00:00+05:30,62102.4,62107.0,62099.5,62102.1,400
2025-02-26 16:05:00+05:30,62103.7,62106.8,62096.2,62106.6,814
2025-02-26 16:10:00+05:30,62116.3,62130.9,62116.1,62130.4,619
2025-02-26 16:15:00+05:30,62127.1,62139.4,62124.9,62137.7,514
2025-02-26 16:20:00+05:30,62136.7,62147.9,62136.0,62144.7,2108
2025-02-26 16:25:00+05:30,62146.8,62158.0,62140.0,62157.7,541
2025-02-26 16:30:00+05:30,62155.9,62160.5,62138.3,62149.3,565
2025-02-26 16:35:00+05:30,62147.5,62164.8,62147.2,62156.1,766
2025-02-26 16:40:00+05:30,62158.5,62162.1,62153.3,62158.1,621
2025-02-26 16:45:00+05:30,62168.4,62173.2,62165.2,62166.2,845
2025-02-26 16:50:00+05:30,62161.1,62172.5,62160.7,62168.0,811
2025-02-26 16:55:00+05:30,62170.4,62180.2,62166.7,62180.1,594
2025-02-26 17:00:00+05:30,62180.5,62182.5,62176.4,62178.3,815
2025-02-27 09:00:00+05:30,62186.3,62201.3,62185.2,62199.0,672
2025-02-27 09:05:00+05:30,62201.1,62203.0,62186.4,62192.7,743
2025-02-27 09:10:00+05:30,62196.7,62198.7,62189.1,62193.6,684
2025-02-27 09:15:00+05:30,62192.4,62200.6,62189.0,62196.4,666
2025-02-27 09:20:00+05:30,62190.9,62191.4,62180.8,62185.0,582
2025-02-27 09:25:00+05:30,62184.7,62189.1,62178.0,62181.2,997
2025-02-27 09:30:00+05:30,62182.1,62195.1,62177.3,62194.4,488
2025-02-27 09:35:00+05:30,62196.8,62208.6,62194.1,62205.5,850
2025-02-27 09:40:00+05:30,62192.6,62195.1,62178.3,62182.6,1888
2025-02-27 09:45:00+05:30,62177.3,62184.8,62175.2,62180.7,732
2025-02-27 09:50:00+05:30,62174.4,62177.1,62169.3,62175.5,748
2025-02-27 09:55:00+05:30,62176.3,62182.8,62172.6,62182.1,817
2025-02-27 10:00:00+05:30,62184.5,62194.8,62177.8,62193.3,627
2025-02-27 10:05:00+05:30,62192.8,62198.9,62184.7,62195.6,710
2025-02-27 10:10:00+05:30,62191.6,62192.1,62183.5,62183.6,712
2025-02-27 10:15:00+05:30,62182.8,62186.1,62181.4,62182.1,787
2025-02-27 10:20:00+05:30,62174.5,62176.4,62171.3,62175.5,737
2025-02-27 10:25:00+05:30,62171.2,62172.1,62163.0,62167.1,650
2025-02-27 10:30:00+05:30,62166.9,62170.5,62159.1,62163.1,707
2025-02-27 10:35:00+05:30,62166.5,62169.3,62152.8,62155.8,722
2025-02-27 10:40:00+05:30,62168.0,62169.2,62156.2,62158.9,811
2025-02-27 10:45:00+05:30,62166.4,62174.9,62154.8,62172.2,789
2025-02-27 10:50:00+05:30,62173.4,62180.8,62171.4,62178.5,838
2025-02-27 10:55:00+05:30,62173.4,62198.1,62170.2,62190.2,727
2025-02-27 11:00:00+05:30,62188.3,62197.0,62180.6,62186.7,864
2025-02-27 11:05:00+05:30,62192.1,62192.9,62190.0,62192.0,513
2025-02-27 11:10:00+05:30,62192.5,62198.6,62190.7,62193.1,850
2025-02-27 11:15:00+05:30,62191.8,62217.0,62188.7,62213.3,752
2025-02-27 11:20:00+05:30,62215.6,62222.4,62211.4,62220.4,618
2025-02-27 11:25:00+05:30,62226.1,62228.8,62220.7,62228.0,485
2025-02-27 11:30:00+05:30,62213.0,62223.1,62209.2,62222.7,709
2025-02-27 11:35:00+05:30,62221.9,62226.3,62220.6,62225.2,925
2025-02-27 11:40:00+05:30,62224.8,62226.6,62223.2,62226.4,658
2025-02-27 11:45:00+05:30,62226.0,62247.6,62224.8,62245.5,789
2025-02-27 11:50:00+05:30,62253.5,62260.7,62242.7,62244.2,823
2025-02-27 11:55:00+05:30,62248.2,62258.3,62247.1,62252.4,881
2025-02-27 12:00:00+05:30,62244.6,62246.8,62234.7,62241.9,488
2025-02-27 12:05:00+05:30,62236.3,62242.7,62235.4,62240.4,798
2025-02-27 12:10:00+05:30,62239.4,62245.1,62225.4,62228.7,790
2025-02-27 12:15:00+05:30,62234.6,62251.4,62234.2,62250.9,595
2025-02-27 12:20:00+05:30,62244.5,62246.9,62243.0,62245.5,615
2025-02-27 12:25:00+05:30,62239.8,62247.8,62239.2,62241.3,689
2025-02-27 12:30:00+05:30,62231.4,62237.8,62230.5,62236.6,498
2025-02-27 12:35:00+05:30,62234.3,62247.4,62233.8,62245.3,612
2025-02-27 12:40:00+05:30,62246.9,62253.4,62240.1,62252.6,641
2025-02-27 12:45:00+05:30,62242.4,62250.0,62238.2,62244.1,824
2025-02-27 12:50:00+05:30,62239.9,62250.0,62239.0,62243.7,817
2025-02-27 12:55:00+05:30,62247.3,62256.7,62243.4,62251.4,795
2025-02-27 13:00:00+05:30,62258.1,62260.8,62257.4,62260.6,758
2025-02-27 13:05:00+05:30,62263.8,62268.7,62257.7,62260.4,769
2025-02-27 13:10:00+05:30,62263.4,62264.3,62242.2,62248.7,749
2025-02-27 13:15:00+05:30,62245.1,62249.9,62239.9,62249.1,619
2025-02-27 13:20:00+05:30,62245.5,62260.9,62243.3,62260.2,472
2025-02-27 13:25:00+05:30,62263.3,62270.1,62260.9,62267.5,946
2025-02-27 13:30:00+05:30,62274.4,62294.0,62265.6,62286.9,686
2025-02-27 13:35:00+05:30,62297.9,62302.0,62286.2,62290.2,707
2025-02-27 13:40:00+05:30,62281.6,62286.4,62272.4,62276.6,723
2025-02-27 13:45:00+05:30,62279.4,62283.4,62275.9,62277.8,684
2025-02-27 13:50:00+05:30,62280.9,62282.4,62270.5,62270.8,559
2025-02-27 13:55:00+05:30,62271.9,62274.1,62269.3,62273.5,793
2025-02-27 14:00:00+05:30,62267.0,62276.2,62264.6,62272.4,698
2025-02-27 14:05:00+05:30,62281.3,62283.7,62257.3,62265.7,740
2025-02-27 14:10:00+05:30,62268.0,62279.0,62264.6,62269.6,606
2025-02-27 14:15:00+05:30,62280.0,62281.7,62271.1,62275.4,816
2025-02-27 14:20:00+05:30,62283.9,62288.2,62283.3,62286.4,682
2025-02-27 14:25:00+05:30,62283.2,62293.0,62282.6,62287.0,688
2025-02-27 14:30:00+05:30,62291.2,62307.9,62291.0,62302.6,609
2025-02-27 14:35:00+05:30,62304.4,62306.7,62302.3,62305.7,895
2025-02-27 14:40:00+05:30,62302.1,62302.9,62288.5,62293.5,688
2025-02-27 14:45:00+05:30,62297.5,62299.0,62293.8,62294.8,587
2025-02-27 14:50:00+05:30,62296.9,62312.3,62288.5,62307.2,781
2025-02-27 14:55:00+05:30,62306.8,62308.4,62304.4,62305.9,774
2025-02-27 15:00:00+05:30,62312.4,62313.3,62293.1,62297.7,795
2025-02-27 15:05:00+05:30,62309.5,62317.5,62304.2,62306.0,509
2025-02-27 15:10:00+05:30,62309.8,62312.1,62301.4,62306.1,826
2025-02-27 15:15:00+05:30,62314.0,62320.1,62306.8,62310.2,953
2025-02-27 15:20:00+05:30,62299.4,62304.7,62296.2,62299.8,862
2025-02-27 15:25:00+05:30,62294.8,62301.3,62292.0,62301.0,744
2025-02-27 15:30:00+05:30,62309.5,62311.7,62302.5,62305.3,950
2025-02-27 15:35:00+05:30,62313.1,62315.1,62303.8,62304.9,871
2025-02-27 15:40:00+05:30,62305.4,62311.9,62298.5,62301.1,450
2025-02-27 15:45:00+05:30,62291.4,62305.0,62283.2,62296.1,629
2025-02-27 15:50:00+05:30,62305.4,62307.8,62298.1,62299.1,1035
2025-02-27 15:55:00+05:30,62301.2,62303.6,62297.4,62301.9,583
2025-02-27 16:00:00+05:30,62301.0,62309.9,62300.3,62307.5,576
2025-02-27 16:05:00+05:30,62311.5,62312.3,62305.9,62311.6,561
2025-02-27 16:10:00+05:30,62314.7,62320.7,62311.7,62319.2,893
2025-02-27 16:15:00+05:30,62321.1,62321.6,62318.7,62319.4,927
2025-02-27 16:20:00+05:30,62324.4,62327.9,62319.2,62320.7,872
2025-02-27 16:25:00+05:30,62306.0,62307.6,62305.9,62306.6,1186
2025-02-27 16:30:00+05:30,62315.2,62315.6,62311.1,62313.9,847
2025-02-27 16:35:00+05:30,62319.6,62319.7,62312.7,62315.4,824
2025-02-27 16:40:00+05:30,62308.9,62309.7,62290.1,62294.0,776
2025-02-27 16:45:00+05:30,62293.9,62300.4,62290.8,62296.4,824
2025-02-27 16:50:00+05:30,62299.0,62299.8,62284.8,62285.3,874
2025-02-27 16:55:00+05:30,62290.5,62299.7,62286.5,62287.4,746
2025-02-27 17:00:00+05:30,62288.4,62289.7,62279.8,62284.3,483
2025-02-28 09:00:00+05:30,62290.8,62293.8,62275.9,62277.9,925
2025-02-28 09:05:00+05:30,62266.4,62274.6,62266.4,62273.1,408
2025-02-28 09:10:00+05:30,62274.6,62276.0,62271.4,62272.0,759
2025-02-28 09:15:00+05:30,62278.5,62289.2,62276.0,62283.0,472
2025-02-28 09:20:00+05:30,62284.4,62296.2,62284.0,62290.4,421
2025-02-28 09:25:00+05:30,62293.1,62294.5,62282.3,62286.1,533
2025-02-28 09:30:00+05:30,62278.4,62280.7,62267.6,62269.5,502
2025-02-28 09:35:00+05:30,62271.7,62278.3,62264.1,62275.3,336
2025-02-28 09:40:00+05:30,62276.6,62290.6,62274.7,62284.4,436
2025-02-28 09:45:00+05:30,62284.6,62288.9,62279.2,62288.4,674
2025-02-28 09:50:00+05:30,62288.7,62297.4,62287.0,62295.0,502
2025-02-28 09:55:00+05:30,62294.9,62297.0,62278.8,62283.3,491
2025-02-28 10:00:00+05:30,62283.7,62284.5,62273.9,62278.6,421
2025-02-28 10:05:00+05:30,62275.3,62283.8,62272.3,62283.5,472
2025-02-28 10:10:00+05:30,62291.8,62297.4,62289.5,62291.5,686
2025-02-28 10:15:00+05:30,62284.9,62285.0,62282.6,62282.7,517
2025-02-28 10:20:00+05:30,62277.2,62289.3,62274.0,62284.8,336
2025-02-28 10:25:00+05:30,62285.5,62295.7,62280.5,62292.5,418
2025-02-28 10:30:00+05:30,62293.8,62295.7,62276.7,62280.3,394
2025-02-28 10:35:00+05:30,62267.2,62271.1,62264.0,62269.8,418
2025-02-28 10:40:00+05:30,62281.6,62284.0,62270.1,62271.2,853
2025-02-28 10:45:00+05:30,62272.6,62273.3,62261.8,62266.4,420
2025-02-28 10:50:00+05:30,62265.5,62268.2,62259.0,62259.1,444
2025-02-28 10:55:00+05:30,62261.4,62263.7,62253.7,62258.4,464
2025-02-28 11:00:00+05:30,62246.9,62249.0,62231.6,62236.0,477
2025-02-28 11:05:00+05:30,62235.3,62242.0,62235.1,62239.7,351
2025-02-28 11:10:00+05:30,62240.2,62240.8,62230.4,62230.6,505
2025-02-28 11:15:00+05:30,62226.2,62234.4,62223.3,62232.3,334
2025-02-28 11:20:00+05:30,62223.5,62229.9,62217.8,62225.2,341
2025-02-28 11:25:00+05:30,62225.7,62227.0,62204.7,62206.5,617
2025-02-28 11:30:00+05:30,62209.9,62215.7,62206.8,62209.0,655
2025-02-28 11:35:00+05:30,62214.5,62223.1,62209.3,62221.3,333
2025-02-28 11:40:00+05:30,62222.2,62225.5,62201.2,62208.3,372
2025-02-28 11:45:00+05:30,62223.5,62231.9,62223.3,62230.0,582
2025-02-28 11:50:00+05:30,62228.5,62231.8,62224.1,62226.7,595
2025-02-28 11:55:00+05:30,62224.4,62225.0,62209.7,62214.7,313
2025-02-28 12:00:00+05:30,62213.7,62215.4,62209.3,62213.2,421
2025-02-28 12:05:00+05:30,62210.8,62219.8,62209.7,62219.5,518
2025-02-28 12:10:00+05:30,62219.9,62227.7,62212.5,62217.8,614
2025-02-28 12:15:00+05:30,62214.2,62218.0,62199.2,62199.5,255
2025-02-28 12:20:00+05:30,62197.5,62203.5,62193.8,62195.8,532
2025-02-28 12:25:00+05:30,62193.3,62219.1,62190.4,62214.3,556
2025-02-28 12:30:00+05:30,62207.7,62219.2,62205.8,62216.8,493
2025-02-28 12:35:00+05:30,62215.3,62218.7,62212.9,62214.6,360
2025-02-28 12:40:00+05:30,62204.6,62209.1,62198.6,62202.0,703
2025-02-28 12:45:00+05:30,62197.1,62203.1,62196.5,62201.2,643
2025-02-28 12:50:00+05:30,62198.4,62200.5,62194.8,62197.3,474
2025-02-28 12:55:00+05:30,62199.5,62201.9,62195.8,62198.7,507
2025-02-28 13:00:00+05:30,62193.8,62194.6,62185.1,62189.9,856
2025-02-28 13:05:00+05:30,62191.7,62193.0,62189.6,62192.3,489
2025-02-28 13:10:00+05:30,62192.5,62198.8,62191.7,62196.9,401
2025-02-28 13:15:00+05:30,62199.1,62207.2,62198.3,62205.2,493
2025-02-28 13:20:00+05:30,62200.9,62203.3,62190.7,62195.0,477
2025-02-28 13:25:00+05:30,62195.8,62199.9,62184.8,62186.3,302
2025-02-28 13:30:00+05:30,62194.5,62194.8,62188.1,62189.9,396
2025-02-28 13:35:00+05:30,62185.9,62192.4,62179.1,62179.4,600
2025-02-28 13:40:00+05:30,62188.4,62191.8,62178.6,62183.0,557
2025-02-28 13:45:00+05:30,62186.0,62201.6,62185.4,62199.2,362
2025-02-28 13:50:00+05:30,62200.9,62203.0,62198.9,62201.1,513
2025-02-28 13:55:00+05:30,62194.2,62196.5,62173.5,62179.0,371
2025-02-28 14:00:00+05:30,62178.1,62186.9,62167.7,62172.8,617
2025-02-28 14:05:00+05:30,62168.8,62175.3,62165.6,62173.5,686
2025-02-28 14:10:00+05:30,62172.1,62179.2,62170.5,62173.6,791
2025-02-28 14:15:00+05:30,62159.4,62160.3,62143.2,62147.8,537
2025-02-28 14:20:00+05:30,62140.6,62144.0,62124.8,62132.9,597
2025-02-28 14:25:00+05:30,62130.9,62133.1,62117.7,62119.6,290
2025-02-28 14:30:00+05:30,62114.3,62115.5,62102.3,62102.6,650
2025-02-28 14:35:00+05:30,62100.3,62103.8,62099.4,62103.0,504
2025-02-28 14:40:00+05:30,62100.5,62108.6,62097.3,62107.2,638
2025-02-28 14:45:00+05:30,62121.6,62124.4,62113.7,62115.9,524
2025-02-28 14:50:00+05:30,62120.8,62131.1,62120.6,62122.8,369
2025-02-28 14:55:00+05:30,62125.7,62130.4,62122.3,62129.5,605
2025-02-28 15:00:00+05:30,62129.7,62147.7,62120.8,62144.2,528
2025-02-28 15:05:00+05:30,62149.3,62150.9,62140.5,62145.8,570
2025-02-28 15:10:00+05:30,62147.0,62156.0,62144.0,62153.1,512
2025-02-28 15:15:00+05:30,62149.1,62156.1,62146.3,62152.8,390
2025-02-28 15:20:00+05:30,62145.7,62146.0,62129.1,62134.6,483
2025-02-28 15:25:00+05:30,62133.6,62137.8,62132.2,62133.8,329
2025-02-28 15:30:00+05:30,62126.8,62130.4,62124.8,62127.5,521
2025-02-28 15:35:00+05:30,62128.0,62138.5,62125.9,62134.8,465
2025-02-28 15:40:00+05:30,62134.3,62148.6,62133.8,62147.5,539
2025-02-28 15:45:00+05:30,62148.8,62150.5,62142.9,62146.9,237
2025-02-28 15:50:00+05:30,62144.0,62147.9,62128.6,62128.8,484
2025-02-28 15:55:00+05:30,62133.6,62135.1,62118.3,62121.2,498
2025-02-28 16:00:00+05:30,62109.7,62115.1,62100.6,62101.7,738
2025-02-28 16:05:00+05:30,62111.1,62114.6,62105.0,62106.2,485
2025-02-28 16:10:00+05:30,62102.5,62102.7,62078.1,62083.1,445
2025-02-28 16:15:00+05:30,62084.8,62088.3,62075.9,62079.6,547
2025-02-28 16:20:00+05:30,62081.3,62094.3,62075.3,62092.4,396
2025-02-28 16:25:00+05:30,62087.9,62095.4,62067.5,62071.0,375
2025-02-28 16:30:00+05:30,62076.2,62077.6,62074.3,62075.5,542
2025-02-28 16:35:00+05:30,62063.5,62068.9,62052.1,62053.2,583
2025-02-28 16:40:00+05:30,62043.4,62050.8,62031.7,62048.3,638
2025-02-28 16:45:00+05:30,62053.2,62057.8,62050.8,62056.2,375
2025-02-28 16:50:00+05:30,62065.6,62068.5,62056.8,62062.7,501
2025-02-28 16:55:00+05:30,62070.4,62083.1,62070.0,62081.4,625
2025-02-28 17:00:00+05:30,62078.8,62096.8,62078.6,62092.5,547
2025-03-03 09:00:00+05:30,62099.4,62103.2,62074.6,62074.6,1457
2025-03-03 09:05:00+05:30,62075.5,62083.9,62068.1,62078.8,556
2025-03-03 09:10:00+05:30,62082.7,62089.5,62078.4,62082.5,624
2025-03-03 09:15:00+05:30,62076.6,62092.9,62072.1,62092.3,395
2025-03-03 09:20:00+05:30,62096.5,62098.4,62090.2,62092.8,568
2025-03-03 09:25:00+05:30,62098.6,62107.6,62095.3,62105.3,392
2025-03-03 09:30:00+05:30,62110.9,62112.1,62092.1,62098.3,995
2025-03-03 09:35:00+05:30,62107.6,62113.5,62096.0,62100.5,499
2025-03-03 09:40:00+05:30,62100.1,62105.5,62097.6,62105.0,503
2025-03-03 09:45:00+05:30,62105.5,62107.4,62094.0,62094.4,466
2025-03-03 09:50:00+05:30,62092.0,62099.0,62081.7,62090.0,224
2025-03-03 09:55:00+05:30,62095.8,62099.5,62087.4,62094.0,387
2025-03-03 10:00:00+05:30,62105.8,62106.2,62094.1,62095.9,678
2025-03-03 10:05:00+05:30,62096.8,62104.0,62091.2,62097.1,509
2025-03-03 10:10:00+05:30,62102.9,62108.5,62100.5,62104.5,576
2025-03-03 10:15:00+05:30,62097.8,62102.1,62093.0,62096.6,466
2025-03-03 10:20:00+05:30,62097.5,62110.9,62088.8,62108.7,629
2025-03-03 10:25:00+05:30,62111.8,62115.2,62110.3,62110.6,499
2025-03-03 10:30:00+05:30,62105.3,62108.2,62091.8,62096.3,621
2025-03-03 10:35:00+05:30,62091.8,62095.4,62083.1,62086.4,658
2025-03-03 10:40:00+05:30,62093.8,62109.6,62090.4,62108.0,1763
2025-03-03 10:45:00+05:30,62105.6,62110.1,62097.7,62101.0,463
2025-03-03 10:50:00+05:30,62094.9,62096.1,62077.5,62080.0,550
2025-03-03 10:55:00+05:30,62080.4,62092.8,62076.4,62092.5,486
2025-03-03 11:00:00+05:30,62086.9,62087.8,62075.1,62080.4,571
2025-03-03 11:05:00+05:30,62081.8,62084.6,62064.5,62071.3,730
2025-03-03 11:10:00+05:30,62071.5,62073.5,62067.8,62068.7,343
2025-03-03 11:15:00+05:30,62067.3,62069.4,62054.7,62055.6,553
2025-03-03 11:20:00+05:30,62063.8,62064.4,62050.0,62053.5,702
2025-03-03 11:25:00+05:30,62051.4,62065.1,62045.5,62059.8,354
2025-03-03 11:30:00+05:30,62061.4,62061.7,62055.9,62061.0,676
2025-03-03 11:35:00+05:30,62062.3,62066.7,62041.6,62044.8,1511
2025-03-03 11:40:00+05:30,62045.2,62070.4,62041.2,62064.8,1150
2025-03-03 11:45:00+05:30,62061.0,62074.5,62059.1,62071.6,475
2025-03-03 11:50:00+05:30,62075.4,62084.8,62060.7,62064.8,422
2025-03-03 11:55:00+05:30,62072.6,62076.8,62066.3,62070.0,428
2025-03-03 12:00:00+05:30,62069.5,62074.4,62066.2,62073.0,502
2025-03-03 12:05:00+05:30,62073.9,62074.9,62070.6,62073.4,629
2025-03-03 12:10:00+05:30,62070.8,62084.4,62066.6,62079.8,382
2025-03-03 12:15:00+05:30,62070.9,62074.7,62065.7,62071.8,697
2025-03-03 12:20:00+05:30,62066.8,62070.0,62054.4,62060.1,428
2025-03-03 12:25:00+05:30,62048.6,62052.1,62047.8,62051.7,555
2025-03-03 12:30:00+05:30,62054.4,62058.6,62048.0,62054.9,567
2025-03-03 12:35:00+05:30,62048.0,62067.9,62044.5,62061.6,559
2025-03-03 12:40:00+05:30,62069.4,62069.6,62060.1,62064.5,536
2025-03-03 12:45:00+05:30,62071.0,62082.8,62068.3,62072.0,564
2025-03-03 12:50:00+05:30,62072.2,62076.3,62072.2,62074.2,534
2025-03-03 12:55:00+05:30,62085.3,62094.3,62074.3,62081.5,450
2025-03-03 13:00:00+05:30,62077.4,62082.1,62073.4,62081.9,526
2025-03-03 13:05:00+05:30,62083.5,62091.2,62078.0,62080.4,896
2025-03-03 13:10:00+05:30,62081.8,62089.2,62075.5,62079.9,564
2025-03-03 13:15:00+05:30,62078.8,62078.9,62071.5,62072.7,514
2025-03-03 13:20:00+05:30,62077.5,62086.6,62075.3,62085.0,591
2025-03-03 13:25:00+05:30,62092.8,62096.1,62085.3,62090.5,281
2025-03-03 13:30:00+05:30,62088.5,62095.4,62083.4,62090.5,466
2025-03-03 13:35:00+05:30,62087.4,62090.4,62080.1,62084.7,656
2025-03-03 13:40:00+05:30,62088.9,62090.2,62086.7,62086.9,629
2025-03-03 13:45:00+05:30,62089.9,62110.6,62089.8,62109.9,541
2025-03-03 13:50:00+05:30,62100.2,62117.8,62097.6,62113.8,555
2025-03-03 13:55:00+05:30,62115.6,62117.0,62111.5,62116.1,494
2025-03-03 14:00:00+05:30,62112.9,62113.5,62082.1,62091.8,653
2025-03-03 14:05:00+05:30,62091.5,62103.9,62088.0,62096.9,599
2025-03-03 14:10:00+05:30,62094.3,62109.8,62080.7,62106.8,641
2025-03-03 14:15:00+05:30,62111.2,62117.6,62110.2,62116.8,525
2025-03-03 14:20:00+05:30,62114.4,62119.3,62099.3,62099.9,283
2025-03-03 14:25:00+05:30,62097.9,62099.2,62087.4,62096.9,738
2025-03-03 14:30:00+05:30,62092.0,62097.2,62080.2,62081.9,495
2025-03-03 14:35:00+05:30,62083.0,62084.5,62070.8,62073.0,614
2025-03-03 14:40:00+05:30,62069.4,62070.4,62047.2,62053.0,561
2025-03-03 14:45:00+05:30,62049.5,62054.2,62037.3,62039.1,834
2025-03-03 14:50:00+05:30,62041.2,62042.9,62036.8,62041.5,684
2025-03-03 14:55:00+05:30,62046.7,62050.8,62039.8,62050.6,762
2025-03-03 15:00:00+05:30,62047.4,62050.4,62032.4,62037.8,308
2025-03-03 15:05:00+05:30,62036.3,62038.2,62018.2,62021.8,509
2025-03-03 15:10:00+05:30,62032.1,62036.7,62020.7,62026.8,601
2025-03-03 15:15:00+05:30,62032.0,62047.2,62029.9,62043.9,388
2025-03-03 15:20:00+05:30,62040.5,62050.5,62033.0,62043.7,509
2025-03-03 15:25:00+05:30,62049.4,62056.2,62049.1,62055.5,538
2025-03-03 15:30:00+05:30,62053.5,62055.1,62048.0,62052.5,655
2025-03-03 15:35:00+05:30,62063.8,62063.8,62050.3,62052.5,1769
2025-03-03 15:40:00+05:30,62043.6,62046.6,62041.8,62045.7,481
2025-03-03 15:45:00+05:30,62046.5,62060.3,62042.0,62055.5,529
2025-03-03 15:50:00+05:30,62056.2,62067.3,62049.1,62061.0,421
2025-03-03 15:55:00+05:30,62051.3,62055.1,62046.1,62052.6,567
2025-03-03 16:00:00+05:30,62060.9,62065.1,62055.9,62062.6,598
2025-03-03 16:05:00+05:30,62057.9,62060.9,62048.2,62054.4,322
2025-03-03 16:10:00+05:30,62052.1,62053.5,62050.6,62051.6,464
2025-03-03 16:15:00+05:30,62058.2,62060.8,62048.9,62050.3,558
2025-03-03 16:20:00+05:30,62046.3,62055.5,62045.5,62053.7,596
2025-03-03 16:25:00+05:30,62046.7,62050.9,62040.8,62041.9,713
2025-03-03 16:30:00+05:30,62033.3,62034.2,62028.1,62031.1,473
2025-03-03 16:35:00+05:30,62030.7,62036.2,62027.2,62035.3,762
2025-03-03 16:40:00+05:30,62036.5,62040.9,62028.9,62031.2,589
2025-03-03 16:45:00+05:30,62037.7,62047.8,62037.6,62043.8,543
2025-03-03 16:50:00+05:30,62057.5,62062.2,62051.6,62053.1,488
2025-03-03 16:55:00+05:30,62045.0,62045.7,62035.4,62040.5,637
2025-03-03 17:00:00+05:30,62042.6,62046.0,62035.5,62040.9,346
2025-03-04 09:00:00+05:30,62046.7,62051.9,62037.2,62039.9,656
2025-03-04 09:05:00+05:30,62042.0,62043.5,62033.8,62035.1,608
2025-03-04 09:10:00+05:30,62036.9,62047.9,62034.8,62043.6,758
2025-03-04 09:15:00+05:30,62044.1,62048.7,62023.5,62027.1,524
2025-03-04 09:20:00+05:30,62042.0,62049.7,62039.3,62045.5,659
2025-03-04 09:25:00+05:30,62047.2,62048.5,62037.3,62039.8,785
2025-03-04 09:30:00+05:30,62035.2,62042.3,62033.3,62040.7,747
2025-03-04 09:35:00+05:30,62048.0,62054.5,62041.2,62053.6,682
2025-03-04 09:40:00+05:30,62053.9,62056.7,62026.2,62029.9,742
2025-03-04 09:45:00+05:30,62028.3,62032.0,62026.2,62031.8,672
2025-03-04 09:50:00+05:30,62026.4,62040.9,62023.1,62039.1,707
2025-03-04 09:55:00+05:30,62033.8,62036.5,62028.6,62034.4,980
2025-03-04 10:00:00+05:30,62030.5,62034.1,62017.8,62020.9,311
2025-03-04 10:05:00+05:30,62025.2,62026.8,62018.7,62025.8,786
2025-03-04 10:10:00+05:30,62025.7,62027.7,62006.4,62008.1,656
2025-03-04 10:15:00+05:30,62012.2,62016.1,62008.8,62013.5,513
2025-03-04 10:20:00+05:30,62017.5,62022.2,62016.3,62021.7,685
2025-03-04 10:25:00+05:30,62024.3,62048.9,62011.4,62045.2,509
2025-03-04 10:30:00+05:30,62038.0,62044.4,62037.9,62040.5,776
2025-03-04 10:35:00+05:30,62028.2,62034.4,62003.0,62007.2,1489
2025-03-04 10:40:00+05:30,62008.2,62011.9,62006.3,62010.3,764
2025-03-04 10:45:00+05:30,62012.5,62017.9,62003.5,62004.8,790
2025-03-04 10:50:00+05:30,62000.2,62013.3,61993.9,62010.8,535
2025-03-04 10:55:00+05:30,62015.4,62017.9,62006.6,62009.3,817
2025-03-04 11:00:00+05:30,62014.2,62016.4,62010.2,62013.7,918
2025-03-04 11:05:00+05:30,62009.7,62013.0,62004.6,62005.6,697
2025-03-04 11:10:00+05:30,62005.6,62010.6,62001.7,62006.5,642
2025-03-04 11:15:00+05:30,62007.8,62012.1,62006.2,62006.3,606
2025-03-04 11:20:00+05:30,62016.6,62019.1,62003.9,62004.0,583
2025-03-04 11:25:00+05:30,62003.7,62006.2,62003.3,62005.8,505
2025-03-04 11:30:00+05:30,61995.2,61997.1,61985.0,61989.8,941
2025-03-04 11:35:00+05:30,61984.6,61996.3,61978.5,61988.8,535
2025-03-04 11:40:00+05:30,61993.9,62003.6,61992.1,62001.2,729
2025-03-04 11:45:00+05:30,61995.7,62010.3,61992.7,62006.3,770
2025-03-04 11:50:00+05:30,62011.4,62024.1,62010.1,62024.0,343
2025-03-04 11:55:00+05:30,62030.1,62044.7,62026.3,62041.0,782
2025-03-04 12:00:00+05:30,62047.3,62057.8,62045.0,62051.0,567
2025-03-04 12:05:00+05:30,62053.2,62058.8,62052.0,62052.7,753
2025-03-04 12:10:00+05:30,62058.8,62059.6,62051.2,62051.7,738
2025-03-04 12:15:00+05:30,62048.0,62054.6,62038.6,62045.3,745
2025-03-04 12:20:00+05:30,62048.8,62068.3,62047.3,62064.6,603
2025-03-04 12:25:00+05:30,62068.7,62071.7,62063.9,62068.7,682
2025-03-04 12:30:00+05:30,62065.9,62069.2,62041.8,62046.4,669
2025-03-04 12:35:00+05:30,62054.5,62058.8,62053.1,62058.3,727
2025-03-04 12:40:00+05:30,62061.6,62067.5,62057.2,62066.6,632
2025-03-04 12:45:00+05:30,62060.7,62069.4,62055.0,62058.6,712
2025-03-04 12:50:00+05:30,62045.3,62052.0,62044.0,62049.8,778
2025-03-04 12:55:00+05:30,62051.7,62054.6,62044.0,62044.8,420
2025-03-04 13:00:00+05:30,62051.6,62072.1,62048.5,62063.4,721
2025-03-04 13:05:00+05:30,62058.1,62060.0,62039.6,62044.7,580
2025-03-04 13:10:00+05:30,62048.2,62055.2,62046.8,62050.1,609
2025-03-04 13:15:00+05:30,62057.0,62064.0,62052.5,62053.9,459
2025-03-04 13:20:00+05:30,62063.7,62064.0,62051.7,62057.1,515
2025-03-04 13:25:00+05:30,62056.7,62061.6,62047.5,62050.0,868
2025-03-04 13:30:00+05:30,62054.0,62064.7,62049.6,62060.3,560
2025-03-04 13:35:00+05:30,62056.5,62068.8,62050.7,62062.1,617
2025-03-04 13:40:00+05:30,62058.9,62060.9,62054.0,62054.1,679
2025-03-04 13:45:00+05:30,62053.9,62065.2,62049.1,62062.9,623
2025-03-04 13:50:00+05:30,62068.0,62080.9,62065.0,62079.7,824
2025-03-04 13:55:00+05:30,62078.4,62104.0,62076.4,62100.6,767
2025-03-04 14:00:00+05:30,62096.7,62105.1,62092.8,62102.9,1938
2025-03-04 14:05:00+05:30,62097.6,62104.2,62091.4,62099.3,593
2025-03-04 14:10:00+05:30,62095.6,62099.3,62087.1,62096.2,726
2025-03-04 14:15:00+05:30,62088.9,62091.9,62088.5,62089.4,528
2025-03-04 14:20:00+05:30,62085.1,62094.2,62081.0,62089.9,657
2025-03-04 14:25:00+05:30,62083.8,62102.2,62075.7,62098.1,823
2025-03-04 14:30:00+05:30,62098.8,62108.2,62083.2,62090.5,845
2025-03-04 14:35:00+05:30,62096.4,62100.9,62094.3,62096.0,850
2025-03-04 14:40:00+05:30,62093.9,62094.7,62088.6,62090.2,718
2025-03-04 14:45:00+05:30,62094.9,62107.4,62086.0,62107.0,795
2025-03-04 14:50:00+05:30,62106.7,62109.5,62091.0,62093.4,545
2025-03-04 14:55:00+05:30,62099.5,62103.3,62075.9,62084.7,566
2025-03-04 15:00:00+05:30,62082.3,62093.7,62081.7,62088.9,794
2025-03-04 15:05:00+05:30,62080.2,62086.7,62074.8,62079.8,504
2025-03-04 15:10:00+05:30,62083.3,62094.4,62080.4,62084.2,635
2025-03-04 15:15:00+05:30,62085.5,62086.8,62083.8,62085.9,685
2025-03-04 15:20:00+05:30,62074.5,62085.9,62073.9,62083.6,568
2025-03-04 15:25:00+05:30,62077.4,62089.7,62077.3,62085.0,595
2025-03-04 15:30:00+05:30,62089.7,62094.2,62084.2,62084.3,619
2025-03-04 15:35:00+05:30,62076.0,62081.4,62074.0,62078.7,677
2025-03-04 15:40:00+05:30,62073.7,62078.2,62071.2,62075.6,795
2025-03-04 15:45:00+05:30,62070.6,62080.5,62068.0,62079.5,2264
2025-03-04 15:50:00+05:30,62077.0,62090.5,62075.5,62086.7,623
2025-03-04 15:55:00+05:30,62087.5,62091.3,62065.7,62073.1,630
2025-03-04 16:00:00+05:30,62078.3,62097.4,62071.8,62094.0,750
2025-03-04 16:05:00+05:30,62088.3,62100.4,62083.0,62098.6,532
2025-03-04 16:10:00+05:30,62093.2,62101.1,62087.5,62095.2,495
2025-03-04 16:15:00+05:30,62095.1,62107.7,62094.9,62104.5,742
2025-03-04 16:20:00+05:30,62093.8,62117.2,62088.4,62116.3,697
2025-03-04 16:25:00+05:30,62122.3,62130.6,62115.4,62129.7,715
2025-03-04 16:30:00+05:30,62137.0,62139.6,62128.5,62131.2,600
2025-03-04 16:35:00+05:30,62135.5,62138.5,62128.1,62130.5,632
2025-03-04 16:40:00+05:30,62131.4,62134.2,62122.9,62124.0,725
2025-03-04 16:45:00+05:30,62127.5,62130.7,62122.5,62124.2,600
2025-03-04 16:50:00+05:30,62124.6,62127.0,62109.7,62113.7,788
2025-03-04 16:55:00+05:30,62113.3,62116.0,62109.8,62115.6,722
2025-03-04 17:00:00+05:30,62114.5,62117.1,62103.2,62109.4,792
2025-03-05 09:00:00+05:30,62110.4,62113.9,62097.1,62102.6,433
2025-03-05 09:05:00+05:30,62097.9,62113.6,62095.0,62113.3,943
2025-03-05 09:10:00+05:30,62111.2,62115.2,62104.3,62105.6,590
2025-03-05 09:15:00+05:30,62104.4,62111.6,62103.7,62108.0,825
2025-03-05 09:20:00+05:30,62119.6,62120.4,62109.1,62114.2,847
2025-03-05 09:25:00+05:30,62110.0,62112.3,62096.2,62103.7,611
2025-03-05 09:30:00+05:30,62097.5,62097.6,62086.9,62088.2,626
2025-03-05 09:35:00+05:30,62087.8,62103.6,62084.2,62100.2,241
2025-03-05 09:40:00+05:30,62088.7,62102.1,62084.6,62098.6,691
2025-03-05 09:45:00+05:30,62106.8,62115.6,62099.9,62103.5,748
2025-03-05 09:50:00+05:30,62103.2,62112.8,62096.7,62098.3,509
2025-03-05 09:55:00+05:30,62104.3,62107.5,62097.3,62103.8,484
2025-03-05 10:00:00+05:30,62102.1,62107.3,62092.2,62104.7,568
2025-03-05 10:05:00+05:30,62100.5,62113.6,62098.7,62109.1,904
2025-03-05 10:10:00+05:30,62115.3,62132.4,62113.0,62126.9,329
2025-03-05 10:15:00+05:30,62120.3,62127.9,62115.8,62124.9,763
2025-03-05 10:20:00+05:30,62122.6,62127.0,62121.1,62122.0,622
2025-03-05 10:25:00+05:30,62111.5,62124.1,62100.1,62101.3,700
2025-03-05 10:30:00+05:30,62102.7,62107.4,62100.0,62101.8,783
2025-03-05 10:35:00+05:30,62102.2,62108.3,62098.2,62105.0,705
2025-03-05 10:40:00+05:30,62119.2,62134.0,62117.6,62127.3,952
2025-03-05 10:45:00+05:30,62127.7,62140.1,62124.5,62137.5,745
2025-03-05 10:50:00+05:30,62132.8,62137.9,62130.8,62136.3,834
2025-03-05 10:55:00+05:30,62146.5,62149.2,62139.2,62148.5,911
2025-03-05 11:00:00+05:30,62134.9,62143.0,62131.2,62142.8,768
2025-03-05 11:05:00+05:30,62138.5,62141.9,62127.2,62136.1,627
2025-03-05 11:10:00+05:30,62152.6,62154.5,62147.7,62152.7,892
2025-03-05 11:15:00+05:30,62154.3,62156.5,62152.5,62156.2,685
2025-03-05 11:20:00+05:30,62169.9,62171.7,62165.3,62168.5,979
2025-03-05 11:25:00+05:30,62175.2,62189.6,62174.2,62180.8,524
2025-03-05 11:30:00+05:30,62186.2,62196.0,62184.1,62189.8,845
2025-03-05 11:35:00+05:30,62195.2,62200.7,62194.4,62199.4,609
2025-03-05 11:40:00+05:30,62196.7,62201.8,62195.9,62200.2,683
2025-03-05 11:45:00+05:30,62198.5,62199.0,62181.2,62185.1,668
2025-03-05 11:50:00+05:30,62172.8,62191.8,62167.0,62190.9,593
2025-03-05 11:55:00+05:30,62183.9,62189.7,62173.5,62185.4,627
2025-03-05 12:00:00+05:30,62188.1,62190.1,62182.4,62187.9,737
2025-03-05 12:05:00+05:30,62191.0,62208.0,62183.6,62206.3,525
2025-03-05 12:10:00+05:30,62201.0,62201.1,62193.2,62194.2,685
2025-03-05 12:15:00+05:30,62200.2,62210.8,62196.8,62204.5,615
2025-03-05 12:20:00+05:30,62206.1,62206.7,62191.3,62194.6,1678
2025-03-05 12:25:00+05:30,62199.4,62202.1,62196.4,62197.1,539
2025-03-05 12:30:00+05:30,62187.8,62206.3,62184.8,62198.8,650
2025-03-05 12:35:00+05:30,62197.9,62206.1,62195.1,62202.8,802
2025-03-05 12:40:00+05:30,62200.3,62230.9,62197.2,62222.8,681
2025-03-05 12:45:00+05:30,62221.7,62230.5,62215.6,62217.7,534
2025-03-05 12:50:00+05:30,62222.8,62232.4,62217.3,62231.6,667
2025-03-05 12:55:00+05:30,62233.0,62242.6,62232.7,62238.3,746
2025-03-05 13:00:00+05:30,62244.1,62252.7,62241.9,62249.5,787
2025-03-05 13:05:00+05:30,62244.5,62248.2,62241.2,62245.9,536
2025-03-05 13:10:00+05:30,62250.9,62270.7,62246.0,62268.1,901
2025-03-05 13:15:00+05:30,62256.0,62258.0,62244.5,62247.8,371
2025-03-05 13:20:00+05:30,62252.5,62255.5,62226.4,62229.8,555
2025-03-05 13:25:00+05:30,62224.6,62226.0,62202.4,62203.3,510
2025-03-05 13:30:00+05:30,62203.9,62207.6,62200.9,62206.0,811
2025-03-05 13:35:00+05:30,62210.5,62218.4,62203.8,62216.7,569
2025-03-05 13:40:00+05:30,62222.4,62225.3,62215.1,62216.2,573
2025-03-05 13:45:00+05:30,62227.1,62232.5,62217.0,62224.4,713
2025-03-05 13:50:00+05:30,62225.1,62250.0,62224.1,62248.2,1321
2025-03-05 13:55:00+05:30,62251.5,62253.5,62231.1,62237.2,671
2025-03-05 14:00:00+05:30,62238.0,62253.4,62234.8,62247.4,706
2025-03-05 14:05:00+05:30,62239.5,62255.3,62237.8,62249.1,475
2025-03-05 14:10:00+05:30,62251.2,62256.5,62248.5,62249.0,909
2025-03-05 14:15:00+05:30,62250.6,62264.1,62247.0,62258.0,647
2025-03-05 14:20:00+05:30,62251.3,62252.0,62230.2,62231.7,616
2025-03-05 14:25:00+05:30,62231.1,62248.5,62227.2,62246.2,506
2025-03-05 14:30:00+05:30,62253.1,62257.4,62242.3,62248.4,482
2025-03-05 14:35:00+05:30,62245.0,62252.4,62243.1,62248.1,621
2025-03-05 14:40:00+05:30,62249.9,62286.2,62243.0,62279.3,776
2025-03-05 14:45:00+05:30,62284.1,62284.3,62273.5,62275.3,591
2025-03-05 14:50:00+05:30,62267.1,62276.1,62262.2,62270.3,501
2025-03-05 14:55:00+05:30,62262.4,62269.3,62260.7,62269.1,832
2025-03-05 15:00:00+05:30,62270.8,62275.2,62260.7,62262.9,1479
2025-03-05 15:05:00+05:30,62267.5,62286.3,62263.9,62279.4,490
2025-03-05 15:10:00+05:30,62277.8,62282.3,62274.1,62276.4,705
2025-03-05 15:15:00+05:30,62268.1,62278.8,62263.6,62277.8,404
2025-03-05 15:20:00+05:30,62273.5,62277.6,62272.0,62273.8,659
2025-03-05 15:25:00+05:30,62264.4,62268.9,62255.1,62257.2,793
2025-03-05 15:30:00+05:30,62262.4,62266.9,62261.8,62265.1,733
2025-03-05 15:35:00+05:30,62272.6,62272.9,62268.3,62268.6,652
2025-03-05 15:40:00+05:30,62269.5,62282.4,62264.3,62274.2,764
2025-03-05 15:45:00+05:30,62276.0,62278.9,62265.8,62270.6,640
2025-03-05 15:50:00+05:30,62269.6,62272.6,62259.6,62261.4,588
2025-03-05 15:55:00+05:30,62255.6,62258.1,62252.4,62255.3,734
2025-03-05 16:00:00+05:30,62254.1,62264.8,62242.3,62264.5,605
2025-03-05 16:05:00+05:30,62262.6,62264.4,62245.1,62247.2,569
2025-03-05 16:10:00+05:30,62252.4,62255.8,62248.3,62250.4,663
2025-03-05 16:15:00+05:30,62250.3,62256.2,62240.9,62244.5,642
2025-03-05 16:20:00+05:30,62250.6,62253.6,62243.3,62249.2,598
2025-03-05 16:25:00+05:30,62257.3,62261.1,62256.4,62259.3,627
2025-03-05 16:30:00+05:30,62262.5,62263.8,62253.0,62254.3,493
2025-03-05 16:35:00+05:30,62252.9,62264.3,62251.3,62263.3,548
2025-03-05 16:40:00+05:30,62263.6,62269.8,62255.2,62269.5,711
2025-03-05 16:45:00+05:30,62263.1,62271.4,62260.7,62267.4,764
2025-03-05 16:50:00+05:30,62262.2,62270.8,62259.7,62269.5,637
2025-03-05 16:55:00+05:30,62265.5,62273.7,62261.6,62267.9,666
2025-03-05 17:00:00+05:30,62264.7,62270.8,62259.6,62260.6,738
2025-03-06 09:00:00+05:30,62261.0,62275.3,62260.9,62271.7,833
2025-03-06 09:05:00+05:30,62268.9,62271.6,62263.2,62266.9,689
2025-03-06 09:10:00+05:30,62269.1,62272.3,62256.6,62264.5,766
2025-03-06 09:15:00+05:30,62268.6,62280.6,62265.5,62271.3,557
2025-03-06 09:20:00+05:30,62261.2,62261.4,62253.2,62253.4,696
2025-03-06 09:25:00+05:30,62257.5,62264.7,62249.7,62256.1,338
2025-03-06 09:30:00+05:30,62260.9,62266.8,62258.0,62262.3,439
2025-03-06 09:35:00+05:30,62271.6,62278.7,62266.9,62270.4,646
2025-03-06 09:40:00+05:30,62275.7,62281.7,62273.5,62277.8,457
2025-03-06 09:45:00+05:30,62277.1,62279.9,62267.2,62270.9,529
2025-03-06 09:50:00+05:30,62262.6,62263.6,62245.0,62248.2,519
2025-03-06 09:55:00+05:30,62246.9,62248.1,62241.4,62245.3,472
2025-03-06 10:00:00+05:30,62242.0,62242.2,62237.1,62237.6,714
2025-03-06 10:05:00+05:30,62240.9,62247.9,62239.7,62242.3,552
2025-03-06 10:10:00+05:30,62240.4,62253.7,62236.5,62244.4,771
2025-03-06 10:15:00+05:30,62252.4,62260.3,62251.8,62257.9,557
2025-03-06 10:20:00+05:30,62257.9,62258.7,62250.8,62256.4,590
2025-03-06 10:25:00+05:30,62262.1,62272.5,62259.8,62262.3,577
2025-03-06 10:30:00+05:30,62259.9,62275.6,62253.8,62274.2,692
2025-03-06 10:35:00+05:30,62279.2,62283.2,62276.0,62276.8,654
2025-03-06 10:40:00+05:30,62279.1,62280.8,62274.8,62274.8,503
2025-03-06 10:45:00+05:30,62272.5,62280.9,62270.5,62277.4,391
2025-03-06 10:50:00+05:30,62273.6,62275.8,62263.5,62267.2,671
2025-03-06 10:55:00+05:30,62270.8,62273.5,62266.2,62273.4,508
2025-03-06 11:00:00+05:30,62267.1,62272.6,62255.1,62259.1,597
2025-03-06 11:05:00+05:30,62257.5,62264.6,62250.5,62255.1,438
2025-03-06 11:10:00+05:30,62254.6,62261.2,62250.9,62258.8,575
2025-03-06 11:15:00+05:30,62268.6,62268.8,62244.6,62246.3,812
2025-03-06 11:20:00+05:30,62243.8,62251.0,62232.1,62232.9,687
2025-03-06 11:25:00+05:30,62229.7,62235.8,62227.5,62235.0,726
2025-03-06 11:30:00+05:30,62241.5,62244.1,62227.7,62231.8,699
2025-03-06 11:35:00+05:30,62230.6,62234.8,62230.1,62233.0,759
2025-03-06 11:40:00+05:30,62231.5,62234.0,62215.8,62218.0,989
2025-03-06 11:45:00+05:30,62220.0,62223.3,62219.5,62222.1,621
2025-03-06 11:50:00+05:30,62223.3,62231.1,62222.7,62224.1,496
2025-03-06 11:55:00+05:30,62224.5,62229.6,62222.8,62223.5,518
2025-03-06 12:00:00+05:30,62227.9,62228.7,62220.3,62222.5,555
2025-03-06 12:05:00+05:30,62224.0,62227.3,62210.3,62214.0,488
2025-03-06 12:10:00+05:30,62207.4,62212.0,62202.7,62204.7,668
2025-03-06 12:15:00+05:30,62202.5,62203.7,62191.3,62195.4,836
2025-03-06 12:20:00+05:30,62202.2,62210.5,62202.0,62209.3,810
2025-03-06 12:25:00+05:30,62208.0,62211.5,62203.3,62209.3,643
2025-03-06 12:30:00+05:30,62199.6,62204.4,62197.2,62203.3,508
2025-03-06 12:35:00+05:30,62212.9,62219.2,62209.6,62216.1,538
2025-03-06 12:40:00+05:30,62208.0,62211.6,62207.8,62209.6,626
2025-03-06 12:45:00+05:30,62205.9,62206.2,62191.2,62196.5,710
2025-03-06 12:50:00+05:30,62194.3,62196.0,62189.6,62190.7,714
2025-03-06 12:55:00+05:30,62185.8,62193.1,62184.4,62191.0,464
2025-03-06 13:00:00+05:30,62203.7,62209.0,62203.1,62205.8,451
2025-03-06 13:05:00+05:30,62209.9,62223.0,62203.3,62204.4,527
2025-03-06 13:10:00+05:30,62199.8,62204.7,62196.1,62203.0,702
2025-03-06 13:15:00+05:30,62199.9,62201.5,62192.9,62200.9,817
2025-03-06 13:20:00+05:30,62198.2,62198.9,62180.5,62182.8,580
2025-03-06 13:25:00+05:30,62180.0,62180.8,62175.8,62176.7,594
2025-03-06 13:30:00+05:30,62173.6,62180.5,62164.3,62166.3,419
2025-03-06 13:35:00+05:30,62165.8,62179.1,62162.3,62173.3,546
2025-03-06 13:40:00+05:30,62174.4,62182.7,62170.8,62178.6,637
2025-03-06 13:45:00+05:30,62178.2,62183.0,62174.1,62182.3,503
2025-03-06 13:50:00+05:30,62186.3,62190.7,62173.0,62178.1,703
2025-03-06 13:55:00+05:30,62159.8,62166.7,62157.8,62164.1,644
2025-03-06 14:00:00+05:30,62161.6,62164.4,62151.5,62152.8,628
2025-03-06 14:05:00+05:30,62144.3,62145.9,62127.0,62131.1,610
2025-03-06 14:10:00+05:30,62138.1,62144.5,62129.5,62131.6,461
2025-03-06 14:15:00+05:30,62133.2,62134.7,62131.3,62134.5,651
2025-03-06 14:20:00+05:30,62133.2,62136.5,62130.8,62134.1,607
2025-03-06 14:25:00+05:30,62130.5,62132.9,62118.5,62121.0,564
2025-03-06 14:30:00+05:30,62121.0,62124.6,62119.9,62121.0,550
2025-03-06 14:35:00+05:30,62127.9,62134.2,62127.3,62132.0,779
2025-03-06 14:40:00+05:30,62132.2,62138.4,62130.7,62137.5,498
2025-03-06 14:45:00+05:30,62141.5,62157.9,62134.4,62152.0,553
2025-03-06 14:50:00+05:30,62147.6,62152.9,62133.4,62134.7,650
2025-03-06 14:55:00+05:30,62133.2,62142.2,62132.1,62142.2,961
2025-03-06 15:00:00+05:30,62138.0,62144.8,62136.8,62141.8,606
2025-03-06 15:05:00+05:30,62150.0,62152.5,62147.3,62149.0,510
2025-03-06 15:10:00+05:30,62151.6,62178.8,62147.3,62172.9,525
2025-03-06 15:15:00+05:30,62160.1,62165.8,62153.5,62161.0,726
2025-03-06 15:20:00+05:30,62159.1,62177.8,62155.3,62170.9,460
2025-03-06 15:25:00+05:30,62173.5,62175.3,62161.6,62169.4,419
2025-03-06 15:30:00+05:30,62161.1,62162.3,62151.5,62154.4,650
2025-03-06 15:35:00+05:30,62156.2,62157.1,62152.3,62153.7,558
2025-03-06 15:40:00+05:30,62142.2,62148.0,62140.8,62144.5,400
2025-03-06 15:45:00+05:30,62146.2,62154.6,62144.5,62149.8,724
2025-03-06 15:50:00+05:30,62149.8,62153.4,62132.2,62133.3,702
2025-03-06 15:55:00+05:30,62149.3,62156.9,62144.2,62151.8,437
2025-03-06 16:00:00+05:30,62146.2,62150.1,62134.3,62135.4,795
2025-03-06 16:05:00+05:30,62126.0,62137.6,62118.8,62122.2,654
2025-03-06 16:10:00+05:30,62119.3,62142.9,62117.8,62141.1,706
2025-03-06 16:15:00+05:30,62135.8,62139.8,62128.7,62133.9,579
2025-03-06 16:20:00+05:30,62124.4,62126.6,62114.4,62120.4,757
2025-03-06 16:25:00+05:30,62122.4,62126.9,62119.8,62122.5,631
2025-03-06 16:30:00+05:30,62123.6,62125.4,62114.3,62116.4,392
2025-03-06 16:35:00+05:30,62107.3,62109.7,62081.2,62092.4,681
2025-03-06 16:40:00+05:30,62096.1,62101.3,62093.5,62097.7,644
2025-03-06 16:45:00+05:30,62101.9,62112.6,62095.1,62111.8,563
2025-03-06 16:50:00+05:30,62115.3,62120.0,62109.0,62112.2,472
2025-03-06 16:55:00+05:30,62104.6,62115.4,62104.3,62114.9,448
2025-03-06 17:00:00+05:30,62101.6,62120.2,62096.2,62114.5,757
2025-03-07 09:00:00+05:30,62115.3,62121.8,62114.9,62118.0,609
2025-03-07 09:05:00+05:30,62120.5,62134.9,62117.6,62129.9,842
2025-03-07 09:10:00+05:30,62115.8,62120.9,62115.3,62117.4,860
2025-03-07 09:15:00+05:30,62117.4,62123.9,62113.6,62118.5,887
2025-03-07 09:20:00+05:30,62113.7,62128.1,62112.8,62123.3,1078
2025-03-07 09:25:00+05:30,62118.9,62119.6,62109.1,62114.4,674
2025-03-07 09:30:00+05:30,62118.6,62122.3,62104.8,62105.2,790
2025-03-07 09:35:00+05:30,62107.3,62114.4,62100.7,62111.7,835
2025-03-07 09:40:00+05:30,62121.5,62122.2,62115.3,62117.3,869
2025-03-07 09:45:00+05:30,62114.7,62139.1,62113.0,62134.6,1656
2025-03-07 09:50:00+05:30,62127.1,62132.5,62121.7,62123.0,725
2025-03-07 09:55:00+05:30,62124.5,62132.4,62121.5,62128.0,991
2025-03-07 10:00:00+05:30,62120.1,62120.6,62114.1,62116.4,1098
2025-03-07 10:05:00+05:30,62116.2,62131.0,62109.2,62130.5,2515
2025-03-07 10:10:00+05:30,62129.7,62137.0,62122.5,62126.5,730
2025-03-07 10:15:00+05:30,62135.0,62140.4,62122.8,62129.2,727
2025-03-07 10:20:00+05:30,62116.3,62123.2,62114.6,62119.3,726
2025-03-07 10:25:00+05:30,62115.9,62118.2,62102.6,62105.6,793
2025-03-07 10:30:00+05:30,62099.1,62108.6,62093.1,62107.9,823
2025-03-07 10:35:00+05:30,62105.0,62110.0,62101.6,62109.9,987
2025-03-07 10:40:00+05:30,62113.6,62120.1,62111.9,62118.3,745
2025-03-07 10:45:00+05:30,62114.6,62115.4,62097.0,62099.3,2662
2025-03-07 10:50:00+05:30,62096.6,62104.9,62093.8,62099.6,727
2025-03-07 10:55:00+05:30,62092.8,62094.7,62077.1,62083.1,717
2025-03-07 11:00:00+05:30,62085.3,62088.5,62074.7,62076.4,762
2025-03-07 11:05:00+05:30,62080.1,62084.5,62063.0,62070.1,1107
2025-03-07 11:10:00+05:30,62077.1,62081.4,62072.8,62072.8,755
2025-03-07 11:15:00+05:30,62077.7,62083.5,62068.2,62073.0,521
2025-03-07 11:20:00+05:30,62072.9,62078.0,62063.7,62063.8,719
2025-03-07 11:25:00+05:30,62061.6,62065.8,62059.6,62063.6,569
2025-03-07 11:30:00+05:30,62064.1,62071.8,62062.0,62062.7,776
2025-03-07 11:35:00+05:30,62075.4,62086.3,62073.6,62077.4,689
2025-03-07 11:40:00+05:30,62087.6,62103.1,62084.0,62099.4,814
2025-03-07 11:45:00+05:30,62098.6,62100.2,62087.3,62092.9,894
2025-03-07 11:50:00+05:30,62092.3,62094.8,62092.0,62092.0,1002
2025-03-07 11:55:00+05:30,62097.2,62101.7,62087.3,62096.3,1081
2025-03-07 12:00:00+05:30,62098.9,62100.2,62090.6,62095.2,641
2025-03-07 12:05:00+05:30,62094.9,62098.6,62094.2,62095.3,614
2025-03-07 12:10:00+05:30,62088.1,62105.1,62083.4,62098.5,549
2025-03-07 12:15:00+05:30,62095.7,62104.4,62094.1,62103.6,830
2025-03-07 12:20:00+05:30,62118.0,62119.7,62110.0,62113.3,720
2025-03-07 12:25:00+05:30,62110.3,62112.9,62109.7,62112.5,656
2025-03-07 12:30:00+05:30,62116.0,62117.7,62097.0,62103.3,886
2025-03-07 12:35:00+05:30,62103.3,62104.6,62093.4,62096.6,921
2025-03-07 12:40:00+05:30,62087.3,62088.3,62082.8,62085.8,595
2025-03-07 12:45:00+05:30,62094.8,62095.0,62084.6,62085.2,776
2025-03-07 12:50:00+05:30,62090.0,62092.8,62089.8,62090.3,641
2025-03-07 12:55:00+05:30,62086.2,62088.2,62079.6,62081.2,752
2025-03-07 13:00:00+05:30,62075.3,62083.1,62070.7,62079.3,1056
2025-03-07 13:05:00+05:30,62074.1,62084.4,62071.0,62080.7,853
2025-03-07 13:10:00+05:30,62081.3,62095.0,62071.3,62088.7,824
2025-03-07 13:15:00+05:30,62083.9,62085.9,62076.4,62084.1,602
2025-03-07 13:20:00+05:30,62086.8,62093.1,62074.1,62078.5,825
2025-03-07 13:25:00+05:30,62079.2,62089.4,62076.3,62086.3,864
2025-03-07 13:30:00+05:30,62093.1,62093.6,62083.3,62084.7,837
2025-03-07 13:35:00+05:30,62083.7,62101.8,62083.7,62096.7,661
2025-03-07 13:40:00+05:30,62092.3,62097.9,62087.1,62092.6,803
2025-03-07 13:45:00+05:30,62097.6,62100.0,62086.9,62087.6,583
2025-03-07 13:50:00+05:30,62082.6,62084.0,62071.4,62073.5,884
2025-03-07 13:55:00+05:30,62073.4,62074.7,62072.1,62074.6,842
2025-03-07 14:00:00+05:30,62080.1,62090.3,62080.0,62084.3,721
2025-03-07 14:05:00+05:30,62083.6,62086.1,62070.4,62075.0,836
2025-03-07 14:10:00+05:30,62064.4,62071.7,62056.6,62059.1,849
2025-03-07 14:15:00+05:30,62060.9,62064.0,62058.8,62060.7,738
2025-03-07 14:20:00+05:30,62052.8,62056.2,62050.0,62051.2,602
2025-03-07 14:25:00+05:30,62063.7,62076.4,62061.2,62071.9,826
2025-03-07 14:30:00+05:30,62066.4,62074.5,62064.6,62071.9,858
2025-03-07 14:35:00+05:30,62068.2,62076.1,62067.2,62074.4,753
2025-03-07 14:40:00+05:30,62063.3,62068.4,62057.2,62057.3,925
2025-03-07 14:45:00+05:30,62054.2,62055.7,62039.0,62039.4,2642
2025-03-07 14:50:00+05:30,62040.2,62052.4,62035.7,62045.0,783
2025-03-07 14:55:00+05:30,62043.1,62046.9,62042.3,62044.0,860
2025-03-07 15:00:00+05:30,62048.3,62050.6,62027.3,62030.9,691
2025-03-07 15:05:00+05:30,62030.2,62032.3,62022.6,62030.0,829
2025-03-07 15:10:00+05:30,62021.4,62028.3,62012.8,62024.6,846
2025-03-07 15:15:00+05:30,62026.1,62044.7,62021.3,62035.1,919
2025-03-07 15:20:00+05:30,62027.7,62028.3,62011.2,62013.1,812
2025-03-07 15:25:00+05:30,62002.0,62002.9,61996.8,61999.0,564
2025-03-07 15:30:00+05:30,62004.2,62005.0,61995.9,61997.9,736
2025-03-07 15:35:00+05:30,62001.0,62013.8,62000.3,62009.6,1136
2025-03-07 15:40:00+05:30,62005.6,62014.6,62005.5,62006.6,995
2025-03-07 15:45:00+05:30,62005.9,62011.0,61998.0,62008.6,677
2025-03-07 15:50:00+05:30,62006.7,62007.9,61994.1,61997.3,845
2025-03-07 15:55:00+05:30,61998.2,62009.4,61995.4,62003.5,965
2025-03-07 16:00:00+05:30,62005.8,62006.3,61986.5,61988.0,852
2025-03-07 16:05:00+05:30,61985.7,61987.4,61980.8,61983.7,768
2025-03-07 16:10:00+05:30,61980.7,61993.8,61979.5,61989.2,1137
2025-03-07 16:15:00+05:30,61995.3,61998.4,61984.9,61987.7,673
2025-03-07 16:20:00+05:30,61998.9,62000.5,61991.0,61992.4,789
2025-03-07 16:25:00+05:30,61997.3,62001.8,61996.4,61997.4,802
2025-03-07 16:30:00+05:30,61991.5,62005.5,61990.0,62004.0,950
2025-03-07 16:35:00+05:30,62002.5,62008.4,62002.1,62005.9,905
2025-03-07 16:40:00+05:30,62007.4,62016.3,61998.5,62013.8,779
2025-03-07 16:45:00+05:30,62021.5,62026.2,62013.5,62018.4,841
2025-03-07 16:50:00+05:30,62035.0,62048.9,62026.9,62044.4,829
2025-03-07 16:55:00+05:30,62043.1,62056.8,62043.1,62045.8,822
2025-03-07 17:00:00+05:30,62052.3,62058.4,62050.5,62051.1,610
2025-03-10 09:00:00+05:30,62038.7,62042.3,62036.3,62037.0,537
2025-03-10 09:05:00+05:30,62035.3,62040.4,62031.5,62031.8,486
2025-03-10 09:10:00+05:30,62038.2,62041.1,62028.5,62030.2,643
2025-03-10 09:15:00+05:30,62033.0,62042.7,62032.7,62036.5,490
2025-03-10 09:20:00+05:30,62046.3,62051.2,62044.5,62050.4,666
2025-03-10 09:25:00+05:30,62048.2,62058.7,62044.5,62056.6,444
2025-03-10 09:30:00+05:30,62064.2,62069.7,62059.4,62060.5,568
2025-03-10 09:35:00+05:30,62067.0,62067.7,62053.8,62056.8,507
2025-03-10 09:40:00+05:30,62061.7,62063.8,62052.3,62061.1,567
2025-03-10 09:45:00+05:30,62053.0,62065.6,62052.3,62063.3,599
2025-03-10 09:50:00+05:30,62065.9,62069.3,62051.6,62061.1,803
2025-03-10 09:55:00+05:30,62067.8,62077.2,62065.5,62072.7,482
2025-03-10 10:00:00+05:30,62073.5,62076.5,62068.6,62069.8,723
2025-03-10 10:05:00+05:30,62075.7,62080.0,62071.8,62075.6,729
2025-03-10 10:10:00+05:30,62079.9,62091.2,62079.1,62088.8,732
2025-03-10 10:15:00+05:30,62097.9,62098.0,62082.8,62084.4,570
2025-03-10 10:20:00+05:30,62077.6,62100.3,62073.8,62094.9,521
2025-03-10 10:25:00+05:30,62100.9,62111.0,62097.6,62105.2,726
2025-03-10 10:30:00+05:30,62106.5,62122.2,62098.6,62115.4,629
2025-03-10 10:35:00+05:30,62111.2,62114.8,62103.0,62112.1,658
2025-03-10 10:40:00+05:30,62116.0,62125.0,62105.4,62107.4,670
2025-03-10 10:45:00+05:30,62096.5,62103.6,62091.2,62092.5,639
2025-03-10 10:50:00+05:30,62101.3,62106.3,62089.0,62099.3,481
2025-03-10 10:55:00+05:30,62094.3,62098.5,62086.5,62088.7,765
2025-03-10 11:00:00+05:30,62096.2,62107.0,62095.7,62104.9,680
2025-03-10 11:05:00+05:30,62094.5,62103.3,62091.2,62100.3,573
2025-03-10 11:10:00+05:30,62091.0,62091.5,62071.7,62077.5,711
2025-03-10 11:15:00+05:30,62082.6,62084.7,62068.5,62068.9,1769
2025-03-10 11:20:00+05:30,62069.8,62071.5,62059.1,62061.0,670
2025-03-10 11:25:00+05:30,62067.3,62079.2,62065.2,62075.0,820
2025-03-10 11:30:00+05:30,62069.8,62080.9,62066.7,62075.6,525
2025-03-10 11:35:00+05:30,62071.5,62074.5,62064.6,62069.2,543
2025-03-10 11:40:00+05:30,62060.5,62060.6,62046.8,62048.4,1079
2025-03-10 11:45:00+05:30,62051.4,62053.8,62045.3,62046.5,559
2025-03-10 11:50:00+05:30,62057.4,62058.8,62052.8,62054.1,637
2025-03-10 11:55:00+05:30,62051.3,62062.8,62050.6,62060.4,567
2025-03-10 12:00:00+05:30,62059.5,62063.5,62046.6,62049.5,751
2025-03-10 12:05:00+05:30,62047.3,62056.6,62044.9,62056.6,538
2025-03-10 12:10:00+05:30,62056.6,62066.7,62051.4,62058.6,742
2025-03-10 12:15:00+05:30,62053.1,62059.2,62044.2,62049.3,540
2025-03-10 12:20:00+05:30,62042.0,62042.6,62037.1,62041.7,830
2025-03-10 12:25:00+05:30,62048.4,62048.9,62025.5,62030.3,568
2025-03-10 12:30:00+05:30,62028.3,62030.2,62018.0,62019.4,665
2025-03-10 12:35:00+05:30,62014.2,62017.4,62007.0,62007.9,521
2025-03-10 12:40:00+05:30,62008.4,62014.9,62008.1,62013.0,697
2025-03-10 12:45:00+05:30,62018.3,62022.8,62013.9,62018.4,635
2025-03-10 12:50:00+05:30,62023.0,62024.2,62017.3,62020.7,644
2025-03-10 12:55:00+05:30,62019.8,62023.2,62015.3,62015.4,816
2025-03-10 13:00:00+05:30,62015.1,62016.7,62000.3,62001.3,457
2025-03-10 13:05:00+05:30,62003.1,62005.5,61999.2,62004.1,681
2025-03-10 13:10:00+05:30,62008.4,62009.6,61989.5,61989.9,808
2025-03-10 13:15:00+05:30,61991.1,61999.1,61989.5,61994.1,478
2025-03-10 13:20:00+05:30,61998.1,62000.9,61995.7,61999.8,668
2025-03-10 13:25:00+05:30,62002.7,62009.8,61990.2,61993.9,484
2025-03-10 13:30:00+05:30,62003.3,62005.2,61981.5,61985.1,765
2025-03-10 13:35:00+05:30,61993.1,62008.5,61991.3,62007.3,800
2025-03-10 13:40:00+05:30,62005.9,62007.7,61993.3,62000.8,819
2025-03-10 13:45:00+05:30,62004.4,62008.5,61979.5,61985.5,625
2025-03-10 13:50:00+05:30,61986.8,61994.4,61986.2,61992.2,783
2025-03-10 13:55:00+05:30,61995.5,61997.1,61994.0,61996.6,605
2025-03-10 14:00:00+05:30,61994.8,62002.8,61988.5,62000.7,577
2025-03-10 14:05:00+05:30,62006.5,62008.1,62003.5,62007.8,584
2025-03-10 14:10:00+05:30,62007.5,62018.8,62005.9,62017.0,447
2025-03-10 14:15:00+05:30,62020.3,62032.2,62017.1,62028.1,746
2025-03-10 14:20:00+05:30,62032.7,62037.1,62012.9,62018.0,799
2025-03-10 14:25:00+05:30,62014.2,62019.2,62012.7,62014.3,391
2025-03-10 14:30:00+05:30,62015.5,62036.4,62009.2,62035.1,1712
2025-03-10 14:35:00+05:30,62040.1,62041.2,62035.2,62036.9,786
2025-03-10 14:40:00+05:30,62035.9,62043.3,62021.6,62026.2,575
2025-03-10 14:45:00+05:30,62035.3,62047.9,62032.5,62043.0,465
2025-03-10 14:50:00+05:30,62030.8,62032.8,62021.2,62021.9,663
2025-03-10 14:55:00+05:30,62025.3,62025.3,62015.5,62019.9,777
2025-03-10 15:00:00+05:30,62024.0,62024.7,62012.0,62014.3,401
2025-03-10 15:05:00+05:30,62006.8,62015.6,62003.0,62008.5,468
2025-03-10 15:10:00+05:30,62015.9,62017.3,62007.8,62009.3,715
2025-03-10 15:15:00+05:30,62013.1,62013.1,62007.2,62008.1,718
2025-03-10 15:20:00+05:30,62016.8,62027.8,62011.3,62024.7,685
2025-03-10 15:25:00+05:30,62029.8,62035.3,62021.3,62021.4,574
2025-03-10 15:30:00+05:30,62016.8,62017.9,62011.9,62017.2,527
2025-03-10 15:35:00+05:30,62025.5,62029.4,62022.1,62026.2,770
2025-03-10 15:40:00+05:30,62022.3,62026.3,62006.1,62006.3,562
2025-03-10 15:45:00+05:30,62006.6,62017.6,62002.1,62017.4,799
2025-03-10 15:50:00+05:30,62026.2,62026.6,62017.9,62024.1,484
2025-03-10 15:55:00+05:30,62022.2,62032.7,62017.5,62021.0,490
2025-03-10 16:00:00+05:30,62022.4,62029.2,62022.4,62026.4,880
2025-03-10 16:05:00+05:30,62028.3,62046.2,62025.3,62043.4,590
2025-03-10 16:10:00+05:30,62032.5,62034.5,62031.7,62033.6,676
2025-03-10 16:15:00+05:30,62025.7,62030.2,62019.3,62028.0,822
2025-03-10 16:20:00+05:30,62021.2,62024.9,62018.1,62022.8,714
2025-03-10 16:25:00+05:30,62023.4,62024.1,62020.6,62020.9,586
2025-03-10 16:30:00+05:30,62009.8,62017.6,62000.6,62016.4,742
2025-03-10 16:35:00+05:30,62010.8,62013.6,61998.9,62002.6,551
2025-03-10 16:40:00+05:30,62004.8,62022.0,62002.5,62021.1,541
2025-03-10 16:45:00+05:30,62020.6,62025.8,62019.2,62025.6,684
2025-03-10 16:50:00+05:30,62023.2,62027.5,62016.6,62017.8,686
2025-03-10 16:55:00+05:30,62024.2,62025.4,62003.3,62008.3,693
2025-03-10 17:00:00+05:30,61999.4,62003.0,61998.5,62002.1,634
2025-03-11 09:00:00+05:30,62009.2,62013.2,62006.5,62006.7,999
2025-03-11 09:05:00+05:30,62002.7,62002.8,61990.7,61993.9,1012
2025-03-11 09:10:00+05:30,61989.7,61999.1,61986.8,61994.4,971
2025-03-11 09:15:00+05:30,61994.0,62016.9,61991.1,62010.1,976
2025-03-11 09:20:00+05:30,62002.9,62008.8,61999.7,62002.5,836
2025-03-11 09:25:00+05:30,62004.8,62012.3,62002.6,62010.8,917
2025-03-11 09:30:00+05:30,62019.4,62020.8,62010.7,62015.8,828
2025-03-11 09:35:00+05:30,62010.3,62012.2,62000.6,62003.6,967
2025-03-11 09:40:00+05:30,62011.2,62012.6,62001.7,62002.1,941
2025-03-11 09:45:00+05:30,61998.9,62013.6,61995.4,62006.8,683
2025-03-11 09:50:00+05:30,62013.6,62027.3,62011.8,62020.7,930
2025-03-11 09:55:00+05:30,62022.4,62027.2,61999.3,62004.8,863
2025-03-11 10:00:00+05:30,62007.8,62020.5,62007.0,62019.5,889
2025-03-11 10:05:00+05:30,62019.5,62021.6,62000.7,62005.3,966
2025-03-11 10:10:00+05:30,62005.0,62011.0,62001.6,62006.2,1022
2025-03-11 10:15:00+05:30,62002.1,62005.9,61994.2,61999.5,900
2025-03-11 10:20:00+05:30,62000.9,62009.6,61999.0,62003.8,808
2025-03-11 10:25:00+05:30,61995.0,61996.7,61983.3,61987.6,875
2025-03-11 10:30:00+05:30,61986.8,61988.8,61986.1,61986.9,769
2025-03-11 10:35:00+05:30,61983.3,61995.0,61980.2,61990.0,635
2025-03-11 10:40:00+05:30,61990.4,62002.8,61975.7,61979.6,788
2025-03-11 10:45:00+05:30,61983.7,61983.8,61967.8,61977.2,858
2025-03-11 10:50:00+05:30,61976.7,61984.2,61972.7,61982.0,794
2025-03-11 10:55:00+05:30,61980.3,61997.4,61980.0,61995.0,993
2025-03-11 11:00:00+05:30,61985.1,61999.1,61976.1,61998.4,652
2025-03-11 11:05:00+05:30,61988.9,62000.1,61986.1,61999.7,813
2025-03-11 11:10:00+05:30,62001.6,62005.9,61999.9,62001.3,625
2025-03-11 11:15:00+05:30,62002.5,62016.7,61998.0,62006.2,783
2025-03-11 11:20:00+05:30,62000.6,62022.0,61996.5,62020.9,821
2025-03-11 11:25:00+05:30,62013.8,62024.0,62011.8,62021.9,997
2025-03-11 11:30:00+05:30,62015.5,62025.7,62013.6,62021.2,838
2025-03-11 11:35:00+05:30,62010.4,62010.5,62000.3,62002.7,979
2025-03-11 11:40:00+05:30,61996.0,62002.8,61995.4,61996.5,795
2025-03-11 11:45:00+05:30,61994.8,62010.6,61992.5,62008.0,1889
2025-03-11 11:50:00+05:30,62012.3,62016.7,61990.8,61993.4,2688
2025-03-11 11:55:00+05:30,61993.8,62007.8,61991.8,61998.3,697
2025-03-11 12:00:00+05:30,62000.4,62009.5,61997.1,62007.3,660
2025-03-11 12:05:00+05:30,62004.8,62013.1,61997.1,62003.9,884
2025-03-11 12:10:00+05:30,62005.3,62009.4,61996.7,62000.8,830
2025-03-11 12:15:00+05:30,62005.4,62016.7,62001.6,62016.5,751
2025-03-11 12:20:00+05:30,62029.6,62031.4,62013.3,62020.9,742
2025-03-11 12:25:00+05:30,62016.9,62021.5,62012.9,62019.3,749
2025-03-11 12:30:00+05:30,62029.5,62046.2,62024.8,62039.6,1066
2025-03-11 12:35:00+05:30,62046.1,62049.2,62045.6,62047.9,897
2025-03-11 12:40:00+05:30,62054.5,62057.1,62042.1,62042.5,1032
2025-03-11 12:45:00+05:30,62038.8,62044.3,62022.6,62026.6,780
2025-03-11 12:50:00+05:30,62025.6,62049.1,62023.5,62041.9,1032
2025-03-11 12:55:00+05:30,62053.5,62059.3,62043.4,62048.2,840
2025-03-11 13:00:00+05:30,62042.2,62044.6,62021.5,62023.4,853
2025-03-11 13:05:00+05:30,62031.6,62036.2,62031.0,62034.0,1089
2025-03-11 13:10:00+05:30,62031.6,62047.2,62031.6,62044.6,1954
2025-03-11 13:15:00+05:30,62046.6,62057.1,62034.4,62048.7,871
2025-03-11 13:20:00+05:30,62038.8,62042.5,62030.8,62032.3,936
2025-03-11 13:25:00+05:30,62026.7,62035.3,62026.3,62033.0,851
2025-03-11 13:30:00+05:30,62028.5,62039.4,62028.4,62037.2,1027
2025-03-11 13:35:00+05:30,62034.4,62035.8,62024.2,62028.9,726
2025-03-11 13:40:00+05:30,62025.0,62027.9,62024.8,62027.9,748
2025-03-11 13:45:00+05:30,62022.7,62027.2,62002.8,62008.6,994
2025-03-11 13:50:00+05:30,62013.5,62013.6,61992.8,61997.6,950
2025-03-11 13:55:00+05:30,62003.5,62004.2,61995.1,62001.1,720
2025-03-11 14:00:00+05:30,62003.3,62009.2,61998.1,62004.2,930
2025-03-11 14:05:00+05:30,62013.0,62021.2,62010.2,62017.4,1105
2025-03-11 14:10:00+05:30,62020.0,62030.6,62014.9,62029.4,939
2025-03-11 14:15:00+05:30,62037.2,62046.5,62036.5,62045.6,962
2025-03-11 14:20:00+05:30,62043.2,62047.0,62029.6,62031.1,1174
2025-03-11 14:25:00+05:30,62028.7,62029.9,62026.6,62027.9,922
2025-03-11 14:30:00+05:30,62027.5,62035.4,62024.3,62034.1,855
2025-03-11 14:35:00+05:30,62041.0,62046.8,62038.1,62039.2,744
2025-03-11 14:40:00+05:30,62038.5,62044.2,62034.0,62040.1,854
2025-03-11 14:45:00+05:30,62036.7,62047.4,62029.2,62041.0,876
2025-03-11 14:50:00+05:30,62038.9,62052.5,62031.8,62050.0,913
2025-03-11 14:55:00+05:30,62051.8,62054.3,62036.7,62040.8,963
2025-03-11 15:00:00+05:30,62051.6,62053.5,62047.1,62048.8,684
2025-03-11 15:05:00+05:30,62063.1,62065.6,62051.1,62055.7,732
2025-03-11 15:10:00+05:30,62061.4,62066.4,62052.3,62054.4,859
2025-03-11 15:15:00+05:30,62044.7,62047.7,62040.1,62046.3,728
2025-03-11 15:20:00+05:30,62050.3,62063.9,62045.3,62061.6,805
2025-03-11 15:25:00+05:30,62064.0,62067.9,62054.5,62055.3,964
2025-03-11 15:30:00+05:30,62044.8,62062.3,62040.7,62061.4,2114
2025-03-11 15:35:00+05:30,62061.3,62064.6,62058.8,62061.0,735
2025-03-11 15:40:00+05:30,62063.6,62065.8,62053.4,62058.9,498
2025-03-11 15:45:00+05:30,62059.7,62065.2,62046.7,62050.9,953
2025-03-11 15:50:00+05:30,62064.0,62074.1,62059.8,62068.3,1047
2025-03-11 15:55:00+05:30,62072.1,62079.9,62062.5,62079.0,808
2025-03-11 16:00:00+05:30,62088.2,62089.9,62085.2,62087.5,883
2025-03-11 16:05:00+05:30,62082.8,62087.1,62072.4,62084.9,924
2025-03-11 16:10:00+05:30,62086.1,62086.4,62079.3,62082.5,768
2025-03-11 16:15:00+05:30,62073.7,62075.1,62069.7,62075.0,733
2025-03-11 16:20:00+05:30,62066.7,62067.7,62054.9,62062.1,790
2025-03-11 16:25:00+05:30,62061.5,62068.1,62061.1,62062.1,847
2025-03-11 16:30:00+05:30,62063.0,62064.9,62056.4,62060.6,960
2025-03-11 16:35:00+05:30,62061.5,62080.4,62059.5,62076.0,873
2025-03-11 16:40:00+05:30,62070.6,62072.9,62067.0,62068.6,938
2025-03-11 16:45:00+05:30,62067.6,62076.7,62058.6,62069.2,794
2025-03-11 16:50:00+05:30,62066.7,62067.6,62058.2,62063.2,546
2025-03-11 16:55:00+05:30,62066.4,62068.2,62055.8,62059.1,760
2025-03-11 17:00:00+05:30,62065.2,62067.3,62052.2,62053.6,1069
2025-03-12 09:00:00+05:30,62051.9,62069.5,62049.5,62068.1,416
2025-03-12 09:05:00+05:30,62074.8,62076.5,62072.9,62074.7,237
2025-03-12 09:10:00+05:30,62075.1,62082.5,62067.8,62068.6,484
2025-03-12 09:15:00+05:30,62062.7,62066.6,62059.2,62065.9,328
2025-03-12 09:20:00+05:30,62074.9,62077.5,62071.8,62075.8,321
2025-03-12 09:25:00+05:30,62076.9,62097.9,62070.4,62093.2,421
2025-03-12 09:30:00+05:30,62100.5,62118.3,62095.8,62116.6,334
2025-03-12 09:35:00+05:30,62108.5,62110.8,62103.6,62104.4,652
2025-03-12 09:40:00+05:30,62103.6,62108.2,62093.1,62098.1,497
2025-03-12 09:45:00+05:30,62101.4,62106.3,62093.3,62093.5,420
2025-03-12 09:50:00+05:30,62092.7,62101.2,62076.2,62079.1,365
2025-03-12 09:55:00+05:30,62075.8,62079.5,62064.4,62068.5,416
2025-03-12 10:00:00+05:30,62073.1,62078.8,62073.0,62075.6,608
2025-03-12 10:05:00+05:30,62081.4,62082.4,62066.5,62073.8,613
2025-03-12 10:10:00+05:30,62070.9,62071.1,62058.9,62060.0,663
2025-03-12 10:15:00+05:30,62056.9,62066.0,62039.5,62043.6,285
2025-03-12 10:20:00+05:30,62042.7,62046.6,62042.1,62042.8,274
2025-03-12 10:25:00+05:30,62047.8,62049.6,62037.0,62044.9,198
2025-03-12 10:30:00+05:30,62051.2,62059.8,62043.5,62049.3,363
2025-03-12 10:35:00+05:30,62052.1,62056.3,62044.9,62047.4,460
2025-03-12 10:40:00+05:30,62050.4,62050.9,62048.6,62049.3,346
2025-03-12 10:45:00+05:30,62046.1,62053.9,62042.4,62046.4,447
2025-03-12 10:50:00+05:30,62056.1,62061.8,62049.8,62056.4,607
2025-03-12 10:55:00+05:30,62054.5,62062.1,62049.5,62050.8,546
2025-03-12 11:00:00+05:30,62051.0,62063.1,62043.8,62058.6,352
2025-03-12 11:05:00+05:30,62055.1,62055.9,62049.0,62049.9,460
2025-03-12 11:10:00+05:30,62050.9,62053.9,62039.3,62042.2,444
2025-03-12 11:15:00+05:30,62044.1,62044.2,62036.4,62037.0,760
2025-03-12 11:20:00+05:30,62021.0,62027.8,62013.0,62015.9,289
2025-03-12 11:25:00+05:30,62009.5,62017.4,62005.2,62017.2,449
2025-03-12 11:30:00+05:30,62015.4,62030.0,62012.3,62028.1,519
2025-03-12 11:35:00+05:30,62026.9,62030.7,62018.4,62027.7,402
2025-03-12 11:40:00+05:30,62029.2,62038.6,62013.4,62020.2,422
2025-03-12 11:45:00+05:30,62024.9,62034.9,62016.7,62018.6,440
2025-03-12 11:50:00+05:30,62011.9,62014.0,62008.0,62013.3,408
2025-03-12 11:55:00+05:30,62015.1,62025.4,62002.8,62022.1,416
2025-03-12 12:00:00+05:30,62015.1,62017.4,62002.6,62003.1,456
2025-03-12 12:05:00+05:30,61992.5,62002.3,61992.5,62001.6,285
2025-03-12 12:10:00+05:30,61999.3,62001.2,61981.8,61985.9,1868
2025-03-12 12:15:00+05:30,61988.1,61989.7,61977.5,61981.8,104
2025-03-12 12:20:00+05:30,61985.0,61985.7,61977.0,61979.0,297
2025-03-12 12:25:00+05:30,61980.8,61981.2,61976.8,61979.6,722
2025-03-12 12:30:00+05:30,61984.5,61993.6,61978.6,61986.0,236
2025-03-12 12:35:00+05:30,61990.0,61990.0,61968.6,61969.4,534
2025-03-12 12:40:00+05:30,61958.5,61961.7,61946.9,61949.9,489
2025-03-12 12:45:00+05:30,61950.7,61958.9,61940.0,61942.3,539
2025-03-12 12:50:00+05:30,61948.4,61949.4,61943.2,61948.6,448
2025-03-12 12:55:00+05:30,61960.4,61967.4,61949.0,61952.9,357
2025-03-12 13:00:00+05:30,61963.8,61964.0,61946.9,61952.9,526
2025-03-12 13:05:00+05:30,61967.2,61968.8,61959.8,61966.4,562
2025-03-12 13:10:00+05:30,61961.0,61971.5,61958.0,61970.9,471
2025-03-12 13:15:00+05:30,61982.1,61988.2,61978.0,61985.1,439
2025-03-12 13:20:00+05:30,61980.8,61982.5,61976.0,61978.9,356
2025-03-12 13:25:00+05:30,61968.8,61971.1,61963.7,61968.6,680
2025-03-12 13:30:00+05:30,61968.3,61971.2,61963.2,61970.1,568
2025-03-12 13:35:00+05:30,61958.3,61961.4,61957.0,61960.1,696
2025-03-12 13:40:00+05:30,61957.8,61959.2,61953.6,61956.0,334
2025-03-12 13:45:00+05:30,61967.8,61983.4,61958.2,61980.2,221
2025-03-12 13:50:00+05:30,61989.9,61995.6,61984.5,61994.3,535
2025-03-12 13:55:00+05:30,61983.2,61993.0,61981.1,61985.9,558
2025-03-12 14:00:00+05:30,61986.6,62000.5,61983.5,61997.8,387
2025-03-12 14:05:00+05:30,61988.1,61994.6,61984.7,61994.0,190
2025-03-12 14:10:00+05:30,62002.0,62005.6,61998.6,62005.5,597
2025-03-12 14:15:00+05:30,62009.1,62014.4,61989.2,61989.3,1306
2025-03-12 14:20:00+05:30,61999.7,62006.6,61998.9,62001.0,385
2025-03-12 14:25:00+05:30,61997.4,62002.5,61987.1,61992.2,625
2025-03-12 14:30:00+05:30,61986.3,61987.5,61982.1,61986.2,386
2025-03-12 14:35:00+05:30,61982.6,61992.1,61975.9,61984.9,398
2025-03-12 14:40:00+05:30,61986.1,61993.8,61983.0,61989.3,356
2025-03-12 14:45:00+05:30,61997.3,62004.3,61996.9,62000.7,435
2025-03-12 14:50:00+05:30,62000.6,62009.6,61999.2,62006.7,562
2025-03-12 14:55:00+05:30,62014.4,62031.3,62013.3,62025.9,384
2025-03-12 15:00:00+05:30,62021.2,62022.3,62016.3,62018.8,443
2025-03-12 15:05:00+05:30,62008.4,62017.6,62006.7,62017.5,202
2025-03-12 15:10:00+05:30,62008.9,62022.4,62003.7,62015.5,585
2025-03-12 15:15:00+05:30,62002.9,62003.6,61991.7,61993.3,255
2025-03-12 15:20:00+05:30,61998.2,62007.9,61996.5,62006.2,573
2025-03-12 15:25:00+05:30,62011.6,62012.8,62010.5,62012.5,353
2025-03-12 15:30:00+05:30,62003.3,62003.4,61997.4,61999.2,523
2025-03-12 15:35:00+05:30,61999.7,62000.3,61992.7,61994.0,507
2025-03-12 15:40:00+05:30,61992.9,62006.6,61988.7,62005.9,404
2025-03-12 15:45:00+05:30,62005.5,62023.5,61999.7,62018.7,366
2025-03-12 15:50:00+05:30,62029.0,62037.7,62028.9,62032.5,659
2025-03-12 15:55:00+05:30,62033.4,62041.5,62029.4,62035.3,547
2025-03-12 16:00:00+05:30,62027.3,62043.7,62026.3,62043.7,1635
2025-03-12 16:05:00+05:30,62045.0,62046.7,62035.8,62043.3,391
2025-03-12 16:10:00+05:30,62039.2,62052.8,62037.9,62045.7,364
2025-03-12 16:15:00+05:30,62045.6,62048.3,62043.9,62048.1,679
2025-03-12 16:20:00+05:30,62044.4,62054.5,62038.8,62051.1,676
2025-03-12 16:25:00+05:30,62049.3,62053.1,62033.3,62034.1,303
2025-03-12 16:30:00+05:30,62034.5,62041.7,62030.9,62040.7,518
2025-03-12 16:35:00+05:30,62053.8,62077.6,62051.9,62074.7,452
2025-03-12 16:40:00+05:30,62069.3,62081.6,62068.4,62080.9,348
2025-03-12 16:45:00+05:30,62079.2,62092.5,62072.8,62089.7,376
2025-03-12 16:50:00+05:30,62091.2,62097.4,62090.6,62096.6,637
2025-03-12 16:55:00+05:30,62093.8,62098.9,62083.0,62084.7,405
2025-03-12 17:00:00+05:30,62097.0,62099.6,62097.0,62099.1,390
2025-03-13 09:00:00+05:30,62097.0,62104.6,62091.5,62104.2,523
2025-03-13 09:05:00+05:30,62111.9,62112.6,62111.8,62112.1,712
2025-03-13 09:10:00+05:30,62119.6,62123.9,62116.7,62117.7,642
2025-03-13 09:15:00+05:30,62112.0,62116.5,62107.6,62112.6,687
2025-03-13 09:20:00+05:30,62121.9,62127.8,62115.5,62116.6,680
2025-03-13 09:25:00+05:30,62107.8,62110.7,62088.2,62094.0,602
2025-03-13 09:30:00+05:30,62089.4,62090.2,62078.4,62081.4,536
2025-03-13 09:35:00+05:30,62085.1,62093.2,62080.9,62092.6,592
2025-03-13 09:40:00+05:30,62091.5,62101.4,62084.0,62089.2,596
2025-03-13 09:45:00+05:30,62087.1,62088.7,62085.8,62085.8,644
2025-03-13 09:50:00+05:30,62104.4,62109.9,62098.6,62100.8,550
2025-03-13 09:55:00+05:30,62091.2,62097.5,62089.5,62094.6,479
2025-03-13 10:00:00+05:30,62084.7,62088.1,62083.5,62087.8,628
2025-03-13 10:05:00+05:30,62086.2,62114.7,62076.4,62110.6,487
2025-03-13 10:10:00+05:30,62103.2,62105.5,62088.6,62100.5,453
2025-03-13 10:15:00+05:30,62091.8,62093.6,62076.8,62078.3,758
2025-03-13 10:20:00+05:30,62084.1,62102.8,62080.6,62101.5,544
2025-03-13 10:25:00+05:30,62106.8,62115.4,62102.4,62109.1,653
2025-03-13 10:30:00+05:30,62106.0,62113.2,62105.8,62108.4,584
2025-03-13 10:35:00+05:30,62110.5,62113.6,62104.9,62111.8,508
2025-03-13 10:40:00+05:30,62103.0,62109.1,62099.2,62107.2,379
2025-03-13 10:45:00+05:30,62094.1,62099.7,62092.5,62099.0,464
2025-03-13 10:50:00+05:30,62096.4,62100.2,62095.2,62097.9,424
2025-03-13 10:55:00+05:30,62099.9,62108.5,62099.9,62104.8,1389
2025-03-13 11:00:00+05:30,62106.2,62127.6,62102.9,62117.0,690
2025-03-13 11:05:00+05:30,62108.6,62128.8,62107.0,62121.7,659
2025-03-13 11:10:00+05:30,62125.1,62126.2,62121.2,62122.5,1002
2025-03-13 11:15:00+05:30,62117.8,62119.4,62105.3,62107.9,578
2025-03-13 11:20:00+05:30,62108.5,62111.5,62104.6,62110.6,555
2025-03-13 11:25:00+05:30,62113.9,62123.7,62113.2,62117.1,435
2025-03-13 11:30:00+05:30,62118.2,62119.4,62104.8,62106.7,677
2025-03-13 11:35:00+05:30,62107.3,62107.4,62106.2,62106.7,533
2025-03-13 11:40:00+05:30,62114.2,62131.4,62112.6,62131.4,420
2025-03-13 11:45:00+05:30,62135.6,62145.3,62133.0,62142.6,457
2025-03-13 11:50:00+05:30,62137.6,62150.6,62134.7,62148.9,394
2025-03-13 11:55:00+05:30,62151.4,62157.7,62143.3,62144.2,621
2025-03-13 12:00:00+05:30,62153.9,62154.3,62144.8,62150.4,549
2025-03-13 12:05:00+05:30,62151.7,62172.3,62149.5,62170.2,591
2025-03-13 12:10:00+05:30,62165.4,62165.5,62155.4,62155.7,681
2025-03-13 12:15:00+05:30,62149.7,62173.9,62149.5,62162.1,563
2025-03-13 12:20:00+05:30,62165.1,62168.0,62162.7,62166.0,361
2025-03-13 12:25:00+05:30,62159.9,62164.5,62147.8,62154.0,674
2025-03-13 12:30:00+05:30,62154.4,62163.9,62146.6,62162.5,426
2025-03-13 12:35:00+05:30,62154.9,62167.2,62150.1,62160.4,383
2025-03-13 12:40:00+05:30,62162.5,62182.5,62159.4,62182.1,556
2025-03-13 12:45:00+05:30,62183.0,62196.0,62173.2,62191.8,587
2025-03-13 12:50:00+05:30,62199.6,62203.8,62184.4,62195.2,534
2025-03-13 12:55:00+05:30,62199.7,62210.8,62194.4,62206.2,601
2025-03-13 13:00:00+05:30,62200.7,62208.4,62197.0,62201.1,502
2025-03-13 13:05:00+05:30,62200.3,62204.8,62194.6,62198.9,491
2025-03-13 13:10:00+05:30,62192.6,62196.7,62186.9,62193.8,600
2025-03-13 13:15:00+05:30,62194.1,62194.6,62191.2,62193.3,677
2025-03-13 13:20:00+05:30,62180.2,62193.6,62177.8,62189.8,206
2025-03-13 13:25:00+05:30,62195.2,62199.0,62191.6,62198.2,553
2025-03-13 13:30:00+05:30,62199.2,62203.4,62197.6,62199.8,405
2025-03-13 13:35:00+05:30,62203.7,62212.1,62200.0,62208.4,528
2025-03-13 13:40:00+05:30,62204.8,62213.4,62204.8,62206.8,878
2025-03-13 13:45:00+05:30,62207.8,62212.8,62203.9,62210.8,598
2025-03-13 13:50:00+05:30,62217.9,62223.6,62209.8,62213.6,616
2025-03-13 13:55:00+05:30,62210.3,62216.9,62202.7,62205.7,632
2025-03-13 14:00:00+05:30,62205.5,62207.4,62200.1,62206.5,595
2025-03-13 14:05:00+05:30,62210.5,62215.7,62201.9,62202.0,530
2025-03-13 14:10:00+05:30,62196.7,62199.5,62192.0,62198.3,559
2025-03-13 14:15:00+05:30,62190.2,62191.5,62174.8,62178.0,430
2025-03-13 14:20:00+05:30,62176.9,62186.1,62167.9,62182.7,660
2025-03-13 14:25:00+05:30,62179.5,62179.6,62173.4,62175.4,424
2025-03-13 14:30:00+05:30,62169.2,62180.2,62160.2,62180.0,581
2025-03-13 14:35:00+05:30,62173.6,62173.9,62169.3,62171.9,481
2025-03-13 14:40:00+05:30,62174.5,62175.6,62161.6,62163.8,466
2025-03-13 14:45:00+05:30,62166.5,62166.5,62139.3,62145.9,225
2025-03-13 14:50:00+05:30,62149.1,62151.2,62133.6,62137.6,395
2025-03-13 14:55:00+05:30,62137.8,62147.8,62137.6,62145.6,457
2025-03-13 15:00:00+05:30,62151.9,62154.2,62151.8,62152.7,440
2025-03-13 15:05:00+05:30,62160.0,62180.2,62157.6,62173.1,640
2025-03-13 15:10:00+05:30,62170.2,62177.8,62159.0,62165.6,426
2025-03-13 15:15:00+05:30,62170.3,62179.6,62166.0,62174.6,623
2025-03-13 15:20:00+05:30,62178.3,62185.9,62176.3,62178.0,499
2025-03-13 15:25:00+05:30,62177.4,62185.1,62161.8,62168.2,515
2025-03-13 15:30:00+05:30,62180.5,62191.6,62180.2,62190.4,330
2025-03-13 15:35:00+05:30,62197.9,62210.7,62196.5,62207.9,417
2025-03-13 15:40:00+05:30,62204.1,62204.4,62178.7,62180.2,1559
2025-03-13 15:45:00+05:30,62189.3,62202.7,62186.4,62194.6,627
2025-03-13 15:50:00+05:30,62203.3,62220.5,62199.2,62218.2,493
2025-03-13 15:55:00+05:30,62227.4,62230.3,62213.5,62219.1,635
2025-03-13 16:00:00+05:30,62218.1,62233.9,62214.3,62232.9,517
2025-03-13 16:05:00+05:30,62231.3,62231.9,62227.4,62230.0,612
2025-03-13 16:10:00+05:30,62228.2,62232.4,62224.7,62225.7,702
2025-03-13 16:15:00+05:30,62222.1,62239.5,62218.0,62238.0,373
2025-03-13 16:20:00+05:30,62240.0,62242.6,62234.6,62238.0,406
2025-03-13 16:25:00+05:30,62244.1,62265.9,62241.3,62258.5,477
2025-03-13 16:30:00+05:30,62263.0,62264.7,62253.3,62261.0,563
2025-03-13 16:35:00+05:30,62254.3,62259.1,62250.4,62257.9,633
2025-03-13 16:40:00+05:30,62271.1,62282.0,62269.2,62274.4,626
2025-03-13 16:45:00+05:30,62275.7,62276.2,62267.7,62271.8,703
2025-03-13 16:50:00+05:30,62268.7,62276.1,62252.5,62256.0,296
2025-03-13 16:55:00+05:30,62254.3,62258.5,62244.2,62248.3,569
2025-03-13 17:00:00+05:30,62244.5,62246.7,62244.5,62244.8,603
2025-03-14 09:00:00+05:30,62244.6,62260.5,62244.6,62257.1,629
2025-03-14 09:05:00+05:30,62263.6,62272.2,62258.2,62267.1,484
2025-03-14 09:10:00+05:30,62270.0,62296.5,62269.9,62289.2,571
2025-03-14 09:15:00+05:30,62299.6,62313.1,62293.5,62306.7,761
2025-03-14 09:20:00+05:30,62296.9,62298.8,62291.7,62295.7,368
2025-03-14 09:25:00+05:30,62302.3,62316.1,62297.7,62314.3,635
2025-03-14 09:30:00+05:30,62315.2,62323.9,62312.3,62319.0,430
2025-03-14 09:35:00+05:30,62316.4,62323.2,62314.4,62319.4,625
2025-03-14 09:40:00+05:30,62325.9,62331.9,62312.8,62316.7,453
2025-03-14 09:45:00+05:30,62324.8,62331.6,62311.7,62316.8,385
2025-03-14 09:50:00+05:30,62306.8,62306.9,62306.1,62306.2,337
2025-03-14 09:55:00+05:30,62307.7,62320.8,62302.6,62312.7,703
2025-03-14 10:00:00+05:30,62312.6,62315.9,62294.0,62302.0,544
2025-03-14 10:05:00+05:30,62305.7,62308.9,62280.6,62285.7,1414
2025-03-14 10:10:00+05:30,62282.6,62284.0,62282.0,62283.5,445
2025-03-14 10:15:00+05:30,62280.6,62285.0,62275.0,62276.1,517
2025-03-14 10:20:00+05:30,62278.8,62291.7,62262.6,62267.9,652
2025-03-14 10:25:00+05:30,62257.9,62265.7,62252.4,62263.2,695
2025-03-14 10:30:00+05:30,62266.1,62271.1,62262.9,62269.8,421
2025-03-14 10:35:00+05:30,62273.0,62286.2,62269.1,62284.3,557
2025-03-14 10:40:00+05:30,62279.5,62285.7,62274.7,62285.3,562
2025-03-14 10:45:00+05:30,62279.2,62280.8,62260.6,62267.3,768
2025-03-14 10:50:00+05:30,62273.5,62280.2,62268.0,62273.4,517
2025-03-14 10:55:00+05:30,62268.0,62275.1,62265.8,62266.4,545
2025-03-14 11:00:00+05:30,62265.4,62265.6,62255.6,62260.8,453
2025-03-14 11:05:00+05:30,62262.0,62265.2,62259.2,62265.0,634
2025-03-14 11:10:00+05:30,62260.2,62260.6,62246.5,62249.5,701
2025-03-14 11:15:00+05:30,62251.8,62251.8,62244.7,62249.6,499
2025-03-14 11:20:00+05:30,62248.0,62254.3,62243.4,62248.8,674
2025-03-14 11:25:00+05:30,62244.7,62249.2,62240.3,62245.5,430
2025-03-14 11:30:00+05:30,62241.0,62244.2,62240.9,62242.2,727
2025-03-14 11:35:00+05:30,62238.1,62244.0,62235.2,62235.5,729
2025-03-14 11:40:00+05:30,62242.7,62248.2,62236.9,62245.9,390
2025-03-14 11:45:00+05:30,62252.3,62277.6,62250.3,62271.7,458
2025-03-14 11:50:00+05:30,62268.6,62274.4,62268.5,62271.7,680
2025-03-14 11:55:00+05:30,62275.9,62280.0,62273.6,62279.5,645
2025-03-14 12:00:00+05:30,62280.2,62280.4,62267.4,62271.6,532
2025-03-14 12:05:00+05:30,62266.8,62276.5,62258.9,62266.1,677
2025-03-14 12:10:00+05:30,62261.8,62272.1,62259.4,62269.6,486
2025-03-14 12:15:00+05:30,62271.0,62274.4,62263.6,62272.5,509
2025-03-14 12:20:00+05:30,62272.5,62292.3,62268.7,62290.2,677
2025-03-14 12:25:00+05:30,62292.1,62300.0,62288.4,62289.8,632
2025-03-14 12:30:00+05:30,62290.2,62301.4,62284.3,62297.9,462
2025-03-14 12:35:00+05:30,62302.0,62305.0,62296.5,62297.9,595
2025-03-14 12:40:00+05:30,62294.4,62295.4,62269.5,62274.5,1071
2025-03-14 12:45:00+05:30,62266.8,62273.1,62265.1,62266.6,751
2025-03-14 12:50:00+05:30,62266.8,62267.6,62257.5,62258.5,609
2025-03-14 12:55:00+05:30,62263.9,62267.0,62261.8,62264.9,716
2025-03-14 13:00:00+05:30,62263.7,62275.5,62258.3,62273.6,531
2025-03-14 13:05:00+05:30,62259.9,62263.3,62259.3,62260.8,539
2025-03-14 13:10:00+05:30,62261.1,62261.8,62243.6,62244.9,1409
2025-03-14 13:15:00+05:30,62240.8,62242.6,62231.1,62231.7,2437
2025-03-14 13:20:00+05:30,62236.8,62255.2,62235.0,62248.3,435
2025-03-14 13:25:00+05:30,62245.7,62254.6,62232.2,62235.1,386
2025-03-14 13:30:00+05:30,62236.0,62239.7,62234.1,62236.4,587
2025-03-14 13:35:00+05:30,62238.4,62239.3,62230.8,62233.9,782
2025-03-14 13:40:00+05:30,62240.5,62247.0,62230.8,62238.0,741
2025-03-14 13:45:00+05:30,62234.6,62241.8,62229.9,62232.9,577
2025-03-14 13:50:00+05:30,62234.2,62236.4,62218.7,62223.0,621
2025-03-14 13:55:00+05:30,62208.8,62221.0,62206.8,62216.8,613
2025-03-14 14:00:00+05:30,62219.6,62235.1,62218.2,62233.4,632
2025-03-14 14:05:00+05:30,62227.1,62238.9,62219.6,62236.8,498
2025-03-14 14:10:00+05:30,62227.4,62238.1,62220.1,62221.4,710
2025-03-14 14:15:00+05:30,62216.0,62226.3,62214.1,62218.1,864
2025-03-14 14:20:00+05:30,62228.9,62230.3,62226.3,62229.0,567
2025-03-14 14:25:00+05:30,62231.9,62235.1,62214.6,62217.4,699
2025-03-14 14:30:00+05:30,62219.1,62226.2,62213.4,62222.3,519
2025-03-14 14:35:00+05:30,62223.5,62228.5,62206.6,62206.6,702
2025-03-14 14:40:00+05:30,62202.6,62208.2,62199.1,62206.8,554
2025-03-14 14:45:00+05:30,62215.4,62229.1,62213.8,62225.3,541
2025-03-14 14:50:00+05:30,62220.0,62231.8,62216.2,62227.0,589
2025-03-14 14:55:00+05:30,62221.0,62223.6,62215.0,62215.6,391
2025-03-14 15:00:00+05:30,62226.1,62245.2,62222.5,62242.6,526
2025-03-14 15:05:00+05:30,62247.7,62263.4,62242.4,62259.4,467
2025-03-14 15:10:00+05:30,62256.2,62258.5,62248.3,62250.8,597
2025-03-14 15:15:00+05:30,62252.3,62253.1,62240.9,62246.9,303
2025-03-14 15:20:00+05:30,62253.0,62255.2,62247.7,62253.6,721
2025-03-14 15:25:00+05:30,62255.4,62257.2,62250.9,62255.3,611
2025-03-14 15:30:00+05:30,62252.8,62266.7,62243.0,62266.5,516
2025-03-14 15:35:00+05:30,62265.7,62267.4,62253.1,62254.3,523
2025-03-14 15:40:00+05:30,62253.8,62254.7,62252.7,62252.7,622
2025-03-14 15:45:00+05:30,62259.5,62260.5,62245.4,62255.1,576
2025-03-14 15:50:00+05:30,62247.6,62248.0,62239.7,62241.8,658
2025-03-14 15:55:00+05:30,62246.7,62248.6,62238.6,62238.7,595
2025-03-14 16:00:00+05:30,62233.0,62234.2,62221.2,62223.2,565
2025-03-14 16:05:00+05:30,62218.9,62223.2,62217.5,62222.9,684
2025-03-14 16:10:00+05:30,62213.7,62218.0,62213.2,62214.1,202
2025-03-14 16:15:00+05:30,62218.4,62223.1,62209.7,62217.5,719
2025-03-14 16:20:00+05:30,62215.9,62217.8,62194.6,62200.1,660
2025-03-14 16:25:00+05:30,62199.7,62204.7,62191.1,62191.2,592
2025-03-14 16:30:00+05:30,62192.3,62197.6,62185.3,62190.7,792
2025-03-14 16:35:00+05:30,62195.9,62214.2,62191.7,62210.0,531
2025-03-14 16:40:00+05:30,62208.3,62208.3,62199.7,62200.1,681
2025-03-14 16:45:00+05:30,62188.7,62198.1,62188.6,62191.8,699
2025-03-14 16:50:00+05:30,62195.2,62196.1,62188.2,62189.2,638
2025-03-14 16:55:00+05:30,62180.4,62185.9,62180.0,62184.2,692
2025-03-14 17:00:00+05:30,62185.9,62186.9,62181.7,62183.1,852
2025-03-17 09:00:00+05:30,62186.4,62201.9,62185.1,62192.5,863
2025-03-17 09:05:00+05:30,62192.3,62194.0,62181.4,62184.8,873
2025-03-17 09:10:00+05:30,62196.4,62199.0,62186.6,62189.6,631
2025-03-17 09:15:00+05:30,62186.5,62196.3,62182.3,62193.5,918
2025-03-17 09:20:00+05:30,62200.9,62203.1,62189.2,62190.0,780
2025-03-17 09:25:00+05:30,62184.0,62184.3,62177.6,62179.7,628
2025-03-17 09:30:00+05:30,62178.2,62193.9,62174.9,62189.8,906
2025-03-17 09:35:00+05:30,62191.3,62197.6,62191.0,62195.9,672
2025-03-17 09:40:00+05:30,62193.7,62194.6,62190.3,62193.9,985
2025-03-17 09:45:00+05:30,62194.2,62200.2,62182.2,62182.4,718
2025-03-17 09:50:00+05:30,62183.0,62187.7,62174.6,62177.1,848
2025-03-17 09:55:00+05:30,62172.7,62175.9,62169.8,62171.8,660
2025-03-17 10:00:00+05:30,62166.0,62166.6,62156.0,62160.7,638
2025-03-17 10:05:00+05:30,62168.9,62189.0,62166.3,62187.2,735
2025-03-17 10:10:00+05:30,62192.4,62206.5,62189.1,62203.3,800
2025-03-17 10:15:00+05:30,62201.4,62219.3,62192.7,62214.5,819
2025-03-17 10:20:00+05:30,62214.9,62217.1,62209.1,62209.4,714
2025-03-17 10:25:00+05:30,62208.1,62213.2,62192.4,62197.6,954
2025-03-17 10:30:00+05:30,62201.1,62203.3,62196.4,62201.2,802
2025-03-17 10:35:00+05:30,62201.0,62208.6,62197.3,62205.8,759
2025-03-17 10:40:00+05:30,62205.0,62206.4,62201.2,62202.8,815
2025-03-17 10:45:00+05:30,62213.9,62221.7,62211.4,62218.5,873
2025-03-17 10:50:00+05:30,62212.4,62232.9,62207.5,62230.3,779
2025-03-17 10:55:00+05:30,62230.4,62230.6,62217.5,62220.8,712
2025-03-17 11:00:00+05:30,62218.0,62221.3,62212.1,62215.7,676
2025-03-17 11:05:00+05:30,62210.7,62214.3,62207.5,62211.7,827
2025-03-17 11:10:00+05:30,62203.5,62209.6,62195.9,62204.8,994
2025-03-17 11:15:00+05:30,62195.0,62199.4,62193.8,62196.1,791
2025-03-17 11:20:00+05:30,62197.3,62226.2,62197.1,62221.2,788
2025-03-17 11:25:00+05:30,62222.7,62228.8,62217.1,62227.1,912
2025-03-17 11:30:00+05:30,62218.6,62224.1,62214.9,62220.0,670
2025-03-17 11:35:00+05:30,62220.1,62226.9,62203.1,62223.2,660
2025-03-17 11:40:00+05:30,62222.0,62231.6,62220.7,62227.2,702
2025-03-17 11:45:00+05:30,62217.9,62220.1,62205.9,62207.2,689
2025-03-17 11:50:00+05:30,62202.5,62210.3,62198.5,62209.9,490
2025-03-17 11:55:00+05:30,62207.0,62212.4,62203.2,62204.7,813
2025-03-17 12:00:00+05:30,62204.9,62205.2,62190.7,62192.2,886
2025-03-17 12:05:00+05:30,62189.0,62190.1,62180.0,62183.9,495
2025-03-17 12:10:00+05:30,62183.6,62185.8,62179.0,62182.4,700
2025-03-17 12:15:00+05:30,62184.8,62185.9,62179.9,62184.8,808
2025-03-17 12:20:00+05:30,62185.7,62195.3,62182.2,62192.5,725
2025-03-17 12:25:00+05:30,62192.3,62193.3,62190.8,62193.0,952
2025-03-17 12:30:00+05:30,62192.5,62198.7,62190.1,62193.2,638
2025-03-17 12:35:00+05:30,62195.7,62202.9,62192.8,62199.6,584
2025-03-17 12:40:00+05:30,62203.1,62210.8,62195.1,62195.7,685
2025-03-17 12:45:00+05:30,62196.2,62202.9,62192.7,62193.1,824
2025-03-17 12:50:00+05:30,62189.5,62193.8,62182.6,62185.6,575
2025-03-17 12:55:00+05:30,62178.4,62193.8,62175.3,62186.9,801
2025-03-17 13:00:00+05:30,62184.1,62194.0,62178.3,62193.6,608
2025-03-17 13:05:00+05:30,62200.8,62216.5,62200.2,62212.2,582
2025-03-17 13:10:00+05:30,62206.2,62211.8,62200.3,62205.9,695
2025-03-17 13:15:00+05:30,62198.9,62209.3,62197.4,62208.4,702
2025-03-17 13:20:00+05:30,62201.2,62224.6,62197.9,62217.7,543
2025-03-17 13:25:00+05:30,62216.8,62225.3,62212.2,62221.9,907
2025-03-17 13:30:00+05:30,62225.5,62229.2,62214.0,62223.4,842
2025-03-17 13:35:00+05:30,62223.9,62237.0,62220.0,62233.8,709
2025-03-17 13:40:00+05:30,62227.5,62229.0,62225.7,62228.4,655
2025-03-17 13:45:00+05:30,62227.7,62228.6,62222.9,62225.7,793
2025-03-17 13:50:00+05:30,62225.0,62225.1,62217.8,62222.5,596
2025-03-17 13:55:00+05:30,62219.0,62231.0,62202.8,62209.7,821
2025-03-17 14:00:00+05:30,62208.0,62213.1,62204.8,62211.4,776
2025-03-17 14:05:00+05:30,62211.6,62224.0,62207.5,62223.4,794
2025-03-17 14:10:00+05:30,62222.5,62226.7,62221.7,62222.1,608
2025-03-17 14:15:00+05:30,62218.1,62231.4,62217.4,62231.1,1966
2025-03-17 14:20:00+05:30,62240.6,62241.7,62232.3,62234.3,806
2025-03-17 14:25:00+05:30,62242.5,62246.9,62223.1,62225.8,648
2025-03-17 14:30:00+05:30,62223.0,62225.5,62213.1,62216.7,764
2025-03-17 14:35:00+05:30,62208.4,62214.4,62204.5,62209.0,926
2025-03-17 14:40:00+05:30,62214.5,62216.9,62205.8,62211.1,658
2025-03-17 14:45:00+05:30,62222.2,62226.5,62221.5,62226.1,502
2025-03-17 14:50:00+05:30,62222.9,62223.4,62209.4,62223.3,812
2025-03-17 14:55:00+05:30,62225.3,62225.5,62223.1,62223.8,786
2025-03-17 15:00:00+05:30,62225.5,62243.2,62224.0,62240.3,957
2025-03-17 15:05:00+05:30,62245.9,62247.9,62241.9,62247.0,816
2025-03-17 15:10:00+05:30,62248.0,62253.1,62233.0,62240.0,978
2025-03-17 15:15:00+05:30,62237.3,62253.4,62237.0,62246.7,2218
2025-03-17 15:20:00+05:30,62245.5,62249.7,62243.6,62249.6,851
2025-03-17 15:25:00+05:30,62254.8,62256.9,62247.5,62251.6,877
2025-03-17 15:30:00+05:30,62252.7,62265.8,62248.9,62259.8,720
2025-03-17 15:35:00+05:30,62258.2,62258.5,62255.3,62255.6,882
2025-03-17 15:40:00+05:30,62255.1,62255.3,62252.3,62252.5,1056
2025-03-17 15:45:00+05:30,62246.9,62248.0,62237.4,62238.3,685
2025-03-17 15:50:00+05:30,62240.5,62252.9,62232.0,62248.0,836
2025-03-17 15:55:00+05:30,62249.5,62249.7,62244.1,62249.0,877
2025-03-17 16:00:00+05:30,62253.5,62253.5,62234.8,62242.0,1037
2025-03-17 16:05:00+05:30,62237.8,62246.8,62233.3,62233.6,882
2025-03-17 16:10:00+05:30,62226.4,62228.9,62202.3,62211.5,784
2025-03-17 16:15:00+05:30,62203.0,62206.1,62196.1,62200.4,746
2025-03-17 16:20:00+05:30,62205.4,62211.3,62201.9,62208.6,726
2025-03-17 16:25:00+05:30,62205.0,62217.9,62202.0,62210.0,1031
2025-03-17 16:30:00+05:30,62213.7,62218.1,62206.0,62207.1,745
2025-03-17 16:35:00+05:30,62213.2,62214.4,62210.2,62214.1,595
2025-03-17 16:40:00+05:30,62218.6,62224.4,62210.2,62219.1,861
2025-03-17 16:45:00+05:30,62221.5,62221.7,62217.0,62219.4,744
2025-03-17 16:50:00+05:30,62217.8,62220.2,62212.4,62215.1,617
2025-03-17 16:55:00+05:30,62212.0,62217.8,62210.5,62212.1,1013
2025-03-17 17:00:00+05:30,62211.1,62211.6,62209.6,62210.9,634
2025-03-18 09:00:00+05:30,62217.1,62217.7,62195.6,62201.7,657
2025-03-18 09:05:00+05:30,62190.8,62208.4,62190.7,62198.3,688
2025-03-18 09:10:00+05:30,62188.7,62193.0,62179.9,62184.5,759
2025-03-18 09:15:00+05:30,62191.2,62192.7,62185.7,62187.1,368
2025-03-18 09:20:00+05:30,62175.1,62181.0,62169.2,62171.0,512
2025-03-18 09:25:00+05:30,62176.2,62177.9,62167.4,62171.3,743
2025-03-18 09:30:00+05:30,62167.7,62177.7,62144.4,62152.3,779
2025-03-18 09:35:00+05:30,62149.3,62156.1,62145.4,62152.5,781
2025-03-18 09:40:00+05:30,62145.8,62155.7,62137.9,62153.5,469
2025-03-18 09:45:00+05:30,62154.8,62161.1,62153.8,62156.1,550
2025-03-18 09:50:00+05:30,62162.0,62163.2,62158.4,62160.3,466
2025-03-18 09:55:00+05:30,62157.1,62165.5,62154.1,62159.4,461
2025-03-18 10:00:00+05:30,62170.2,62175.2,62169.5,62174.7,600
2025-03-18 10:05:00+05:30,62175.3,62186.8,62169.2,62183.1,555
2025-03-18 10:10:00+05:30,62185.3,62195.7,62183.4,62188.7,345
2025-03-18 10:15:00+05:30,62184.9,62190.4,62182.7,62187.3,762
2025-03-18 10:20:00+05:30,62181.8,62191.5,62174.8,62189.9,511
2025-03-18 10:25:00+05:30,62191.9,62192.4,62173.0,62183.2,797
2025-03-18 10:30:00+05:30,62177.2,62191.6,62173.2,62187.5,934
2025-03-18 10:35:00+05:30,62194.6,62205.4,62193.5,62203.2,491
2025-03-18 10:40:00+05:30,62196.7,62206.8,62194.7,62202.3,519
2025-03-18 10:45:00+05:30,62196.9,62201.8,62193.6,62198.2,671
2025-03-18 10:50:00+05:30,62196.4,62201.1,62181.5,62183.2,853
2025-03-18 10:55:00+05:30,62184.1,62185.0,62166.7,62180.6,564
2025-03-18 11:00:00+05:30,62181.2,62198.3,62173.4,62190.5,646
2025-03-18 11:05:00+05:30,62196.0,62201.7,62186.3,62197.1,825
2025-03-18 11:10:00+05:30,62193.4,62199.3,62187.2,62189.2,683
2025-03-18 11:15:00+05:30,62181.6,62193.2,62178.9,62188.8,601
2025-03-18 11:20:00+05:30,62191.5,62208.6,62190.2,62207.3,584
2025-03-18 11:25:00+05:30,62196.9,62200.1,62196.9,62198.0,598
2025-03-18 11:30:00+05:30,62199.5,62202.8,62198.2,62200.9,653
2025-03-18 11:35:00+05:30,62204.3,62215.1,62200.1,62208.2,570
2025-03-18 11:40:00+05:30,62200.5,62227.1,62194.6,62217.2,657
2025-03-18 11:45:00+05:30,62229.5,62243.0,62227.8,62233.6,670
2025-03-18 11:50:00+05:30,62231.1,62237.0,62208.0,62209.9,338
2025-03-18 11:55:00+05:30,62212.6,62215.9,62207.6,62210.0,566
2025-03-18 12:00:00+05:30,62214.8,62215.8,62195.6,62197.6,626
2025-03-18 12:05:00+05:30,62206.1,62218.3,62205.8,62216.9,698
2025-03-18 12:10:00+05:30,62212.0,62213.1,62199.1,62203.6,372
2025-03-18 12:15:00+05:30,62206.1,62221.4,62205.6,62218.5,624
2025-03-18 12:20:00+05:30,62214.2,62221.6,62211.1,62216.8,581
2025-03-18 12:25:00+05:30,62207.8,62210.1,62187.9,62187.9,2161
2025-03-18 12:30:00+05:30,62180.0,62182.2,62176.9,62179.2,624
2025-03-18 12:35:00+05:30,62173.9,62185.8,62167.8,62183.4,1163
2025-03-18 12:40:00+05:30,62179.2,62180.5,62159.5,62162.3,635
2025-03-18 12:45:00+05:30,62165.6,62166.5,62160.2,62164.8,339
2025-03-18 12:50:00+05:30,62159.9,62161.8,62144.0,62146.3,722
2025-03-18 12:55:00+05:30,62145.1,62149.3,62138.5,62142.0,751
2025-03-18 13:00:00+05:30,62151.7,62154.7,62144.5,62146.4,673
2025-03-18 13:05:00+05:30,62144.3,62156.2,62144.0,62153.7,809
2025-03-18 13:10:00+05:30,62150.9,62161.2,62147.3,62159.1,447
2025-03-18 13:15:00+05:30,62157.4,62178.8,62157.3,62175.6,640
2025-03-18 13:20:00+05:30,62179.8,62185.2,62167.6,62172.9,630
2025-03-18 13:25:00+05:30,62173.2,62187.9,62172.5,62181.1,433
2025-03-18 13:30:00+05:30,62172.4,62175.4,62169.4,62173.7,753
2025-03-18 13:35:00+05:30,62184.4,62197.1,62180.7,62191.5,778
2025-03-18 13:40:00+05:30,62185.7,62188.3,62180.0,62188.0,473
2025-03-18 13:45:00+05:30,62189.7,62203.2,62186.5,62201.6,404
2025-03-18 13:50:00+05:30,62204.0,62207.2,62196.3,62200.8,584
2025-03-18 13:55:00+05:30,62197.2,62199.4,62188.2,62193.9,615
2025-03-18 14:00:00+05:30,62193.4,62195.1,62173.3,62180.9,1249
2025-03-18 14:05:00+05:30,62179.3,62191.3,62172.5,62187.8,560
2025-03-18 14:10:00+05:30,62176.8,62191.1,62172.1,62185.8,746
2025-03-18 14:15:00+05:30,62189.6,62194.9,62186.3,62187.3,717
2025-03-18 14:20:00+05:30,62185.5,62190.0,62184.1,62185.3,837
2025-03-18 14:25:00+05:30,62179.0,62193.6,62175.7,62192.1,664
2025-03-18 14:30:00+05:30,62180.1,62198.0,62176.0,62188.9,617
2025-03-18 14:35:00+05:30,62189.9,62198.3,62188.8,62198.2,654
2025-03-18 14:40:00+05:30,62201.8,62204.1,62188.9,62191.3,757
2025-03-18 14:45:00+05:30,62204.8,62207.8,62199.7,62206.2,739
2025-03-18 14:50:00+05:30,62201.7,62207.2,62197.3,62199.1,499
2025-03-18 14:55:00+05:30,62207.6,62209.8,62202.5,62205.7,195
2025-03-18 15:00:00+05:30,62200.6,62206.8,62191.9,62197.7,665
2025-03-18 15:05:00+05:30,62198.0,62207.7,62192.2,62203.8,792
2025-03-18 15:10:00+05:30,62199.4,62199.9,62197.1,62197.3,484
2025-03-18 15:15:00+05:30,62192.8,62220.5,62192.0,62218.9,1738
2025-03-18 15:20:00+05:30,62220.2,62226.6,62215.5,62221.6,606
2025-03-18 15:25:00+05:30,62219.6,62220.7,62209.8,62214.4,476
2025-03-18 15:30:00+05:30,62210.9,62214.1,62209.1,62211.5,1170
2025-03-18 15:35:00+05:30,62221.1,62242.3,62218.6,62238.5,866
2025-03-18 15:40:00+05:30,62227.1,62244.3,62219.6,62241.9,443
2025-03-18 15:45:00+05:30,62236.7,62244.6,62222.3,62230.9,623
2025-03-18 15:50:00+05:30,62236.3,62245.2,62220.8,62231.8,597
2025-03-18 15:55:00+05:30,62231.9,62242.0,62226.4,62238.4,628
2025-03-18 16:00:00+05:30,62238.2,62244.5,62231.4,62236.1,559
2025-03-18 16:05:00+05:30,62232.9,62233.2,62220.1,62222.1,521
2025-03-18 16:10:00+05:30,62219.9,62225.4,62206.9,62207.7,709
2025-03-18 16:15:00+05:30,62202.0,62206.1,62190.5,62197.8,613
2025-03-18 16:20:00+05:30,62207.9,62209.2,62201.2,62202.9,638
2025-03-18 16:25:00+05:30,62200.6,62203.3,62195.0,62195.6,711
2025-03-18 16:30:00+05:30,62194.4,62202.8,62188.6,62199.4,644
2025-03-18 16:35:00+05:30,62204.8,62230.2,62202.2,62219.7,637
2025-03-18 16:40:00+05:30,62225.3,62228.1,62221.3,62226.0,463
2025-03-18 16:45:00+05:30,62222.6,62226.3,62220.0,62225.7,484
2025-03-18 16:50:00+05:30,62222.3,62225.0,62210.8,62216.3,464
2025-03-18 16:55:00+05:30,62220.5,62228.0,62219.8,62221.9,654
2025-03-18 17:00:00+05:30,62222.2,62226.0,62220.3,62225.9,525
2025-03-19 09:00:00+05:30,62221.8,62225.9,62217.0,62218.9,873
2025-03-19 09:05:00+05:30,62216.2,62229.7,62216.2,62226.7,785
2025-03-19 09:10:00+05:30,62217.5,62219.4,62204.6,62210.9,705
2025-03-19 09:15:00+05:30,62228.4,62238.1,62225.1,62233.8,838
2025-03-19 09:20:00+05:30,62231.8,62241.5,62230.2,62235.8,852
2025-03-19 09:25:00+05:30,62230.8,62232.2,62223.8,62225.1,856
2025-03-19 09:30:00+05:30,62234.7,62248.4,62233.3,62247.5,731
2025-03-19 09:35:00+05:30,62250.4,62252.0,62247.4,62248.8,803
2025-03-19 09:40:00+05:30,62249.5,62252.5,62244.6,62244.6,726
2025-03-19 09:45:00+05:30,62250.9,62258.3,62245.3,62247.8,696
2025-03-19 09:50:00+05:30,62243.5,62260.2,62241.3,62259.3,798
2025-03-19 09:55:00+05:30,62257.9,62259.2,62246.4,62250.5,652
2025-03-19 10:00:00+05:30,62254.1,62255.9,62243.1,62250.6,907
2025-03-19 10:05:00+05:30,62257.9,62268.0,62255.7,62267.0,836
2025-03-19 10:10:00+05:30,62267.7,62283.0,62266.7,62276.6,637
2025-03-19 10:15:00+05:30,62286.5,62296.9,62285.2,62289.7,685
2025-03-19 10:20:00+05:30,62281.8,62283.7,62279.5,62281.8,782
2025-03-19 10:25:00+05:30,62278.5,62280.5,62269.1,62272.8,786
2025-03-19 10:30:00+05:30,62282.1,62307.4,62280.0,62304.9,652
2025-03-19 10:35:00+05:30,62305.2,62313.9,62304.4,62312.4,867
2025-03-19 10:40:00+05:30,62304.8,62322.4,62301.9,62317.4,743
2025-03-19 10:45:00+05:30,62312.7,62319.8,62308.9,62311.1,822
2025-03-19 10:50:00+05:30,62310.5,62315.6,62290.8,62293.3,684
2025-03-19 10:55:00+05:30,62285.9,62285.9,62276.5,62280.1,929
2025-03-19 11:00:00+05:30,62282.0,62282.2,62266.8,62270.6,786
2025-03-19 11:05:00+05:30,62275.6,62278.5,62273.5,62277.5,620
2025-03-19 11:10:00+05:30,62283.5,62299.9,62283.2,62295.6,606
2025-03-19 11:15:00+05:30,62297.2,62304.8,62286.1,62293.0,789
2025-03-19 11:20:00+05:30,62293.8,62295.5,62291.8,62293.1,832
2025-03-19 11:25:00+05:30,62285.2,62288.6,62277.5,62279.7,785
2025-03-19 11:30:00+05:30,62277.2,62282.3,62271.5,62273.3,922
2025-03-19 11:35:00+05:30,62279.0,62281.2,62273.4,62275.1,846
2025-03-19 11:40:00+05:30,62279.1,62280.3,62265.0,62268.8,910
2025-03-19 11:45:00+05:30,62275.0,62281.8,62270.9,62272.0,871
2025-03-19 11:50:00+05:30,62268.8,62272.3,62258.9,62261.1,567
2025-03-19 11:55:00+05:30,62261.4,62262.7,62257.8,62260.6,726
2025-03-19 12:00:00+05:30,62264.8,62277.5,62263.5,62264.8,847
2025-03-19 12:05:00+05:30,62262.8,62279.3,62255.8,62275.3,672
2025-03-19 12:10:00+05:30,62272.2,62272.7,62252.6,62260.1,810
2025-03-19 12:15:00+05:30,62265.4,62271.4,62262.9,62264.2,896
2025-03-19 12:20:00+05:30,62273.3,62279.6,62267.9,62273.3,825
2025-03-19 12:25:00+05:30,62272.2,62274.6,62263.5,62265.7,600
2025-03-19 12:30:00+05:30,62270.9,62285.5,62264.8,62282.6,668
2025-03-19 12:35:00+05:30,62291.0,62295.2,62283.7,62286.2,858
2025-03-19 12:40:00+05:30,62285.0,62290.8,62273.2,62275.9,609
2025-03-19 12:45:00+05:30,62275.4,62278.0,62270.8,62271.8,934
2025-03-19 12:50:00+05:30,62277.9,62283.9,62267.0,62270.3,659
2025-03-19 12:55:00+05:30,62272.8,62273.3,62268.6,62270.7,592
2025-03-19 13:00:00+05:30,62263.4,62271.0,62256.2,62258.8,592
2025-03-19 13:05:00+05:30,62252.1,62252.7,62247.8,62251.0,782
2025-03-19 13:10:00+05:30,62253.3,62256.0,62239.7,62245.7,942
2025-03-19 13:15:00+05:30,62251.5,62256.5,62251.3,62255.2,998
2025-03-19 13:20:00+05:30,62256.6,62262.4,62235.7,62243.0,869
2025-03-19 13:25:00+05:30,62243.4,62245.1,62226.7,62232.6,759
2025-03-19 13:30:00+05:30,62235.3,62249.2,62225.4,62248.0,1029
2025-03-19 13:35:00+05:30,62249.0,62250.8,62248.8,62249.8,802
2025-03-19 13:40:00+05:30,62265.3,62270.7,62257.9,62270.5,666
2025-03-19 13:45:00+05:30,62267.2,62272.1,62257.8,62270.4,623
2025-03-19 13:50:00+05:30,62268.9,62290.2,62268.0,62284.9,757
2025-03-19 13:55:00+05:30,62294.7,62312.6,62288.5,62311.5,918
2025-03-19 14:00:00+05:30,62312.1,62326.7,62305.9,62324.7,2591
2025-03-19 14:05:00+05:30,62316.7,62321.0,62313.7,62318.6,619
2025-03-19 14:10:00+05:30,62318.9,62321.2,62311.7,62311.9,757
2025-03-19 14:15:00+05:30,62320.5,62329.1,62315.0,62326.3,568
2025-03-19 14:20:00+05:30,62331.8,62340.6,62328.6,62340.2,918
2025-03-19 14:25:00+05:30,62338.0,62339.7,62328.0,62330.2,746
2025-03-19 14:30:00+05:30,62328.9,62340.7,62324.5,62335.2,664
2025-03-19 14:35:00+05:30,62337.1,62340.8,62322.7,62328.6,844
2025-03-19 14:40:00+05:30,62323.1,62325.1,62315.8,62316.0,687
2025-03-19 14:45:00+05:30,62317.7,62326.1,62311.0,62323.4,776
2025-03-19 14:50:00+05:30,62319.9,62323.4,62311.9,62321.2,742
2025-03-19 14:55:00+05:30,62324.8,62333.5,62309.5,62313.4,911
2025-03-19 15:00:00+05:30,62307.9,62314.0,62295.9,62298.2,750
2025-03-19 15:05:00+05:30,62305.9,62320.3,62300.9,62313.4,929
2025-03-19 15:10:00+05:30,62308.8,62313.2,62299.9,62306.0,794
2025-03-19 15:15:00+05:30,62304.3,62320.4,62303.6,62315.1,731
2025-03-19 15:20:00+05:30,62324.8,62325.8,62308.6,62313.2,803
2025-03-19 15:25:00+05:30,62314.3,62321.8,62313.9,62317.3,839
2025-03-19 15:30:00+05:30,62312.6,62316.5,62304.9,62308.3,676
2025-03-19 15:35:00+05:30,62306.0,62311.5,62299.9,62300.4,714
2025-03-19 15:40:00+05:30,62302.4,62314.1,62301.8,62309.0,767
2025-03-19 15:45:00+05:30,62310.0,62315.9,62303.8,62303.9,859
2025-03-19 15:50:00+05:30,62306.3,62306.3,62289.1,62298.3,985
2025-03-19 15:55:00+05:30,62296.1,62298.0,62278.0,62278.3,756
2025-03-19 16:00:00+05:30,62282.1,62283.1,62273.6,62274.0,689
2025-03-19 16:05:00+05:30,62278.5,62280.6,62266.7,62272.2,715
2025-03-19 16:10:00+05:30,62274.4,62280.5,62271.9,62276.5,763
2025-03-19 16:15:00+05:30,62266.4,62266.8,62258.9,62261.1,756
2025-03-19 16:20:00+05:30,62249.5,62249.9,62224.0,62228.0,1579
2025-03-19 16:25:00+05:30,62225.7,62234.7,62225.1,62229.3,798
2025-03-19 16:30:00+05:30,62232.9,62241.5,62231.9,62240.1,615
2025-03-19 16:35:00+05:30,62238.9,62241.3,62232.6,62240.8,711
2025-03-19 16:40:00+05:30,62233.9,62238.3,62223.7,62228.9,655
2025-03-19 16:45:00+05:30,62234.0,62241.1,62218.4,62221.6,873
2025-03-19 16:50:00+05:30,62217.1,62223.5,62216.7,62223.0,601
2025-03-19 16:55:00+05:30,62234.7,62238.6,62230.5,62232.0,809
2025-03-19 17:00:00+05:30,62235.8,62240.9,62227.1,62230.4,741
2025-03-20 09:00:00+05:30,62236.8,62237.1,62224.5,62224.7,657
2025-03-20 09:05:00+05:30,62231.0,62243.7,62228.7,62235.3,742
2025-03-20 09:10:00+05:30,62240.6,62251.9,62236.3,62251.5,640
2025-03-20 09:15:00+05:30,62258.2,62262.9,62243.6,62246.7,570
2025-03-20 09:20:00+05:30,62253.5,62254.7,62246.3,62251.7,598
2025-03-20 09:25:00+05:30,62261.5,62266.1,62260.3,62263.4,713
2025-03-20 09:30:00+05:30,62265.3,62272.7,62261.0,62271.9,805
2025-03-20 09:35:00+05:30,62271.1,62274.1,62265.6,62267.5,741
2025-03-20 09:40:00+05:30,62256.3,62258.3,62250.4,62251.5,792
2025-03-20 09:45:00+05:30,62243.6,62247.3,62237.7,62246.8,690
2025-03-20 09:50:00+05:30,62256.7,62259.9,62243.7,62248.0,573
2025-03-20 09:55:00+05:30,62251.7,62253.9,62249.8,62252.7,730
2025-03-20 10:00:00+05:30,62250.9,62257.6,62237.0,62242.6,916
2025-03-20 10:05:00+05:30,62238.6,62242.9,62235.2,62235.2,660
2025-03-20 10:10:00+05:30,62230.8,62231.3,62217.9,62220.0,724
2025-03-20 10:15:00+05:30,62214.6,62220.7,62208.3,62214.3,730
2025-03-20 10:20:00+05:30,62208.9,62211.7,62198.6,62201.7,1755
2025-03-20 10:25:00+05:30,62202.6,62207.6,62199.1,62206.3,627
2025-03-20 10:30:00+05:30,62206.4,62210.7,62197.4,62206.1,712
2025-03-20 10:35:00+05:30,62201.3,62211.6,62188.7,62209.6,525
2025-03-20 10:40:00+05:30,62215.5,62224.8,62202.8,62206.5,688
2025-03-20 10:45:00+05:30,62205.6,62209.0,62195.5,62205.2,664
2025-03-20 10:50:00+05:30,62209.1,62216.4,62204.6,62204.7,634
2025-03-20 10:55:00+05:30,62208.4,62214.3,62205.4,62206.2,895
2025-03-20 11:00:00+05:30,62195.8,62204.3,62194.8,62202.4,604
2025-03-20 11:05:00+05:30,62206.3,62210.5,62202.9,62206.1,866
2025-03-20 11:10:00+05:30,62212.1,62214.4,62203.5,62204.1,631
2025-03-20 11:15:00+05:30,62205.5,62205.6,62197.3,62200.8,587
2025-03-20 11:20:00+05:30,62198.5,62203.5,62189.0,62192.1,614
2025-03-20 11:25:00+05:30,62184.4,62193.6,62181.6,62192.6,848
2025-03-20 11:30:00+05:30,62201.4,62205.8,62194.9,62196.4,743
2025-03-20 11:35:00+05:30,62202.5,62204.6,62197.1,62203.3,758
2025-03-20 11:40:00+05:30,62194.8,62231.0,62192.7,62224.6,657
2025-03-20 11:45:00+05:30,62221.0,62226.8,62216.8,62224.5,794
2025-03-20 11:50:00+05:30,62225.8,62238.4,62220.7,62230.8,707
2025-03-20 11:55:00+05:30,62230.8,62252.0,62220.7,62251.3,702
2025-03-20 12:00:00+05:30,62249.9,62255.2,62235.5,62244.1,764
2025-03-20 12:05:00+05:30,62256.9,62259.3,62245.0,62250.0,816
2025-03-20 12:10:00+05:30,62252.8,62268.8,62244.0,62268.4,730
2025-03-20 12:15:00+05:30,62273.8,62291.7,62273.3,62285.6,646
2025-03-20 12:20:00+05:30,62282.4,62291.6,62278.7,62286.2,793
2025-03-20 12:25:00+05:30,62288.4,62289.6,62278.8,62281.9,497
2025-03-20 12:30:00+05:30,62277.7,62280.5,62273.5,62275.7,765
2025-03-20 12:35:00+05:30,62272.4,62274.1,62265.8,62272.0,762
2025-03-20 12:40:00+05:30,62273.6,62281.6,62264.9,62272.3,718
2025-03-20 12:45:00+05:30,62270.5,62281.4,62265.0,62277.6,626
2025-03-20 12:50:00+05:30,62277.3,62285.8,62260.6,62270.9,740
2025-03-20 12:55:00+05:30,62258.9,62270.0,62258.5,62263.9,758
2025-03-20 13:00:00+05:30,62250.0,62262.0,62242.6,62257.1,673
2025-03-20 13:05:00+05:30,62265.2,62272.7,62262.6,62269.2,758
2025-03-20 13:10:00+05:30,62269.2,62278.6,62264.2,62266.4,467
2025-03-20 13:15:00+05:30,62268.6,62273.0,62262.2,62264.8,610
2025-03-20 13:20:00+05:30,62258.6,62262.4,62252.3,62254.3,729
2025-03-20 13:25:00+05:30,62254.8,62260.9,62246.2,62248.5,909
2025-03-20 13:30:00+05:30,62250.0,62253.5,62238.4,62240.4,817
2025-03-20 13:35:00+05:30,62249.9,62255.0,62240.4,62241.0,615
2025-03-20 13:40:00+05:30,62248.3,62248.3,62233.7,62240.2,733
2025-03-20 13:45:00+05:30,62247.5,62256.2,62243.0,62255.8,777
2025-03-20 13:50:00+05:30,62258.1,62270.5,62253.9,62265.2,708
2025-03-20 13:55:00+05:30,62257.8,62261.8,62250.5,62254.4,764
2025-03-20 14:00:00+05:30,62267.0,62267.9,62260.3,62262.6,571
2025-03-20 14:05:00+05:30,62260.8,62267.4,62255.8,62266.4,606
2025-03-20 14:10:00+05:30,62271.7,62273.8,62253.3,62257.4,922
2025-03-20 14:15:00+05:30,62255.0,62257.3,62245.5,62247.3,679
2025-03-20 14:20:00+05:30,62252.5,62271.1,62252.5,62267.0,618
2025-03-20 14:25:00+05:30,62277.0,62285.8,62275.0,62285.0,767
2025-03-20 14:30:00+05:30,62286.4,62289.2,62275.2,62285.6,619
2025-03-20 14:35:00+05:30,62286.6,62290.7,62280.7,62285.0,580
2025-03-20 14:40:00+05:30,62279.7,62287.7,62278.2,62286.0,751
2025-03-20 14:45:00+05:30,62281.5,62282.1,62270.6,62271.1,607
2025-03-20 14:50:00+05:30,62277.5,62278.8,62267.2,62269.2,725
2025-03-20 14:55:00+05:30,62266.6,62267.3,62262.3,62262.8,913
2025-03-20 15:00:00+05:30,62252.5,62260.2,62251.8,62253.2,673
2025-03-20 15:05:00+05:30,62256.7,62262.8,62251.5,62254.2,718
2025-03-20 15:10:00+05:30,62250.7,62250.9,62245.3,62248.4,714
2025-03-20 15:15:00+05:30,62241.2,62248.1,62237.0,62243.7,646
2025-03-20 15:20:00+05:30,62233.4,62233.5,62225.0,62229.7,959
2025-03-20 15:25:00+05:30,62232.9,62233.3,62231.1,62232.2,535
2025-03-20 15:30:00+05:30,62234.9,62236.7,62221.1,62228.0,737
2025-03-20 15:35:00+05:30,62226.7,62232.4,62217.3,62218.9,837
2025-03-20 15:40:00+05:30,62216.1,62216.6,62197.9,62200.6,650
2025-03-20 15:45:00+05:30,62189.8,62190.8,62174.9,62176.5,663
2025-03-20 15:50:00+05:30,62178.0,62180.4,62170.0,62170.2,746
2025-03-20 15:55:00+05:30,62166.7,62173.3,62166.5,62169.5,713
2025-03-20 16:00:00+05:30,62165.8,62167.0,62156.5,62158.3,619
2025-03-20 16:05:00+05:30,62157.2,62174.3,62154.3,62171.4,836
2025-03-20 16:10:00+05:30,62179.6,62181.1,62174.8,62180.9,677
2025-03-20 16:15:00+05:30,62179.4,62181.0,62169.3,62174.8,810
2025-03-20 16:20:00+05:30,62184.9,62198.9,62180.9,62198.2,757
2025-03-20 16:25:00+05:30,62196.6,62218.0,62191.9,62201.7,755
2025-03-20 16:30:00+05:30,62204.5,62207.6,62203.2,62203.8,604
2025-03-20 16:35:00+05:30,62207.5,62208.7,62202.5,62206.3,719
2025-03-20 16:40:00+05:30,62202.1,62208.2,62199.3,62200.0,769
2025-03-20 16:45:00+05:30,62197.6,62198.0,62188.5,62190.6,878
2025-03-20 16:50:00+05:30,62190.3,62191.8,62182.9,62188.8,601
2025-03-20 16:55:00+05:30,62179.4,62189.6,62173.5,62189.2,572
2025-03-20 17:00:00+05:30,62179.2,62183.2,62178.4,62181.5,645
2025-03-21 09:00:00+05:30,62178.5,62184.3,62176.8,62183.1,520
2025-03-21 09:05:00+05:30,62185.6,62189.4,62177.4,62181.3,452
2025-03-21 09:10:00+05:30,62181.5,62183.2,62172.3,62177.8,625
2025-03-21 09:15:00+05:30,62187.5,62191.9,62172.2,62174.1,720
2025-03-21 09:20:00+05:30,62163.8,62169.1,62160.1,62160.3,658
2025-03-21 09:25:00+05:30,62161.9,62162.3,62155.8,62158.5,831
2025-03-21 09:30:00+05:30,62168.0,62173.3,62167.3,62170.0,718
2025-03-21 09:35:00+05:30,62166.1,62174.2,62166.1,62169.7,301
2025-03-21 09:40:00+05:30,62170.3,62172.3,62164.6,62169.9,265
2025-03-21 09:45:00+05:30,62170.6,62187.4,62168.8,62187.3,565
2025-03-21 09:50:00+05:30,62197.9,62200.6,62186.0,62189.0,580
2025-03-21 09:55:00+05:30,62188.6,62190.6,62178.0,62179.6,1679
2025-03-21 10:00:00+05:30,62188.1,62188.4,62176.7,62177.6,502
2025-03-21 10:05:00+05:30,62171.2,62175.4,62167.9,62173.4,721
2025-03-21 10:10:00+05:30,62173.0,62174.6,62152.7,62161.0,387
2025-03-21 10:15:00+05:30,62152.7,62158.6,62150.1,62150.3,684
2025-03-21 10:20:00+05:30,62150.2,62153.2,62140.4,62143.7,644
2025-03-21 10:25:00+05:30,62141.7,62148.6,62139.9,62145.0,541
2025-03-21 10:30:00+05:30,62150.5,62153.9,62138.2,62143.6,593
2025-03-21 10:35:00+05:30,62147.2,62152.9,62145.4,62146.4,547
2025-03-21 10:40:00+05:30,62139.9,62145.3,62138.9,62139.5,518
2025-03-21 10:45:00+05:30,62141.9,62149.8,62138.5,62146.9,523
2025-03-21 10:50:00+05:30,62143.4,62146.7,62128.8,62130.5,694
2025-03-21 10:55:00+05:30,62144.6,62148.7,62140.9,62143.0,609
2025-03-21 11:00:00+05:30,62148.0,62149.6,62127.6,62132.0,1336
2025-03-21 11:05:00+05:30,62141.2,62141.7,62127.5,62136.0,475
2025-03-21 11:10:00+05:30,62137.4,62141.9,62136.4,62141.7,1515
2025-03-21 11:15:00+05:30,62143.6,62146.3,62141.6,62142.3,698
2025-03-21 11:20:00+05:30,62148.2,62164.2,62147.7,62157.3,432
2025-03-21 11:25:00+05:30,62162.0,62166.9,62157.7,62165.8,575
2025-03-21 11:30:00+05:30,62166.3,62170.5,62159.5,62161.0,577
2025-03-21 11:35:00+05:30,62163.7,62164.1,62161.9,62163.1,442
2025-03-21 11:40:00+05:30,62168.3,62172.9,62167.6,62171.4,506
2025-03-21 11:45:00+05:30,62170.3,62175.1,62163.9,62169.4,782
2025-03-21 11:50:00+05:30,62174.1,62189.6,62165.5,62185.8,732
2025-03-21 11:55:00+05:30,62182.7,62184.5,62170.8,62183.0,486
2025-03-21 12:00:00+05:30,62190.8,62205.5,62189.1,62201.1,531
2025-03-21 12:05:00+05:30,62200.6,62203.9,62193.5,62200.9,635
2025-03-21 12:10:00+05:30,62200.8,62211.1,62196.2,62211.1,646
2025-03-21 12:15:00+05:30,62201.8,62212.1,62199.0,62210.6,587
2025-03-21 12:20:00+05:30,62218.4,62220.3,62211.5,62214.6,619
2025-03-21 12:25:00+05:30,62210.8,62213.8,62209.3,62211.6,592
2025-03-21 12:30:00+05:30,62200.0,62204.2,62198.4,62203.0,414
2025-03-21 12:35:00+05:30,62199.9,62217.0,62196.0,62210.0,426
2025-03-21 12:40:00+05:30,62217.1,62225.5,62215.4,62221.1,452
2025-03-21 12:45:00+05:30,62218.4,62220.8,62202.1,62207.1,528
2025-03-21 12:50:00+05:30,62198.1,62205.5,62181.4,62181.6,513
2025-03-21 12:55:00+05:30,62180.4,62191.8,62179.1,62188.3,429
2025-03-21 13:00:00+05:30,62196.9,62202.9,62188.9,62189.4,371
2025-03-21 13:05:00+05:30,62187.4,62198.1,62182.9,62194.8,574
2025-03-21 13:10:00+05:30,62188.5,62196.5,62183.3,62184.3,569
2025-03-21 13:15:00+05:30,62185.8,62188.7,62178.1,62179.8,584
2025-03-21 13:20:00+05:30,62176.9,62184.7,62174.4,62178.3,708
2025-03-21 13:25:00+05:30,62189.2,62190.7,62176.3,62182.3,736
2025-03-21 13:30:00+05:30,62175.8,62176.5,62172.4,62176.5,633
2025-03-21 13:35:00+05:30,62168.7,62175.6,62153.7,62155.8,491
2025-03-21 13:40:00+05:30,62164.0,62168.8,62151.7,62152.9,547
2025-03-21 13:45:00+05:30,62148.9,62163.9,62144.9,62161.2,417
2025-03-21 13:50:00+05:30,62154.2,62164.2,62153.7,62160.2,426
2025-03-21 13:55:00+05:30,62166.9,62184.8,62161.0,62179.7,390
2025-03-21 14:00:00+05:30,62178.2,62182.5,62166.9,62167.2,618
2025-03-21 14:05:00+05:30,62165.2,62175.4,62160.3,62172.8,391
2025-03-21 14:10:00+05:30,62182.7,62183.8,62171.1,62173.5,560
2025-03-21 14:15:00+05:30,62168.2,62170.2,62162.5,62169.8,681
2025-03-21 14:20:00+05:30,62161.3,62164.9,62155.5,62156.6,400
2025-03-21 14:25:00+05:30,62164.8,62171.5,62161.2,62165.7,576
2025-03-21 14:30:00+05:30,62158.3,62158.8,62136.5,62145.1,398
2025-03-21 14:35:00+05:30,62141.7,62148.0,62122.5,62131.2,599
2025-03-21 14:40:00+05:30,62131.5,62132.9,62127.7,62130.4,749
2025-03-21 14:45:00+05:30,62131.1,62135.2,62120.8,62130.4,677
2025-03-21 14:50:00+05:30,62135.9,62155.7,62129.1,62146.0,621
2025-03-21 14:55:00+05:30,62151.7,62158.3,62141.0,62156.1,548
2025-03-21 15:00:00+05:30,62155.7,62159.3,62150.6,62150.8,453
2025-03-21 15:05:00+05:30,62150.3,62151.0,62134.8,62136.5,744
2025-03-21 15:10:00+05:30,62131.1,62148.1,62131.0,62142.5,640
2025-03-21 15:15:00+05:30,62153.8,62164.6,62151.5,62164.0,576
2025-03-21 15:20:00+05:30,62163.3,62180.3,62155.1,62177.7,420
2025-03-21 15:25:00+05:30,62180.2,62186.6,62177.0,62186.2,645
2025-03-21 15:30:00+05:30,62190.7,62200.5,62183.3,62199.3,516
2025-03-21 15:35:00+05:30,62194.1,62204.3,62193.5,62201.4,552
2025-03-21 15:40:00+05:30,62201.4,62203.1,62190.8,62191.1,720
2025-03-21 15:45:00+05:30,62199.9,62201.4,62180.4,62188.7,460
2025-03-21 15:50:00+05:30,62187.1,62205.9,62184.8,62203.2,597
2025-03-21 15:55:00+05:30,62203.1,62205.8,62191.7,62198.7,508
2025-03-21 16:00:00+05:30,62213.8,62219.2,62202.6,62208.1,543
2025-03-21 16:05:00+05:30,62221.5,62222.3,62205.3,62210.3,590
2025-03-21 16:10:00+05:30,62203.2,62209.1,62198.2,62209.1,407
2025-03-21 16:15:00+05:30,62199.1,62206.3,62196.4,62200.9,475
2025-03-21 16:20:00+05:30,62193.4,62195.8,62189.2,62194.5,624
2025-03-21 16:25:00+05:30,62187.4,62189.4,62173.6,62178.8,640
2025-03-21 16:30:00+05:30,62179.2,62184.7,62171.8,62179.1,642
2025-03-21 16:35:00+05:30,62182.1,62189.1,62175.8,62186.2,385
2025-03-21 16:40:00+05:30,62185.8,62193.9,62179.3,62182.1,499
2025-03-21 16:45:00+05:30,62181.8,62184.3,62177.1,62178.4,476
2025-03-21 16:50:00+05:30,62183.7,62192.5,62183.6,62184.6,711
2025-03-21 16:55:00+05:30,62193.7,62216.5,62192.7,62209.5,536
2025-03-21 17:00:00+05:30,62207.1,62211.5,62202.4,62202.8,662
2025-03-24 09:00:00+05:30,62198.6,62199.5,62189.3,62190.6,893
2025-03-24 09:05:00+05:30,62190.4,62204.6,62185.4,62199.9,690
2025-03-24 09:10:00+05:30,62198.6,62208.7,62198.1,62202.2,862
2025-03-24 09:15:00+05:30,62197.5,62198.3,62190.7,62196.3,798
2025-03-24 09:20:00+05:30,62201.2,62216.5,62198.8,62212.7,696
2025-03-24 09:25:00+05:30,62215.0,62218.5,62212.7,62214.9,812
2025-03-24 09:30:00+05:30,62200.8,62208.5,62198.9,62206.4,932
2025-03-24 09:35:00+05:30,62196.3,62199.1,62194.0,62194.1,807
2025-03-24 09:40:00+05:30,62194.4,62205.6,62193.7,62202.9,819
2025-03-24 09:45:00+05:30,62209.3,62214.2,62207.6,62209.4,867
2025-03-24 09:50:00+05:30,62211.9,62219.0,62208.4,62218.9,735
2025-03-24 09:55:00+05:30,62216.0,62216.2,62202.1,62207.1,753
2025-03-24 10:00:00+05:30,62214.3,62217.0,62200.9,62204.4,827
2025-03-24 10:05:00+05:30,62201.4,62209.4,62199.3,62202.1,872
2025-03-24 10:10:00+05:30,62193.6,62205.8,62190.7,62204.9,584
2025-03-24 10:15:00+05:30,62207.4,62220.1,62207.0,62215.6,552
2025-03-24 10:20:00+05:30,62214.0,62226.4,62208.8,62218.0,722
2025-03-24 10:25:00+05:30,62222.1,62237.0,62219.0,62229.0,759
2025-03-24 10:30:00+05:30,62228.3,62238.6,62226.8,62234.1,598
2025-03-24 10:35:00+05:30,62229.0,62231.7,62222.4,62224.4,843
2025-03-24 10:40:00+05:30,62230.4,62231.7,62226.0,62230.5,492
2025-03-24 10:45:00+05:30,62231.8,62238.4,62222.9,62224.6,776
2025-03-24 10:50:00+05:30,62224.4,62226.6,62221.4,62223.9,721
2025-03-24 10:55:00+05:30,62230.1,62237.2,62228.8,62236.5,702
2025-03-24 11:00:00+05:30,62243.1,62246.5,62237.4,62237.6,910
2025-03-24 11:05:00+05:30,62243.1,62248.2,62237.7,62238.3,512
2025-03-24 11:10:00+05:30,62231.2,62233.6,62222.3,62224.5,723
2025-03-24 11:15:00+05:30,62221.2,62241.8,62218.9,62240.6,848
2025-03-24 11:20:00+05:30,62236.0,62240.9,62222.0,62224.6,736
2025-03-24 11:25:00+05:30,62222.1,62223.4,62218.0,62220.5,791
2025-03-24 11:30:00+05:30,62227.0,62232.7,62224.3,62228.8,571
2025-03-24 11:35:00+05:30,62230.8,62239.0,62226.6,62237.9,871
2025-03-24 11:40:00+05:30,62234.8,62237.7,62233.8,62234.7,779
2025-03-24 11:45:00+05:30,62234.7,62236.8,62225.5,62227.2,651
2025-03-24 11:50:00+05:30,62234.6,62249.5,62233.1,62248.6,868
2025-03-24 11:55:00+05:30,62247.3,62258.3,62244.5,62255.0,786
2025-03-24 12:00:00+05:30,62258.9,62274.6,62258.7,62268.4,971
2025-03-24 12:05:00+05:30,62264.1,62264.5,62243.9,62246.2,812
2025-03-24 12:10:00+05:30,62246.1,62248.1,62241.8,62247.9,752
2025-03-24 12:15:00+05:30,62236.7,62242.7,62234.3,62242.1,678
2025-03-24 12:20:00+05:30,62248.3,62265.6,62246.7,62262.3,577
2025-03-24 12:25:00+05:30,62253.8,62261.6,62243.1,62247.2,461
2025-03-24 12:30:00+05:30,62243.2,62254.0,62241.5,62249.3,886
2025-03-24 12:35:00+05:30,62248.3,62253.5,62247.3,62250.6,744
2025-03-24 12:40:00+05:30,62261.7,62284.9,62261.2,62283.1,795
2025-03-24 12:45:00+05:30,62273.6,62277.9,62267.3,62273.2,624
2025-03-24 12:50:00+05:30,62275.4,62297.7,62275.1,62294.4,743
2025-03-24 12:55:00+05:30,62294.2,62305.1,62287.4,62290.4,688
2025-03-24 13:00:00+05:30,62292.0,62293.2,62291.0,62292.4,596
2025-03-24 13:05:00+05:30,62294.7,62298.2,62289.6,62293.1,611
2025-03-24 13:10:00+05:30,62291.4,62298.3,62283.9,62298.2,833
2025-03-24 13:15:00+05:30,62303.0,62309.6,62299.4,62300.8,975
2025-03-24 13:20:00+05:30,62303.6,62303.7,62291.0,62291.4,832
2025-03-24 13:25:00+05:30,62299.6,62309.7,62295.2,62308.9,705
2025-03-24 13:30:00+05:30,62301.7,62313.4,62292.0,62312.2,808
2025-03-24 13:35:00+05:30,62310.4,62311.8,62297.6,62308.5,942
2025-03-24 13:40:00+05:30,62310.0,62320.0,62306.7,62319.0,809
2025-03-24 13:45:00+05:30,62324.7,62324.9,62317.4,62321.3,639
2025-03-24 13:50:00+05:30,62324.0,62334.2,62319.6,62329.9,795
2025-03-24 13:55:00+05:30,62334.3,62335.7,62322.9,62329.1,656
2025-03-24 14:00:00+05:30,62330.1,62332.2,62316.0,62316.7,911
2025-03-24 14:05:00+05:30,62319.6,62321.4,62311.6,62315.1,617
2025-03-24 14:10:00+05:30,62321.4,62334.9,62321.0,62331.9,2353
2025-03-24 14:15:00+05:30,62335.5,62348.7,62330.0,62345.3,729
2025-03-24 14:20:00+05:30,62348.4,62356.4,62345.9,62349.9,751
2025-03-24 14:25:00+05:30,62354.6,62362.6,62351.4,62353.7,708
2025-03-24 14:30:00+05:30,62362.2,62372.3,62356.3,62366.8,710
2025-03-24 14:35:00+05:30,62372.8,62393.8,62371.0,62386.6,855
2025-03-24 14:40:00+05:30,62380.1,62380.7,62359.0,62365.0,640
2025-03-24 14:45:00+05:30,62366.3,62376.6,62364.1,62376.5,494
2025-03-24 14:50:00+05:30,62376.7,62381.4,62367.6,62372.3,660
2025-03-24 14:55:00+05:30,62368.9,62375.2,62364.7,62373.4,803
2025-03-24 15:00:00+05:30,62371.3,62375.7,62371.1,62375.0,804
2025-03-24 15:05:00+05:30,62376.8,62381.5,62361.3,62361.8,2000
2025-03-24 15:10:00+05:30,62367.1,62368.7,62357.6,62361.3,745
2025-03-24 15:15:00+05:30,62366.6,62378.9,62355.7,62361.2,770
2025-03-24 15:20:00+05:30,62364.4,62365.4,62358.1,62360.3,967
2025-03-24 15:25:00+05:30,62359.4,62362.6,62348.5,62354.1,823
2025-03-24 15:30:00+05:30,62349.3,62350.5,62341.5,62341.6,746
2025-03-24 15:35:00+05:30,62344.2,62344.5,62338.4,62338.9,540
2025-03-24 15:40:00+05:30,62342.4,62345.2,62334.2,62343.8,879
2025-03-24 15:45:00+05:30,62339.6,62346.8,62333.7,62335.2,822
2025-03-24 15:50:00+05:30,62338.9,62341.1,62331.5,62334.7,475
2025-03-24 15:55:00+05:30,62347.2,62357.3,62341.7,62344.9,525
2025-03-24 16:00:00+05:30,62337.6,62348.1,62336.2,62345.0,890
2025-03-24 16:05:00+05:30,62345.4,62365.3,62343.1,62363.0,650
2025-03-24 16:10:00+05:30,62357.0,62376.7,62353.3,62370.4,812
2025-03-24 16:15:00+05:30,62377.3,62382.6,62373.8,62375.2,644
2025-03-24 16:20:00+05:30,62372.2,62376.9,62362.0,62365.1,781
2025-03-24 16:25:00+05:30,62363.0,62366.3,62360.0,62363.4,948
2025-03-24 16:30:00+05:30,62360.0,62366.8,62345.5,62348.0,755
2025-03-24 16:35:00+05:30,62348.9,62355.8,62342.9,62351.6,719
2025-03-24 16:40:00+05:30,62347.7,62358.5,62343.7,62350.2,609
2025-03-24 16:45:00+05:30,62348.2,62352.3,62343.8,62344.0,930
2025-03-24 16:50:00+05:30,62343.4,62348.7,62337.9,62346.1,771
2025-03-24 16:55:00+05:30,62340.2,62349.5,62336.7,62346.1,766
2025-03-24 17:00:00+05:30,62350.5,62354.4,62344.1,62350.2,736
2025-03-25 09:00:00+05:30,62353.5,62356.5,62347.3,62349.9,581
2025-03-25 09:05:00+05:30,62342.5,62352.9,62339.2,62350.3,767
2025-03-25 09:10:00+05:30,62348.3,62349.7,62331.1,62338.5,662
2025-03-25 09:15:00+05:30,62337.2,62354.2,62332.6,62352.4,1638
2025-03-25 09:20:00+05:30,62361.4,62367.5,62348.8,62356.0,733
2025-03-25 09:25:00+05:30,62351.3,62358.4,62348.1,62353.5,615
2025-03-25 09:30:00+05:30,62351.3,62352.7,62343.4,62348.1,794
2025-03-25 09:35:00+05:30,62346.9,62354.0,62342.3,62342.4,558
2025-03-25 09:40:00+05:30,62341.2,62349.1,62338.5,62347.2,733
2025-03-25 09:45:00+05:30,62349.1,62352.3,62345.8,62348.3,399
2025-03-25 09:50:00+05:30,62354.4,62361.2,62345.7,62346.3,723
2025-03-25 09:55:00+05:30,62354.0,62376.5,62352.5,62368.8,387
2025-03-25 10:00:00+05:30,62367.9,62369.8,62357.9,62362.5,501
2025-03-25 10:05:00+05:30,62348.8,62363.1,62347.6,62359.0,507
2025-03-25 10:10:00+05:30,62375.5,62380.3,62368.7,62373.6,525
2025-03-25 10:15:00+05:30,62357.8,62362.9,62350.3,62355.4,543
2025-03-25 10:20:00+05:30,62354.7,62357.8,62354.5,62355.7,583
2025-03-25 10:25:00+05:30,62358.8,62365.5,62343.0,62343.6,620
2025-03-25 10:30:00+05:30,62340.0,62344.5,62337.1,62338.6,651
2025-03-25 10:35:00+05:30,62347.5,62348.0,62334.4,62341.1,727
2025-03-25 10:40:00+05:30,62340.6,62341.0,62319.9,62321.2,2395
2025-03-25 10:45:00+05:30,62326.6,62329.3,62316.5,62325.8,614
2025-03-25 10:50:00+05:30,62318.9,62334.5,62311.6,62330.6,679
2025-03-25 10:55:00+05:30,62332.8,62334.9,62322.5,62326.4,759
2025-03-25 11:00:00+05:30,62325.1,62328.7,62309.7,62313.4,736
2025-03-25 11:05:00+05:30,62307.0,62314.8,62305.8,62311.3,1009
2025-03-25 11:10:00+05:30,62316.0,62318.9,62307.9,62310.7,840
2025-03-25 11:15:00+05:30,62308.0,62314.2,62302.6,62308.7,519
2025-03-25 11:20:00+05:30,62310.3,62326.4,62304.3,62319.4,715
2025-03-25 11:25:00+05:30,62314.6,62324.9,62312.9,62322.7,630
2025-03-25 11:30:00+05:30,62326.8,62327.6,62312.5,62317.2,916
2025-03-25 11:35:00+05:30,62319.1,62319.5,62314.5,62317.6,751
2025-03-25 11:40:00+05:30,62332.8,62339.7,62314.0,62322.2,654
2025-03-25 11:45:00+05:30,62323.3,62324.8,62311.8,62312.2,789
2025-03-25 11:50:00+05:30,62317.8,62325.7,62315.5,62319.3,597
2025-03-25 11:55:00+05:30,62315.1,62325.2,62314.5,62319.9,561
2025-03-25 12:00:00+05:30,62313.3,62316.4,62310.4,62313.1,411
2025-03-25 12:05:00+05:30,62319.8,62333.8,62319.5,62327.3,644
2025-03-25 12:10:00+05:30,62326.7,62340.0,62323.2,62337.5,512
2025-03-25 12:15:00+05:30,62347.7,62360.0,62345.6,62354.2,845
2025-03-25 12:20:00+05:30,62355.3,62357.3,62353.2,62357.0,560
2025-03-25 12:25:00+05:30,62358.4,62366.2,62352.8,62364.0,715
2025-03-25 12:30:00+05:30,62365.0,62366.0,62355.1,62357.5,742
2025-03-25 12:35:00+05:30,62354.7,62357.0,62348.2,62356.5,706
2025-03-25 12:40:00+05:30,62356.3,62362.1,62349.5,62354.5,682
2025-03-25 12:45:00+05:30,62355.6,62363.5,62354.2,62363.1,635
2025-03-25 12:50:00+05:30,62360.9,62369.4,62359.9,62369.4,563
2025-03-25 12:55:00+05:30,62378.0,62379.6,62366.7,62367.1,695
2025-03-25 13:00:00+05:30,62353.7,62364.2,62348.8,62359.8,547
2025-03-25 13:05:00+05:30,62356.5,62359.0,62336.9,62341.2,701
2025-03-25 13:10:00+05:30,62335.3,62338.4,62320.1,62331.2,697
2025-03-25 13:15:00+05:30,62327.1,62337.8,62322.7,62332.4,693
2025-03-25 13:20:00+05:30,62322.3,62332.7,62321.6,62329.6,642
2025-03-25 13:25:00+05:30,62328.2,62330.8,62316.8,62318.6,745
2025-03-25 13:30:00+05:30,62313.3,62315.9,62299.5,62308.1,669
2025-03-25 13:35:00+05:30,62308.5,62313.4,62294.2,62296.9,663
2025-03-25 13:40:00+05:30,62293.5,62298.1,62292.1,62295.6,690
2025-03-25 13:45:00+05:30,62289.6,62291.0,62282.8,62289.8,648
2025-03-25 13:50:00+05:30,62291.4,62294.3,62287.0,62288.8,717
2025-03-25 13:55:00+05:30,62293.3,62302.2,62290.5,62299.3,510
2025-03-25 14:00:00+05:30,62303.5,62317.8,62302.8,62314.8,862
2025-03-25 14:05:00+05:30,62307.9,62315.1,62304.6,62310.0,456
2025-03-25 14:10:00+05:30,62314.6,62318.5,62285.4,62290.9,747
2025-03-25 14:15:00+05:30,62282.0,62291.8,62282.0,62287.0,948
2025-03-25 14:20:00+05:30,62280.8,62282.2,62277.2,62278.4,571
2025-03-25 14:25:00+05:30,62281.6,62296.5,62280.3,62294.5,733
2025-03-25 14:30:00+05:30,62293.3,62293.6,62274.4,62276.7,654
2025-03-25 14:35:00+05:30,62266.7,62270.4,62261.1,62270.3,487
2025-03-25 14:40:00+05:30,62262.4,62275.5,62254.7,62270.6,723
2025-03-25 14:45:00+05:30,62273.2,62278.0,62270.7,62277.8,917
2025-03-25 14:50:00+05:30,62277.9,62280.1,62276.9,62279.5,639
2025-03-25 14:55:00+05:30,62285.8,62303.2,62284.6,62303.1,690
2025-03-25 15:00:00+05:30,62309.9,62311.7,62288.9,62296.9,824
2025-03-25 15:05:00+05:30,62301.9,62304.9,62294.2,62297.2,524
2025-03-25 15:10:00+05:30,62306.0,62312.7,62304.8,62309.4,729
2025-03-25 15:15:00+05:30,62311.3,62311.5,62307.0,62307.9,575
2025-03-25 15:20:00+05:30,62303.4,62308.1,62287.8,62291.9,488
2025-03-25 15:25:00+05:30,62286.5,62288.1,62267.1,62271.6,836
2025-03-25 15:30:00+05:30,62262.7,62267.6,62261.8,62267.3,849
2025-03-25 15:35:00+05:30,62273.5,62273.6,62267.2,62270.2,578
2025-03-25 15:40:00+05:30,62258.8,62262.0,62252.8,62261.6,740
2025-03-25 15:45:00+05:30,62257.6,62262.0,62249.7,62251.3,644
2025-03-25 15:50:00+05:30,62253.0,62264.5,62251.3,62264.4,792
2025-03-25 15:55:00+05:30,62271.2,62273.2,62260.5,62267.2,624
2025-03-25 16:00:00+05:30,62266.8,62275.6,62255.0,62255.2,858
2025-03-25 16:05:00+05:30,62255.4,62267.4,62255.0,62263.0,769
2025-03-25 16:10:00+05:30,62260.1,62263.5,62248.9,62251.1,1528
2025-03-25 16:15:00+05:30,62245.4,62255.8,62243.5,62252.5,637
2025-03-25 16:20:00+05:30,62249.8,62261.8,62245.4,62259.7,826
2025-03-25 16:25:00+05:30,62277.0,62282.0,62269.5,62276.2,455
2025-03-25 16:30:00+05:30,62281.1,62281.9,62275.9,62281.1,645
2025-03-25 16:35:00+05:30,62275.6,62276.3,62264.6,62267.5,660
2025-03-25 16:40:00+05:30,62270.5,62273.4,62269.9,62272.5,773
2025-03-25 16:45:00+05:30,62272.9,62273.2,62261.4,62262.4,658
2025-03-25 16:50:00+05:30,62267.3,62277.6,62264.5,62276.0,721
2025-03-25 16:55:00+05:30,62276.7,62282.3,62272.4,62275.7,620
2025-03-25 17:00:00+05:30,62281.4,62293.4,62278.8,62292.1,817
2025-03-26 09:00:00+05:30,62295.1,62301.8,62289.9,62291.6,575
2025-03-26 09:05:00+05:30,62280.4,62284.8,62280.4,62282.2,423
2025-03-26 09:10:00+05:30,62282.3,62287.8,62273.0,62284.2,552
2025-03-26 09:15:00+05:30,62283.8,62287.4,62277.7,62284.1,594
2025-03-26 09:20:00+05:30,62286.5,62289.3,62278.8,62279.0,569
2025-03-26 09:25:00+05:30,62276.6,62281.3,62268.6,62274.7,490
2025-03-26 09:30:00+05:30,62279.6,62290.6,62274.4,62290.4,435
2025-03-26 09:35:00+05:30,62294.9,62296.3,62291.3,62292.9,571
2025-03-26 09:40:00+05:30,62286.9,62298.7,62282.7,62294.5,519
2025-03-26 09:45:00+05:30,62287.7,62291.9,62282.8,62290.6,781
2025-03-26 09:50:00+05:30,62293.7,62299.9,62277.0,62284.8,387
2025-03-26 09:55:00+05:30,62292.7,62294.4,62282.2,62289.0,473
2025-03-26 10:00:00+05:30,62285.4,62291.5,62279.9,62282.5,407
2025-03-26 10:05:00+05:30,62278.5,62287.7,62274.5,62284.9,498
2025-03-26 10:10:00+05:30,62282.5,62284.7,62269.4,62272.1,554
2025-03-26 10:15:00+05:30,62275.6,62279.7,62267.9,62270.6,483
2025-03-26 10:20:00+05:30,62276.6,62288.8,62272.6,62282.8,651
2025-03-26 10:25:00+05:30,62287.7,62304.6,62284.0,62303.1,589
2025-03-26 10:30:00+05:30,62303.7,62310.8,62300.8,62307.6,676
2025-03-26 10:35:00+05:30,62292.1,62293.4,62285.4,62289.6,765
2025-03-26 10:40:00+05:30,62293.6,62296.0,62292.8,62294.6,614
2025-03-26 10:45:00+05:30,62306.4,62308.7,62286.0,62287.3,612
2025-03-26 10:50:00+05:30,62277.2,62287.5,62276.4,62282.1,664
2025-03-26 10:55:00+05:30,62284.1,62295.1,62279.3,62293.9,371
2025-03-26 11:00:00+05:30,62297.2,62312.4,62293.0,62312.4,793
2025-03-26 11:05:00+05:30,62316.4,62316.9,62311.4,62313.7,838
2025-03-26 11:10:00+05:30,62313.8,62330.4,62310.6,62323.3,348
2025-03-26 11:15:00+05:30,62338.4,62342.6,62331.7,62335.8,468
2025-03-26 11:20:00+05:30,62348.5,62365.5,62345.8,62357.3,430
2025-03-26 11:25:00+05:30,62360.3,62376.9,62359.0,62371.5,609
2025-03-26 11:30:00+05:30,62362.1,62379.6,62361.0,62376.7,508
2025-03-26 11:35:00+05:30,62379.5,62381.8,62378.8,62381.3,751
2025-03-26 11:40:00+05:30,62388.9,62397.6,62386.4,62391.1,648
2025-03-26 11:45:00+05:30,62384.2,62397.3,62380.3,62391.0,650
2025-03-26 11:50:00+05:30,62390.4,62391.8,62381.4,62382.8,617
2025-03-26 11:55:00+05:30,62390.1,62391.6,62380.5,62384.9,554
2025-03-26 12:00:00+05:30,62379.4,62384.5,62378.7,62383.8,714
2025-03-26 12:05:00+05:30,62388.9,62406.0,62388.2,62400.5,451
2025-03-26 12:10:00+05:30,62391.0,62399.4,62390.5,62396.4,402
2025-03-26 12:15:00+05:30,62404.7,62412.7,62391.5,62409.6,607
2025-03-26 12:20:00+05:30,62403.0,62405.5,62402.3,62405.4,549
2025-03-26 12:25:00+05:30,62407.7,62425.8,62400.9,62418.8,453
2025-03-26 12:30:00+05:30,62417.0,62422.0,62416.1,62421.7,742
2025-03-26 12:35:00+05:30,62422.4,62428.5,62419.7,62425.7,754
2025-03-26 12:40:00+05:30,62427.7,62428.9,62423.8,62426.9,723
2025-03-26 12:45:00+05:30,62437.0,62439.4,62422.0,62425.5,490
2025-03-26 12:50:00+05:30,62423.2,62425.6,62397.1,62400.2,548
2025-03-26 12:55:00+05:30,62398.0,62405.3,62381.1,62384.3,695
2025-03-26 13:00:00+05:30,62386.6,62395.7,62383.5,62392.9,594
2025-03-26 13:05:00+05:30,62391.2,62406.6,62381.8,62400.3,537
2025-03-26 13:10:00+05:30,62407.2,62419.2,62392.4,62395.6,683
2025-03-26 13:15:00+05:30,62394.9,62411.5,62394.5,62407.1,628
2025-03-26 13:20:00+05:30,62403.8,62404.4,62387.1,62390.2,592
2025-03-26 13:25:00+05:30,62398.6,62418.0,62397.3,62417.2,523
2025-03-26 13:30:00+05:30,62419.9,62422.0,62412.2,62415.9,512
2025-03-26 13:35:00+05:30,62415.2,62415.3,62396.6,62399.8,709
2025-03-26 13:40:00+05:30,62386.1,62394.1,62380.2,62392.6,673
2025-03-26 13:45:00+05:30,62399.4,62405.5,62385.8,62394.3,382
2025-03-26 13:50:00+05:30,62390.6,62393.4,62386.7,62386.9,688
2025-03-26 13:55:00+05:30,62376.9,62382.2,62374.4,62381.3,816
2025-03-26 14:00:00+05:30,62387.0,62396.5,62384.4,62394.8,605
2025-03-26 14:05:00+05:30,62387.4,62390.0,62387.4,62387.6,546
2025-03-26 14:10:00+05:30,62385.9,62399.4,62384.0,62398.3,351
2025-03-26 14:15:00+05:30,62394.8,62398.6,62389.6,62389.9,366
2025-03-26 14:20:00+05:30,62380.4,62387.9,62380.1,62386.0,565
2025-03-26 14:25:00+05:30,62387.2,62395.4,62386.4,62387.9,597
2025-03-26 14:30:00+05:30,62390.2,62394.8,62376.1,62382.0,466
2025-03-26 14:35:00+05:30,62384.5,62387.3,62377.2,62381.1,631
2025-03-26 14:40:00+05:30,62382.4,62383.2,62378.8,62382.6,438
2025-03-26 14:45:00+05:30,62380.4,62390.3,62378.6,62384.1,495
2025-03-26 14:50:00+05:30,62384.3,62389.3,62376.0,62389.2,618
2025-03-26 14:55:00+05:30,62389.0,62397.9,62386.4,62397.1,676
2025-03-26 15:00:00+05:30,62398.6,62407.0,62398.0,62406.4,503
2025-03-26 15:05:00+05:30,62404.4,62404.9,62381.2,62387.5,2385
2025-03-26 15:10:00+05:30,62385.4,62385.9,62382.3,62383.3,605
2025-03-26 15:15:00+05:30,62384.2,62386.6,62382.2,62385.7,579
2025-03-26 15:20:00+05:30,62392.7,62398.5,62384.5,62385.0,585
2025-03-26 15:25:00+05:30,62388.4,62389.9,62379.6,62380.7,528
2025-03-26 15:30:00+05:30,62393.7,62394.8,62382.3,62385.3,693
2025-03-26 15:35:00+05:30,62380.7,62390.6,62379.1,62385.5,650
2025-03-26 15:40:00+05:30,62379.7,62381.1,62366.9,62374.8,730
2025-03-26 15:45:00+05:30,62372.2,62374.5,62368.4,62374.3,774
2025-03-26 15:50:00+05:30,62367.6,62371.4,62357.6,62362.5,368
2025-03-26 15:55:00+05:30,62360.8,62369.2,62349.1,62349.9,483
2025-03-26 16:00:00+05:30,62347.2,62355.4,62345.5,62354.9,684
2025-03-26 16:05:00+05:30,62359.5,62369.9,62359.4,62368.7,669
2025-03-26 16:10:00+05:30,62368.1,62369.6,62363.1,62366.3,699
2025-03-26 16:15:00+05:30,62363.5,62368.5,62349.9,62358.2,782
2025-03-26 16:20:00+05:30,62354.8,62363.6,62348.2,62363.1,682
2025-03-26 16:25:00+05:30,62353.7,62362.1,62351.6,62355.2,837
2025-03-26 16:30:00+05:30,62361.1,62367.0,62359.0,62365.2,482
2025-03-26 16:35:00+05:30,62348.8,62349.8,62345.7,62348.2,552
2025-03-26 16:40:00+05:30,62353.5,62356.7,62340.9,62343.9,638
2025-03-26 16:45:00+05:30,62351.7,62372.2,62345.4,62371.1,457
2025-03-26 16:50:00+05:30,62373.8,62382.1,62368.4,62378.1,439
2025-03-26 16:55:00+05:30,62380.2,62400.6,62374.0,62396.9,536
2025-03-26 17:00:00+05:30,62395.9,62397.8,62391.8,62393.4,398
2025-03-27 09:00:00+05:30,62396.2,62398.3,62376.1,62376.3,2468
2025-03-27 09:05:00+05:30,62379.2,62394.6,62375.7,62393.5,569
2025-03-27 09:10:00+05:30,62401.5,62402.4,62394.8,62394.9,351
2025-03-27 09:15:00+05:30,62399.8,62401.2,62399.8,62400.1,616
2025-03-27 09:20:00+05:30,62396.1,62396.1,62388.2,62392.0,571
2025-03-27 09:25:00+05:30,62386.2,62419.5,62385.7,62411.8,634
2025-03-27 09:30:00+05:30,62411.3,62414.6,62406.3,62413.6,684
2025-03-27 09:35:00+05:30,62415.2,62432.8,62407.0,62432.5,476
2025-03-27 09:40:00+05:30,62444.7,62452.1,62443.3,62450.0,430
2025-03-27 09:45:00+05:30,62450.8,62458.6,62442.8,62449.6,481
2025-03-27 09:50:00+05:30,62445.4,62450.5,62442.0,62446.6,499
2025-03-27 09:55:00+05:30,62450.7,62455.1,62447.0,62449.5,486
2025-03-27 10:00:00+05:30,62459.0,62469.6,62451.7,62466.3,522
2025-03-27 10:05:00+05:30,62460.7,62464.8,62453.5,62457.0,538
2025-03-27 10:10:00+05:30,62450.9,62454.5,62425.2,62436.7,587
2025-03-27 10:15:00+05:30,62431.4,62444.7,62426.7,62443.1,604
2025-03-27 10:20:00+05:30,62446.7,62452.3,62442.8,62451.2,444
2025-03-27 10:25:00+05:30,62460.0,62462.7,62455.9,62461.4,632
2025-03-27 10:30:00+05:30,62465.8,62469.7,62465.7,62466.9,587
2025-03-27 10:35:00+05:30,62461.5,62477.9,62460.0,62467.4,448
2025-03-27 10:40:00+05:30,62462.1,62472.2,62457.8,62472.1,513
2025-03-27 10:45:00+05:30,62462.3,62464.7,62461.2,62462.5,575
2025-03-27 10:50:00+05:30,62468.8,62475.3,62465.3,62473.8,369
2025-03-27 10:55:00+05:30,62465.5,62471.5,62459.9,62469.9,574
2025-03-27 11:00:00+05:30,62470.7,62472.3,62446.3,62455.7,571
2025-03-27 11:05:00+05:30,62454.9,62457.5,62444.6,62447.4,359
2025-03-27 11:10:00+05:30,62442.5,62447.4,62423.8,62429.1,467
2025-03-27 11:15:00+05:30,62427.6,62430.1,62419.3,62421.1,780
2025-03-27 11:20:00+05:30,62427.2,62436.8,62427.1,62430.1,513
2025-03-27 11:25:00+05:30,62439.1,62447.0,62438.5,62442.1,666
2025-03-27 11:30:00+05:30,62448.7,62461.2,62445.7,62458.3,481
2025-03-27 11:35:00+05:30,62463.7,62466.2,62462.9,62464.9,498
2025-03-27 11:40:00+05:30,62476.7,62478.7,62472.3,62472.9,384
2025-03-27 11:45:00+05:30,62472.4,62479.7,62455.3,62456.8,478
2025-03-27 11:50:00+05:30,62455.9,62463.4,62455.7,62461.1,648
2025-03-27 11:55:00+05:30,62464.3,62469.4,62442.7,62445.0,521
2025-03-27 12:00:00+05:30,62439.1,62441.2,62428.4,62430.7,425
2025-03-27 12:05:00+05:30,62434.1,62439.2,62430.9,62431.0,575
2025-03-27 12:10:00+05:30,62427.5,62436.3,62424.4,62431.2,496
2025-03-27 12:15:00+05:30,62433.0,62434.9,62419.8,62422.8,577
2025-03-27 12:20:00+05:30,62419.0,62434.2,62417.2,62433.9,385
2025-03-27 12:25:00+05:30,62426.4,62429.9,62421.7,62424.8,461
2025-03-27 12:30:00+05:30,62427.8,62436.5,62419.8,62433.0,430
2025-03-27 12:35:00+05:30,62435.4,62444.3,62430.6,62443.9,377
2025-03-27 12:40:00+05:30,62440.4,62440.6,62436.9,62439.8,413
2025-03-27 12:45:00+05:30,62429.6,62429.8,62425.5,62427.3,552
2025-03-27 12:50:00+05:30,62432.2,62439.5,62430.0,62438.1,505
2025-03-27 12:55:00+05:30,62449.6,62454.9,62446.2,62449.0,637
2025-03-27 13:00:00+05:30,62437.8,62449.0,62436.5,62448.0,674
2025-03-27 13:05:00+05:30,62448.7,62454.7,62443.4,62444.4,428
2025-03-27 13:10:00+05:30,62429.6,62438.8,62427.8,62433.7,503
2025-03-27 13:15:00+05:30,62446.9,62448.7,62423.9,62432.7,463
2025-03-27 13:20:00+05:30,62434.1,62443.4,62432.7,62440.7,435
2025-03-27 13:25:00+05:30,62436.1,62441.9,62418.5,62420.8,711
2025-03-27 13:30:00+05:30,62429.9,62441.2,62419.7,62440.3,389
2025-03-27 13:35:00+05:30,62450.7,62453.8,62445.4,62446.2,362
2025-03-27 13:40:00+05:30,62441.4,62466.6,62433.7,62462.9,395
2025-03-27 13:45:00+05:30,62459.4,62463.9,62459.0,62463.4,635
2025-03-27 13:50:00+05:30,62462.3,62463.0,62456.2,62456.9,508
2025-03-27 13:55:00+05:30,62448.5,62451.8,62431.3,62440.3,675
2025-03-27 14:00:00+05:30,62450.3,62461.4,62449.4,62460.1,723
2025-03-27 14:05:00+05:30,62465.9,62479.4,62465.1,62475.1,439
2025-03-27 14:10:00+05:30,62476.1,62476.7,62470.7,62472.7,381
2025-03-27 14:15:00+05:30,62473.7,62474.4,62456.1,62462.1,647
2025-03-27 14:20:00+05:30,62459.2,62462.1,62448.9,62451.5,355
2025-03-27 14:25:00+05:30,62453.6,62454.5,62443.8,62450.3,752
2025-03-27 14:30:00+05:30,62455.6,62457.5,62449.8,62454.2,542
2025-03-27 14:35:00+05:30,62446.6,62447.9,62443.3,62444.3,563
2025-03-27 14:40:00+05:30,62455.7,62459.4,62447.7,62448.7,706
2025-03-27 14:45:00+05:30,62450.7,62454.1,62446.6,62449.1,537
2025-03-27 14:50:00+05:30,62445.1,62457.1,62444.7,62451.5,483
2025-03-27 14:55:00+05:30,62456.3,62461.1,62452.1,62455.9,414
2025-03-27 15:00:00+05:30,62444.7,62445.9,62436.9,62445.6,571
2025-03-27 15:05:00+05:30,62446.1,62452.0,62438.6,62442.8,416
2025-03-27 15:10:00+05:30,62447.8,62467.4,62445.6,62465.4,548
2025-03-27 15:15:00+05:30,62461.9,62465.1,62453.4,62462.3,463
2025-03-27 15:20:00+05:30,62461.4,62469.3,62459.7,62464.9,544
2025-03-27 15:25:00+05:30,62459.7,62466.8,62454.7,62461.4,594
2025-03-27 15:30:00+05:30,62452.5,62470.7,62450.6,62469.7,1164
2025-03-27 15:35:00+05:30,62465.0,62467.7,62459.5,62467.2,599
2025-03-27 15:40:00+05:30,62458.4,62479.5,62457.8,62475.8,1480
2025-03-27 15:45:00+05:30,62479.3,62490.0,62478.7,62489.4,661
2025-03-27 15:50:00+05:30,62479.8,62487.2,62458.5,62465.3,511
2025-03-27 15:55:00+05:30,62454.7,62459.7,62438.9,62446.1,774
2025-03-27 16:00:00+05:30,62449.6,62453.1,62443.0,62452.0,808
2025-03-27 16:05:00+05:30,62453.3,62457.3,62444.7,62448.1,414
2025-03-27 16:10:00+05:30,62446.2,62447.0,62430.9,62433.8,479
2025-03-27 16:15:00+05:30,62445.2,62458.1,62436.3,62452.7,597
2025-03-27 16:20:00+05:30,62445.2,62446.1,62431.5,62436.9,436
2025-03-27 16:25:00+05:30,62440.3,62442.1,62430.6,62434.7,320
2025-03-27 16:30:00+05:30,62437.0,62442.3,62432.7,62440.3,714
2025-03-27 16:35:00+05:30,62433.6,62436.7,62429.4,62433.8,500
2025-03-27 16:40:00+05:30,62436.5,62440.9,62430.8,62433.4,493
2025-03-27 16:45:00+05:30,62434.7,62440.9,62429.3,62429.3,444
2025-03-27 16:50:00+05:30,62426.8,62427.9,62420.8,62421.1,615
2025-03-27 16:55:00+05:30,62433.6,62437.5,62433.0,62434.8,600
2025-03-27 17:00:00+05:30,62442.8,62447.9,62434.5,62434.7,420
2025-03-28 09:00:00+05:30,62437.4,62442.2,62422.8,62427.7,355
2025-03-28 09:05:00+05:30,62421.0,62426.6,62411.1,62417.5,629
2025-03-28 09:10:00+05:30,62427.6,62428.6,62423.5,62428.3,527
2025-03-28 09:15:00+05:30,62424.6,62430.0,62417.7,62421.7,615
2025-03-28 09:20:00+05:30,62423.5,62423.9,62418.9,62423.4,231
2025-03-28 09:25:00+05:30,62423.5,62423.6,62409.5,62410.8,817
2025-03-28 09:30:00+05:30,62410.3,62412.1,62402.7,62403.1,518
2025-03-28 09:35:00+05:30,62394.2,62403.5,62390.9,62402.5,502
2025-03-28 09:40:00+05:30,62402.5,62404.6,62395.1,62399.3,539
2025-03-28 09:45:00+05:30,62404.1,62406.1,62386.1,62386.9,117
2025-03-28 09:50:00+05:30,62394.9,62397.5,62394.3,62396.1,656
2025-03-28 09:55:00+05:30,62390.8,62395.5,62385.1,62386.9,635
2025-03-28 10:00:00+05:30,62378.8,62383.9,62376.6,62382.3,413
2025-03-28 10:05:00+05:30,62376.8,62380.6,62359.5,62367.5,422
2025-03-28 10:10:00+05:30,62354.3,62360.8,62347.0,62354.9,315
2025-03-28 10:15:00+05:30,62350.6,62359.8,62348.7,62359.5,285
2025-03-28 10:20:00+05:30,62371.8,62374.2,62362.0,62366.2,585
2025-03-28 10:25:00+05:30,62363.5,62367.3,62357.6,62358.7,565
2025-03-28 10:30:00+05:30,62366.5,62375.7,62350.3,62360.7,468
2025-03-28 10:35:00+05:30,62356.0,62356.6,62337.1,62345.1,410
2025-03-28 10:40:00+05:30,62347.8,62356.8,62346.3,62349.8,214
2025-03-28 10:45:00+05:30,62343.0,62359.7,62335.6,62358.4,565
2025-03-28 10:50:00+05:30,62351.9,62359.7,62345.6,62354.7,457
2025-03-28 10:55:00+05:30,62346.1,62352.7,62341.1,62343.4,360
2025-03-28 11:00:00+05:30,62340.1,62346.6,62333.5,62335.1,502
2025-03-28 11:05:00+05:30,62339.0,62344.6,62336.2,62342.2,551
2025-03-28 11:10:00+05:30,62339.4,62340.8,62319.9,62326.4,550
2025-03-28 11:15:00+05:30,62329.5,62333.2,62324.3,62332.3,600
2025-03-28 11:20:00+05:30,62330.1,62339.2,62329.7,62337.7,457
2025-03-28 11:25:00+05:30,62338.4,62340.4,62334.8,62340.1,256
2025-03-28 11:30:00+05:30,62346.4,62350.4,62342.7,62349.1,150
2025-03-28 11:35:00+05:30,62337.7,62344.4,62335.3,62339.2,375
2025-03-28 11:40:00+05:30,62339.5,62343.5,62335.5,62339.2,767
2025-03-28 11:45:00+05:30,62338.5,62340.6,62335.4,62337.5,557
2025-03-28 11:50:00+05:30,62330.5,62337.9,62329.1,62333.5,417
2025-03-28 11:55:00+05:30,62337.8,62342.3,62336.3,62341.2,409
2025-03-28 12:00:00+05:30,62331.9,62337.1,62330.1,62336.7,343
2025-03-28 12:05:00+05:30,62337.1,62350.8,62334.2,62347.4,503
2025-03-28 12:10:00+05:30,62331.7,62347.0,62327.5,62345.5,363
2025-03-28 12:15:00+05:30,62342.2,62344.9,62340.2,62344.2,383
2025-03-28 12:20:00+05:30,62339.2,62356.2,62335.9,62350.9,392
2025-03-28 12:25:00+05:30,62355.5,62358.8,62346.6,62348.7,475
2025-03-28 12:30:00+05:30,62336.3,62337.5,62330.1,62336.8,616
2025-03-28 12:35:00+05:30,62329.4,62331.2,62322.1,62325.3,536
2025-03-28 12:40:00+05:30,62313.6,62315.3,62308.8,62309.4,647
2025-03-28 12:45:00+05:30,62318.8,62325.1,62316.4,62317.7,391
2025-03-28 12:50:00+05:30,62325.4,62327.5,62322.9,62326.7,337
2025-03-28 12:55:00+05:30,62322.9,62336.3,62320.1,62334.7,198
2025-03-28 13:00:00+05:30,62333.6,62334.0,62316.0,62322.1,516
2025-03-28 13:05:00+05:30,62311.4,62312.0,62303.2,62311.1,552
2025-03-28 13:10:00+05:30,62323.3,62330.8,62321.2,62327.3,597
2025-03-28 13:15:00+05:30,62332.4,62338.3,62310.3,62313.5,137
2025-03-28 13:20:00+05:30,62301.6,62304.3,62296.2,62296.7,593
2025-03-28 13:25:00+05:30,62296.5,62299.7,62279.2,62285.6,1583
2025-03-28 13:30:00+05:30,62294.6,62295.5,62281.1,62287.3,425
2025-03-28 13:35:00+05:30,62278.8,62290.5,62274.7,62290.0,320
2025-03-28 13:40:00+05:30,62286.5,62288.2,62278.3,62278.5,461
2025-03-28 13:45:00+05:30,62279.9,62286.2,62271.6,62285.1,384
2025-03-28 13:50:00+05:30,62281.5,62288.2,62268.9,62270.1,582
2025-03-28 13:55:00+05:30,62264.8,62267.9,62262.5,62267.9,289
2025-03-28 14:00:00+05:30,62271.8,62275.9,62267.6,62275.8,480
2025-03-28 14:05:00+05:30,62267.9,62269.3,62265.2,62265.5,207
2025-03-28 14:10:00+05:30,62261.2,62276.1,62260.7,62265.7,299
2025-03-28 14:15:00+05:30,62265.8,62276.8,62260.2,62271.8,507
2025-03-28 14:20:00+05:30,62280.7,62280.9,62277.0,62277.9,187
2025-03-28 14:25:00+05:30,62282.0,62286.0,62261.8,62263.0,561
2025-03-28 14:30:00+05:30,62254.9,62258.7,62250.0,62255.1,547
2025-03-28 14:35:00+05:30,62264.1,62267.9,62258.4,62260.9,342
2025-03-28 14:40:00+05:30,62264.1,62266.0,62257.5,62263.1,555
2025-03-28 14:45:00+05:30,62266.8,62275.0,62265.8,62270.7,401
2025-03-28 14:50:00+05:30,62267.4,62273.4,62266.1,62270.1,619
2025-03-28 14:55:00+05:30,62262.3,62267.9,62253.6,62258.9,453
2025-03-28 15:00:00+05:30,62255.6,62259.6,62238.8,62246.1,263
2025-03-28 15:05:00+05:30,62244.7,62262.1,62243.8,62254.8,394
2025-03-28 15:10:00+05:30,62255.2,62255.8,62248.9,62255.3,422
2025-03-28 15:15:00+05:30,62259.1,62270.3,62256.3,62266.2,483
2025-03-28 15:20:00+05:30,62264.9,62284.9,62263.5,62283.3,497
2025-03-28 15:25:00+05:30,62284.1,62285.8,62280.3,62280.6,677
2025-03-28 15:30:00+05:30,62279.2,62293.0,62272.4,62287.5,324
2025-03-28 15:35:00+05:30,62296.2,62297.9,62291.5,62292.0,517
2025-03-28 15:40:00+05:30,62291.3,62295.9,62284.6,62288.8,458
2025-03-28 15:45:00+05:30,62284.2,62287.5,62279.0,62284.9,430
2025-03-28 15:50:00+05:30,62274.7,62279.7,62274.2,62277.3,378
2025-03-28 15:55:00+05:30,62281.8,62284.6,62270.8,62272.1,411
2025-03-28 16:00:00+05:30,62272.4,62287.1,62268.7,62285.7,390
2025-03-28 16:05:00+05:30,62274.4,62274.8,62260.0,62265.1,562
2025-03-28 16:10:00+05:30,62260.3,62270.6,62252.1,62252.8,539
2025-03-28 16:15:00+05:30,62245.2,62246.5,62235.3,62238.4,421
2025-03-28 16:20:00+05:30,62237.9,62243.6,62235.2,62239.8,292
2025-03-28 16:25:00+05:30,62238.1,62240.0,62205.4,62209.3,345
2025-03-28 16:30:00+05:30,62208.0,62215.8,62190.3,62191.1,467
2025-03-28 16:35:00+05:30,62189.3,62194.8,62182.5,62190.6,543
2025-03-28 16:40:00+05:30,62189.8,62193.9,62181.2,62183.7,395
2025-03-28 16:45:00+05:30,62174.2,62175.4,62169.5,62174.4,562
2025-03-28 16:50:00+05:30,62174.0,62178.2,62164.5,62164.7,515
2025-03-28 16:55:00+05:30,62161.3,62171.2,62152.3,62154.7,409
2025-03-28 17:00:00+05:30,62152.9,62157.7,62152.8,62155.5,410
2025-03-31 09:00:00+05:30,62170.9,62175.4,62168.6,62172.9,525
2025-03-31 09:05:00+05:30,62176.6,62190.7,62176.5,62181.7,583
2025-03-31 09:10:00+05:30,62187.8,62196.8,62187.7,62195.5,663
2025-03-31 09:15:00+05:30,62187.8,62188.9,62175.3,62175.7,858
2025-03-31 09:20:00+05:30,62176.0,62178.5,62171.7,62172.8,485
2025-03-31 09:25:00+05:30,62170.4,62171.3,62163.1,62163.6,501
2025-03-31 09:30:00+05:30,62170.6,62171.6,62154.6,62155.4,1725
2025-03-31 09:35:00+05:30,62156.0,62156.3,62153.8,62155.4,605
2025-03-31 09:40:00+05:30,62148.9,62151.6,62136.6,62141.8,358
2025-03-31 09:45:00+05:30,62149.4,62155.8,62142.6,62153.9,585
2025-03-31 09:50:00+05:30,62153.4,62162.5,62141.0,62147.0,411
2025-03-31 09:55:00+05:30,62146.2,62148.1,62139.5,62142.4,607
2025-03-31 10:00:00+05:30,62134.2,62140.3,62129.5,62136.0,596
2025-03-31 10:05:00+05:30,62138.3,62147.1,62135.3,62141.3,596
2025-03-31 10:10:00+05:30,62140.5,62148.0,62132.1,62146.7,740
2025-03-31 10:15:00+05:30,62145.3,62147.7,62143.3,62143.8,644
2025-03-31 10:20:00+05:30,62147.7,62157.4,62147.2,62155.2,625
2025-03-31 10:25:00+05:30,62154.8,62163.5,62153.6,62155.0,441
2025-03-31 10:30:00+05:30,62157.4,62161.8,62151.2,62152.2,554
2025-03-31 10:35:00+05:30,62151.6,62151.9,62148.5,62150.4,350
2025-03-31 10:40:00+05:30,62147.5,62167.6,62147.5,62158.1,567
2025-03-31 10:45:00+05:30,62163.5,62168.3,62158.6,62167.1,799
2025-03-31 10:50:00+05:30,62168.9,62177.0,62165.6,62176.8,405
2025-03-31 10:55:00+05:30,62169.2,62171.8,62161.0,62162.8,531
2025-03-31 11:00:00+05:30,62155.7,62155.8,62143.3,62145.5,562
2025-03-31 11:05:00+05:30,62155.3,62162.6,62153.5,62155.2,644
2025-03-31 11:10:00+05:30,62159.5,62163.8,62151.6,62153.1,598
2025-03-31 11:15:00+05:30,62159.9,62168.6,62151.6,62163.1,662
2025-03-31 11:20:00+05:30,62156.3,62167.9,62153.1,62163.8,690
2025-03-31 11:25:00+05:30,62159.4,62163.4,62154.7,62155.7,606
2025-03-31 11:30:00+05:30,62150.7,62161.3,62147.3,62157.4,383
2025-03-31 11:35:00+05:30,62154.2,62161.8,62149.2,62159.0,662
2025-03-31 11:40:00+05:30,62157.2,62163.7,62147.2,62151.8,613
2025-03-31 11:45:00+05:30,62158.4,62179.5,62157.8,62177.0,515
2025-03-31 11:50:00+05:30,62175.5,62184.3,62166.5,62182.7,299
2025-03-31 11:55:00+05:30,62182.6,62183.8,62182.0,62182.3,588
2025-03-31 12:00:00+05:30,62192.8,62200.2,62160.4,62170.6,351
2025-03-31 12:05:00+05:30,62178.9,62192.9,62177.4,62186.2,318
2025-03-31 12:10:00+05:30,62190.0,62207.9,62185.2,62201.8,563
2025-03-31 12:15:00+05:30,62211.4,62213.1,62194.1,62205.6,495
2025-03-31 12:20:00+05:30,62202.9,62210.2,62199.6,62206.7,517
2025-03-31 12:25:00+05:30,62204.9,62216.7,62202.5,62209.1,443
2025-03-31 12:30:00+05:30,62204.0,62208.2,62190.6,62190.9,583
2025-03-31 12:35:00+05:30,62187.4,62187.5,62175.5,62176.1,578
2025-03-31 12:40:00+05:30,62170.9,62172.4,62167.1,62169.4,449
2025-03-31 12:45:00+05:30,62165.5,62168.9,62140.4,62141.3,1772
2025-03-31 12:50:00+05:30,62148.2,62152.8,62143.3,62152.5,791
2025-03-31 12:55:00+05:30,62150.2,62150.7,62147.9,62150.5,617
2025-03-31 13:00:00+05:30,62150.6,62157.6,62144.8,62155.0,559
2025-03-31 13:05:00+05:30,62146.6,62155.4,62144.1,62151.9,670
2025-03-31 13:10:00+05:30,62167.4,62174.4,62165.4,62171.6,533
2025-03-31 13:15:00+05:30,62169.8,62173.9,62169.5,62173.1,687
2025-03-31 13:20:00+05:30,62173.6,62179.0,62164.7,62168.0,487
2025-03-31 13:25:00+05:30,62170.1,62176.0,62163.7,62174.4,517
2025-03-31 13:30:00+05:30,62172.3,62185.8,62167.5,62172.7,550
2025-03-31 13:35:00+05:30,62167.0,62176.6,62164.4,62173.0,399
2025-03-31 13:40:00+05:30,62174.9,62181.7,62174.4,62179.5,564
2025-03-31 13:45:00+05:30,62187.4,62205.4,62180.2,62200.2,683
2025-03-31 13:50:00+05:30,62209.4,62218.9,62194.5,62198.4,668
2025-03-31 13:55:00+05:30,62201.2,62205.0,62183.3,62184.8,638
2025-03-31 14:00:00+05:30,62185.2,62192.3,62172.0,62173.5,656
2025-03-31 14:05:00+05:30,62166.5,62168.7,62165.5,62167.6,673
2025-03-31 14:10:00+05:30,62167.9,62177.2,62162.3,62164.9,651
2025-03-31 14:15:00+05:30,62159.4,62164.1,62151.4,62160.2,467
2025-03-31 14:20:00+05:30,62157.1,62157.1,62149.9,62154.7,604
2025-03-31 14:25:00+05:30,62162.7,62166.3,62157.9,62160.6,520
2025-03-31 14:30:00+05:30,62158.6,62161.9,62145.2,62148.5,499
2025-03-31 14:35:00+05:30,62151.7,62159.0,62147.1,62153.1,609
2025-03-31 14:40:00+05:30,62154.7,62156.7,62150.0,62150.9,411
2025-03-31 14:45:00+05:30,62142.5,62143.2,62131.8,62134.1,603
2025-03-31 14:50:00+05:30,62122.9,62130.5,62119.0,62122.8,432
2025-03-31 14:55:00+05:30,62117.0,62123.7,62116.4,62120.7,584
2025-03-31 15:00:00+05:30,62126.9,62136.8,62124.4,62132.7,639
2025-03-31 15:05:00+05:30,62138.6,62142.0,62137.4,62139.5,653
2025-03-31 15:10:00+05:30,62130.1,62143.4,62129.6,62138.0,659
2025-03-31 15:15:00+05:30,62134.3,62141.9,62128.2,62134.9,580
2025-03-31 15:20:00+05:30,62132.9,62138.0,62128.7,62129.6,560
2025-03-31 15:25:00+05:30,62126.6,62129.9,62124.6,62125.0,330
2025-03-31 15:30:00+05:30,62130.5,62130.9,62117.4,62125.1,637
2025-03-31 15:35:00+05:30,62133.7,62136.4,62132.5,62134.9,671
2025-03-31 15:40:00+05:30,62126.0,62134.2,62118.8,62128.6,518
2025-03-31 15:45:00+05:30,62124.6,62129.1,62121.9,62127.3,616
2025-03-31 15:50:00+05:30,62134.3,62135.2,62131.3,62134.9,839
2025-03-31 15:55:00+05:30,62139.2,62149.4,62137.8,62148.2,244
2025-03-31 16:00:00+05:30,62161.2,62171.3,62154.9,62170.5,638
2025-03-31 16:05:00+05:30,62174.7,62176.7,62162.3,62165.8,793
2025-03-31 16:10:00+05:30,62159.8,62173.0,62155.0,62168.0,593
2025-03-31 16:15:00+05:30,62162.9,62163.3,62158.0,62159.9,349
2025-03-31 16:20:00+05:30,62161.0,62164.6,62155.0,62164.0,501
2025-03-31 16:25:00+05:30,62174.0,62174.6,62156.1,62156.4,548
2025-03-31 16:30:00+05:30,62149.3,62162.5,62147.6,62156.9,450
2025-03-31 16:35:00+05:30,62150.8,62154.5,62132.5,62136.5,224
2025-03-31 16:40:00+05:30,62137.3,62139.6,62120.1,62125.7,1523
2025-03-31 16:45:00+05:30,62124.6,62132.4,62123.2,62131.1,712
2025-03-31 16:50:00+05:30,62141.5,62159.8,62136.8,62159.5,499
2025-03-31 16:55:00+05:30,62168.2,62169.2,62156.6,62159.8,544
2025-03-31 17:00:00+05:30,62162.1,62180.2,62160.3,62178.3,490
